/* GENERATED by platform/pc/tools/gen_unit_anim_data.py (region 'us', from SLUS_004.47): the
 * three-level gUnitAnimSets table, relocated onto a local blob. Do not hand-edit; rerun the
 * generator. See docs/pc-port/data-segment.md, "pc_unit_anim_data.c". */
#include "graphics.h"


static const u8 sUnitAnimDataBlob[11564] = {
    0x90, 0x46, 0x1e, 0x80, 0x07, 0x03, 0x3b, 0x00, 0x10, 0x08, 0x01, 0x3b, 0x00, 0x18, 0x08, 0x01, 0x3b, 0x00, 0x1e, 0x08,
    0x01, 0x3b, 0x00, 0x22, 0x08, 0x01, 0x3b, 0x00, 0x24, 0x08, 0x01, 0x3b, 0x00, 0x22, 0x08, 0x01, 0x3b, 0x00, 0x1e, 0x08,
    0x01, 0x3b, 0x00, 0x18, 0x08, 0x01, 0x3b, 0x00, 0x10, 0x08, 0x01, 0x3b, 0x00, 0x00, 0x07, 0x04, 0x00, 0x00, 0x00, 0x00,
    0x09, 0x03, 0x3b, 0x00, 0x10, 0x0a, 0x01, 0x3b, 0x00, 0x18, 0x0a, 0x01, 0x3b, 0x00, 0x1e, 0x0a, 0x01, 0x3b, 0x00, 0x22,
    0x0a, 0x01, 0x3b, 0x00, 0x24, 0x0a, 0x01, 0x3b, 0x00, 0x22, 0x0a, 0x01, 0x3b, 0x00, 0x1e, 0x0a, 0x01, 0x3b, 0x00, 0x18,
    0x0a, 0x01, 0x3b, 0x00, 0x10, 0x0a, 0x01, 0x3b, 0x00, 0x00, 0x09, 0x04, 0x00, 0x00, 0x00, 0x00, 0x23, 0x03, 0x3b, 0x00,
    0x10, 0x24, 0x01, 0x3b, 0x00, 0x18, 0x25, 0x01, 0x3b, 0x00, 0x1e, 0x24, 0x01, 0x3b, 0x00, 0x22, 0x23, 0x01, 0x3b, 0x00,
    0x24, 0x24, 0x01, 0x3b, 0x00, 0x22, 0x25, 0x01, 0x3b, 0x00, 0x1e, 0x24, 0x01, 0x3b, 0x00, 0x18, 0x23, 0x01, 0x3b, 0x00,
    0x10, 0x24, 0x01, 0x3b, 0x00, 0x00, 0x25, 0x04, 0x00, 0x00, 0x00, 0x00, 0x26, 0x03, 0x3b, 0x00, 0x10, 0x27, 0x01, 0x3b,
    0x00, 0x18, 0x28, 0x01, 0x3b, 0x00, 0x1e, 0x27, 0x01, 0x3b, 0x00, 0x22, 0x26, 0x01, 0x3b, 0x00, 0x24, 0x27, 0x01, 0x3b,
    0x00, 0x22, 0x28, 0x01, 0x3b, 0x00, 0x1e, 0x27, 0x01, 0x3b, 0x00, 0x18, 0x26, 0x01, 0x3b, 0x00, 0x10, 0x27, 0x01, 0x3b,
    0x00, 0x00, 0x28, 0x04, 0x00, 0x00, 0x00, 0x00, 0x2b, 0x01, 0x00, 0x00, 0x2c, 0x01, 0x00, 0x00, 0x23, 0x01, 0x00, 0x00,
    0x26, 0x01, 0x00, 0x00, 0x23, 0x03, 0x24, 0x03, 0x25, 0x03, 0x24, 0x03, 0x00, 0x01, 0x00, 0x00, 0x26, 0x03, 0x27, 0x03,
    0x28, 0x03, 0x27, 0x03, 0x00, 0x01, 0x00, 0x00, 0x23, 0x02, 0x24, 0x02, 0x25, 0x02, 0x24, 0x02, 0x00, 0x01, 0x00, 0x00,
    0x26, 0x02, 0x27, 0x02, 0x28, 0x02, 0x27, 0x02, 0x00, 0x01, 0x00, 0x00, 0x26, 0x01, 0x27, 0x01, 0x28, 0x01, 0x27, 0x01,
    0x00, 0x01, 0x00, 0x00, 0x23, 0x01, 0x24, 0x01, 0x25, 0x01, 0x24, 0x01, 0x00, 0x01, 0x00, 0x00, 0x23, 0x04, 0x24, 0x04,
    0x25, 0x04, 0x24, 0x04, 0x00, 0x01, 0x00, 0x00, 0x26, 0x04, 0x27, 0x04, 0x28, 0x04, 0x27, 0x04, 0x00, 0x01, 0x00, 0x00,
    0x3c, 0xef, 0x00, 0x29, 0x01, 0x3c, 0xfb, 0x00, 0x29, 0x01, 0x3c, 0x07, 0x00, 0x29, 0x01, 0x3c, 0xfb, 0x00, 0x29, 0x01,
    0x3c, 0xf3, 0x00, 0x29, 0x01, 0x3c, 0xfb, 0x00, 0x29, 0x01, 0x3c, 0x03, 0x00, 0x29, 0x01, 0x3c, 0xfb, 0x00, 0x29, 0x01,
    0x3c, 0xf7, 0x00, 0x29, 0x01, 0x3c, 0xfb, 0x00, 0x29, 0x01, 0x3c, 0xff, 0x00, 0x29, 0x01, 0x3c, 0xfb, 0x00, 0x29, 0x18,
    0x00, 0x00, 0x00, 0x00, 0x3c, 0xef, 0x00, 0x2a, 0x01, 0x3c, 0xfb, 0x00, 0x2a, 0x01, 0x3c, 0x07, 0x00, 0x2a, 0x01, 0x3c,
    0xfb, 0x00, 0x2a, 0x01, 0x3c, 0xf3, 0x00, 0x2a, 0x01, 0x3c, 0xfb, 0x00, 0x2a, 0x01, 0x3c, 0x03, 0x00, 0x2a, 0x01, 0x3c,
    0xfb, 0x00, 0x2a, 0x01, 0x3c, 0xf7, 0x00, 0x2a, 0x01, 0x3c, 0xfb, 0x00, 0x2a, 0x01, 0x3c, 0xff, 0x00, 0x2a, 0x01, 0x3c,
    0xfb, 0x00, 0x2a, 0x18, 0x00, 0x00, 0x00, 0x00, 0x3c, 0xfb, 0x00, 0x2b, 0x01, 0x3c, 0xf7, 0x00, 0x2b, 0x01, 0x3c, 0xf4,
    0x00, 0x2b, 0x01, 0x3c, 0xf2, 0x00, 0x2b, 0x02, 0x3c, 0xf1, 0x00, 0x2b, 0x1e, 0x3c, 0xf7, 0x00, 0x24, 0x01, 0x3c, 0xfb,
    0x00, 0x25, 0x01, 0x3c, 0xfe, 0x00, 0x24, 0x01, 0x00, 0x00, 0x00, 0x00, 0x3c, 0xfb, 0x00, 0x2c, 0x01, 0x3c, 0xf7, 0x00,
    0x2c, 0x01, 0x3c, 0xf4, 0x00, 0x2c, 0x01, 0x3c, 0xf2, 0x00, 0x2c, 0x02, 0x3c, 0xf1, 0x00, 0x2c, 0x1e, 0x3c, 0xf7, 0x00,
    0x27, 0x01, 0x3c, 0xfb, 0x00, 0x28, 0x01, 0x3c, 0xfe, 0x00, 0x27, 0x01, 0x00, 0x00, 0x00, 0x00, 0x01, 0x02, 0x02, 0x02,
    0x03, 0x02, 0x02, 0x02, 0x00, 0x01, 0x00, 0x00, 0x04, 0x02, 0x05, 0x02, 0x06, 0x02, 0x05, 0x02, 0x00, 0x01, 0x00, 0x00,
    0x01, 0x01, 0x02, 0x01, 0x03, 0x01, 0x02, 0x01, 0x00, 0x01, 0x00, 0x00, 0x04, 0x01, 0x05, 0x01, 0x06, 0x01, 0x05, 0x01,
    0x00, 0x01, 0x00, 0x00, 0x07, 0x01, 0x08, 0x01, 0x00, 0x00, 0x00, 0x00, 0x09, 0x01, 0x0a, 0x01, 0x00, 0x00, 0x00, 0x00,
    0x07, 0x02, 0x00, 0x00, 0x09, 0x02, 0x00, 0x00, 0x23, 0x0a, 0x24, 0x0a, 0x25, 0x0a, 0x24, 0x0a, 0x00, 0x00, 0x00, 0x00,
    0x26, 0x0a, 0x27, 0x0a, 0x28, 0x0a, 0x27, 0x0a, 0x00, 0x00, 0x00, 0x00, 0x23, 0x03, 0x24, 0x03, 0x25, 0x03, 0x24, 0x03,
    0x00, 0x00, 0x00, 0x00, 0x26, 0x03, 0x27, 0x03, 0x28, 0x03, 0x27, 0x03, 0x00, 0x00, 0x00, 0x00, 0x23, 0x03, 0x24, 0x03,
    0x25, 0x03, 0x24, 0x03, 0x23, 0x03, 0x24, 0x03, 0x25, 0x03, 0x24, 0x03, 0x23, 0x03, 0x24, 0x03, 0x25, 0x03, 0x24, 0x03,
    0x23, 0x03, 0x24, 0x03, 0x25, 0x03, 0x24, 0x03, 0x00, 0x00, 0x00, 0x00, 0x26, 0x03, 0x27, 0x03, 0x28, 0x03, 0x27, 0x03,
    0x26, 0x03, 0x27, 0x03, 0x28, 0x03, 0x27, 0x03, 0x26, 0x03, 0x27, 0x03, 0x28, 0x03, 0x27, 0x03, 0x26, 0x03, 0x27, 0x03,
    0x28, 0x03, 0x27, 0x03, 0x00, 0x00, 0x00, 0x00, 0x3c, 0xfb, 0x00, 0x29, 0x23, 0x00, 0x00, 0x00, 0x3c, 0xfb, 0x00, 0x2a,
    0x23, 0x00, 0x00, 0x00, 0x01, 0x01, 0x02, 0x01, 0x13, 0x14, 0x00, 0x00, 0x04, 0x01, 0x05, 0x01, 0x14, 0x14, 0x00, 0x00,
    0x01, 0x01, 0x02, 0x01, 0x0f, 0x14, 0x00, 0x00, 0x04, 0x01, 0x05, 0x01, 0x10, 0x14, 0x00, 0x00, 0x01, 0x01, 0x02, 0x01,
    0x0b, 0x14, 0x00, 0x00, 0x04, 0x01, 0x05, 0x01, 0x0c, 0x14, 0x00, 0x00, 0x3c, 0xf9, 0x00, 0x01, 0x01, 0x3c, 0xf2, 0x00,
    0x01, 0x01, 0x3c, 0xec, 0x00, 0x01, 0x08, 0x3c, 0xf6, 0x00, 0x02, 0x01, 0x3c, 0x00, 0x00, 0x03, 0x01, 0x3c, 0x0a, 0x00,
    0x02, 0x14, 0x00, 0x00, 0x3c, 0xf9, 0x00, 0x04, 0x01, 0x3c, 0xf2, 0x00, 0x04, 0x01, 0x3c, 0xec, 0x00, 0x04, 0x08, 0x3c,
    0xf6, 0x00, 0x05, 0x01, 0x3c, 0x00, 0x00, 0x06, 0x01, 0x3c, 0x0a, 0x00, 0x05, 0x14, 0x00, 0x00, 0x0b, 0x0a, 0x0c, 0x01,
    0x15, 0x05, 0x0d, 0x0a, 0x0e, 0x01, 0x16, 0x01, 0x00, 0x00, 0x00, 0x00, 0x0f, 0x0a, 0x10, 0x01, 0x18, 0x05, 0x11, 0x0a,
    0x12, 0x01, 0x19, 0x01, 0x00, 0x00, 0x00, 0x00, 0x17, 0x0f, 0x00, 0x00, 0x1a, 0x0f, 0x00, 0x00, 0x1f, 0x02, 0x20, 0x02,
    0x1f, 0x02, 0x20, 0x02, 0x1f, 0x02, 0x20, 0x02, 0x1f, 0x02, 0x20, 0x02, 0x1f, 0x02, 0x20, 0x02, 0x1f, 0x0a, 0x1b, 0x01,
    0x1c, 0x09, 0x00, 0x00, 0x21, 0x02, 0x22, 0x02, 0x21, 0x02, 0x22, 0x02, 0x21, 0x02, 0x22, 0x02, 0x21, 0x02, 0x22, 0x02,
    0x21, 0x02, 0x22, 0x02, 0x21, 0x0a, 0x1d, 0x01, 0x1e, 0x09, 0x00, 0x00, 0x0b, 0x01, 0x0c, 0x01, 0x0d, 0x01, 0x0e, 0x01,
    0x3b, 0x05, 0x00, 0x15, 0x01, 0x16, 0x01, 0x17, 0x01, 0x00, 0x00, 0x00, 0x0f, 0x01, 0x10, 0x01, 0x11, 0x01, 0x12, 0x01,
    0x3b, 0x05, 0x00, 0x18, 0x01, 0x19, 0x01, 0x1a, 0x01, 0x00, 0x00, 0x00, 0x3b, 0x05, 0x00, 0x16, 0x01, 0x17, 0x01, 0x16,
    0x01, 0x17, 0x14, 0x00, 0x00, 0x00, 0x00, 0x00, 0x3b, 0x05, 0x00, 0x19, 0x01, 0x1a, 0x01, 0x19, 0x01, 0x1a, 0x14, 0x00,
    0x00, 0x00, 0x00, 0x00, 0x0b, 0x0a, 0x0c, 0x03, 0x0d, 0x0f, 0x00, 0x00, 0x10, 0x0a, 0x11, 0x03, 0x12, 0x0f, 0x00, 0x00,
    0x0e, 0x01, 0x0f, 0x0a, 0x00, 0x00, 0x00, 0x00, 0x1f, 0x01, 0x20, 0x0a, 0x00, 0x00, 0x00, 0x00, 0x21, 0x0a, 0x22, 0x03,
    0x1a, 0x0f, 0x00, 0x00, 0x15, 0x0a, 0x16, 0x03, 0x17, 0x0f, 0x00, 0x00, 0x1b, 0x01, 0x1c, 0x0a, 0x00, 0x00, 0x00, 0x00,
    0x18, 0x01, 0x19, 0x0a, 0x00, 0x00, 0x00, 0x00, 0x0b, 0x01, 0x0c, 0x01, 0x0b, 0x01, 0x0c, 0x01, 0x0b, 0x01, 0x0c, 0x01,
    0x0b, 0x01, 0x0c, 0x01, 0x0b, 0x01, 0x0c, 0x01, 0x0b, 0x01, 0x0c, 0x01, 0x0b, 0x01, 0x0c, 0x01, 0x15, 0x01, 0x16, 0x01,
    0x17, 0x01, 0x00, 0x00, 0x0e, 0x01, 0x0f, 0x01, 0x0e, 0x01, 0x0f, 0x01, 0x0e, 0x01, 0x0f, 0x01, 0x0e, 0x01, 0x0f, 0x01,
    0x0e, 0x01, 0x0f, 0x01, 0x0e, 0x01, 0x0f, 0x01, 0x0e, 0x01, 0x0f, 0x01, 0x10, 0x01, 0x18, 0x01, 0x19, 0x01, 0x00, 0x00,
    0x17, 0x14, 0x15, 0x01, 0x00, 0x00, 0x00, 0x00, 0x19, 0x14, 0x10, 0x01, 0x00, 0x00, 0x00, 0x00, 0x11, 0x01, 0x0d, 0x1e,
    0x11, 0x01, 0x12, 0x0a, 0x00, 0x00, 0x00, 0x00, 0x21, 0x01, 0x1f, 0x02, 0x20, 0x02, 0x1f, 0x02, 0x20, 0x02, 0x1f, 0x02,
    0x20, 0x02, 0x1f, 0x02, 0x20, 0x02, 0x1f, 0x02, 0x20, 0x02, 0x21, 0x01, 0x22, 0x0a, 0x00, 0x00, 0x15, 0x01, 0x0b, 0x01,
    0x0c, 0x01, 0x0b, 0x01, 0x0c, 0x01, 0x0b, 0x01, 0x0c, 0x01, 0x0b, 0x01, 0x0c, 0x01, 0x0b, 0x01, 0x0c, 0x06, 0x15, 0x01,
    0x16, 0x01, 0x17, 0x01, 0x00, 0x00, 0x00, 0x00, 0x18, 0x01, 0x0e, 0x01, 0x0f, 0x01, 0x0e, 0x01, 0x0f, 0x01, 0x0e, 0x01,
    0x0f, 0x01, 0x0e, 0x01, 0x0f, 0x01, 0x0e, 0x01, 0x0f, 0x06, 0x18, 0x01, 0x19, 0x01, 0x1a, 0x01, 0x00, 0x00, 0x00, 0x00,
    0x0d, 0x19, 0x00, 0x00, 0x10, 0x19, 0x00, 0x00, 0x1b, 0x02, 0x11, 0x02, 0x12, 0x02, 0x11, 0x02, 0x12, 0x02, 0x11, 0x02,
    0x12, 0x02, 0x11, 0x02, 0x12, 0x02, 0x11, 0x02, 0x12, 0x02, 0x1b, 0x01, 0x1c, 0x14, 0x00, 0x00, 0x21, 0x02, 0x1f, 0x02,
    0x20, 0x02, 0x1f, 0x02, 0x20, 0x02, 0x1f, 0x02, 0x20, 0x02, 0x1f, 0x02, 0x20, 0x02, 0x1f, 0x02, 0x20, 0x02, 0x21, 0x01,
    0x22, 0x14, 0x00, 0x00, 0x0b, 0x01, 0x0c, 0x01, 0x0b, 0x01, 0x0c, 0x01, 0x0b, 0x01, 0x0c, 0x01, 0x0b, 0x01, 0x0c, 0x01,
    0x0b, 0x01, 0x0c, 0x01, 0x0b, 0x01, 0x0c, 0x01, 0x0b, 0x01, 0x0c, 0x01, 0x16, 0x02, 0x15, 0x14, 0x16, 0x01, 0x17, 0x01,
    0x18, 0x01, 0x00, 0x00, 0x0d, 0x01, 0x0e, 0x01, 0x0d, 0x01, 0x0e, 0x01, 0x0d, 0x01, 0x0e, 0x01, 0x0d, 0x01, 0x0e, 0x01,
    0x0d, 0x01, 0x0e, 0x01, 0x0d, 0x01, 0x0e, 0x01, 0x0d, 0x01, 0x0e, 0x01, 0x1b, 0x02, 0x1a, 0x14, 0x1b, 0x01, 0x1c, 0x01,
    0x1d, 0x01, 0x00, 0x00, 0x19, 0x1e, 0x00, 0x00, 0x1e, 0x1e, 0x00, 0x00, 0x3b, 0x05, 0x00, 0x32, 0x02, 0x33, 0x02, 0x34,
    0x02, 0x35, 0x02, 0x37, 0x02, 0x38, 0x02, 0x00, 0x00, 0x00, 0x00, 0x00, 0x15, 0x02, 0x16, 0x02, 0x17, 0x02, 0x18, 0x02,
    0x19, 0x02, 0x1a, 0x02, 0x00, 0x00, 0x00, 0x00, 0x3b, 0x05, 0x00, 0x39, 0x02, 0x32, 0x14, 0x00, 0x00, 0x00, 0x00, 0x00,
    0x1e, 0x02, 0x15, 0x14, 0x00, 0x00, 0x00, 0x00, 0x0b, 0x02, 0x0c, 0x02, 0x12, 0x02, 0x0c, 0x1e, 0x3b, 0x05, 0x00, 0x1a,
    0x02, 0x1b, 0x01, 0x00, 0x00, 0x00, 0x00, 0x00, 0x0b, 0x02, 0x0c, 0x02, 0x12, 0x02, 0x0c, 0x14, 0x3b, 0x05, 0x00, 0x1c,
    0x0c, 0x1d, 0x02, 0x1e, 0x01, 0x00, 0x00, 0x00, 0x3b, 0x05, 0x00, 0x1b, 0x14, 0x00, 0x00, 0x00, 0x3b, 0x05, 0x00, 0x1e,
    0x14, 0x00, 0x00, 0x00, 0x35, 0x0c, 0x37, 0x01, 0x38, 0x01, 0x00, 0x00, 0x32, 0x0c, 0x33, 0x01, 0x34, 0x01, 0x00, 0x00,
    0x38, 0x14, 0x00, 0x00, 0x34, 0x14, 0x00, 0x00, 0x1a, 0x01, 0x1b, 0x0a, 0x1c, 0x02, 0x1b, 0x02, 0x1c, 0x02, 0x1b, 0x02,
    0x1c, 0x02, 0x1b, 0x02, 0x1c, 0x02, 0x1b, 0x02, 0x1c, 0x02, 0x1d, 0x01, 0x1e, 0x14, 0x00, 0x00, 0x3b, 0x05, 0x00, 0x15,
    0x01, 0x16, 0x0a, 0x17, 0x02, 0x16, 0x02, 0x17, 0x02, 0x16, 0x02, 0x17, 0x02, 0x16, 0x02, 0x17, 0x02, 0x16, 0x02, 0x17,
    0x02, 0x18, 0x01, 0x19, 0x14, 0x00, 0x00, 0x00, 0x0b, 0x01, 0x0c, 0x01, 0x0d, 0x01, 0x0e, 0x01, 0x0b, 0x01, 0x0c, 0x01,
    0x0d, 0x01, 0x0e, 0x01, 0x0b, 0x01, 0x0c, 0x01, 0x0d, 0x01, 0x0e, 0x01, 0x15, 0x01, 0x16, 0x01, 0x17, 0x01, 0x18, 0x01,
    0x00, 0x00, 0x00, 0x00, 0x0f, 0x01, 0x10, 0x01, 0x11, 0x01, 0x12, 0x01, 0x0f, 0x01, 0x10, 0x01, 0x11, 0x01, 0x12, 0x01,
    0x0f, 0x01, 0x10, 0x01, 0x11, 0x01, 0x12, 0x01, 0x1b, 0x01, 0x1c, 0x01, 0x1d, 0x01, 0x1e, 0x01, 0x00, 0x00, 0x00, 0x00,
    0x18, 0x19, 0x00, 0x00, 0x1e, 0x19, 0x00, 0x00, 0x1f, 0x02, 0x20, 0x02, 0x1f, 0x02, 0x20, 0x02, 0x1f, 0x02, 0x20, 0x02,
    0x1f, 0x02, 0x20, 0x02, 0x1f, 0x02, 0x20, 0x02, 0x1f, 0x0a, 0x24, 0x01, 0x3b, 0x05, 0x00, 0x19, 0x09, 0x00, 0x00, 0x00,
    0x21, 0x02, 0x22, 0x02, 0x21, 0x02, 0x22, 0x02, 0x21, 0x02, 0x22, 0x02, 0x21, 0x02, 0x22, 0x02, 0x21, 0x02, 0x22, 0x02,
    0x21, 0x0a, 0x27, 0x01, 0x1a, 0x09, 0x00, 0x00, 0x15, 0x01, 0x16, 0x01, 0x17, 0x01, 0x18, 0x01, 0x17, 0x01, 0x16, 0x01,
    0x15, 0x01, 0x16, 0x01, 0x17, 0x01, 0x18, 0x01, 0x17, 0x01, 0x16, 0x01, 0x15, 0x01, 0x16, 0x01, 0x17, 0x01, 0x18, 0x01,
    0x17, 0x01, 0x16, 0x01, 0x00, 0x00, 0x00, 0x00, 0x1b, 0x01, 0x1c, 0x01, 0x1d, 0x01, 0x1e, 0x01, 0x1d, 0x01, 0x1c, 0x01,
    0x1b, 0x01, 0x1c, 0x01, 0x1d, 0x01, 0x1e, 0x01, 0x1d, 0x01, 0x1c, 0x01, 0x1b, 0x01, 0x1c, 0x01, 0x1d, 0x01, 0x1e, 0x01,
    0x1d, 0x01, 0x1c, 0x01, 0x00, 0x00, 0x00, 0x00, 0x1c, 0x01, 0x00, 0x00, 0x16, 0x01, 0x00, 0x00, 0x0b, 0x0a, 0x0c, 0x03,
    0x0d, 0x0f, 0x00, 0x00, 0x0e, 0x0a, 0x0f, 0x03, 0x10, 0x0f, 0x00, 0x00, 0x11, 0x01, 0x12, 0x01, 0x1f, 0x0a, 0x00, 0x00,
    0x20, 0x01, 0x21, 0x01, 0x22, 0x0a, 0x00, 0x00, 0x0b, 0x0a, 0x0c, 0x03, 0x0d, 0x03, 0x15, 0x03, 0x16, 0x0f, 0x00, 0x00,
    0x0e, 0x0a, 0x0f, 0x03, 0x10, 0x03, 0x1b, 0x03, 0x1c, 0x0f, 0x00, 0x00, 0x17, 0x01, 0x18, 0x0a, 0x00, 0x00, 0x00, 0x00,
    0x1d, 0x01, 0x1e, 0x0a, 0x00, 0x00, 0x00, 0x00, 0x16, 0x01, 0x15, 0x19, 0x16, 0x01, 0x17, 0x01, 0x18, 0x01, 0x19, 0x01,
    0x00, 0x00, 0x00, 0x00, 0x1b, 0x01, 0x1a, 0x19, 0x1b, 0x01, 0x1c, 0x01, 0x1d, 0x01, 0x1e, 0x01, 0x00, 0x00, 0x00, 0x00,
    0x19, 0x19, 0x00, 0x00, 0x1e, 0x19, 0x00, 0x00, 0x0c, 0x01, 0x0b, 0x1e, 0x0c, 0x01, 0x0d, 0x0a, 0x0c, 0x01, 0x00, 0x00,
    0x27, 0x01, 0x0e, 0x01, 0x0f, 0x02, 0x10, 0x02, 0x0f, 0x02, 0x10, 0x02, 0x0f, 0x02, 0x10, 0x02, 0x0f, 0x02, 0x10, 0x02,
    0x0f, 0x02, 0x10, 0x02, 0x11, 0x01, 0x12, 0x0a, 0x11, 0x01, 0x00, 0x00, 0x0d, 0x01, 0x0b, 0x01, 0x0c, 0x01, 0x0b, 0x01,
    0x0c, 0x01, 0x0b, 0x01, 0x0c, 0x01, 0x0b, 0x01, 0x0c, 0x01, 0x0b, 0x01, 0x0c, 0x06, 0x0d, 0x01, 0x15, 0x01, 0x16, 0x01,
    0x00, 0x00, 0x00, 0x00, 0x11, 0x01, 0x3b, 0xfb, 0x00, 0x0f, 0x01, 0x10, 0x01, 0x0f, 0x01, 0x10, 0x01, 0x0f, 0x01, 0x10,
    0x01, 0x0f, 0x01, 0x10, 0x01, 0x0f, 0x01, 0x10, 0x06, 0x3b, 0x00, 0x00, 0x11, 0x01, 0x12, 0x01, 0x17, 0x01, 0x00, 0x00,
    0x0e, 0x19, 0x00, 0x00, 0x18, 0x19, 0x00, 0x00, 0x1a, 0x02, 0x19, 0x14, 0x1a, 0x01, 0x1b, 0x1e, 0x00, 0x00, 0x00, 0x00,
    0x1c, 0x02, 0x1f, 0x14, 0x1c, 0x01, 0x1d, 0x02, 0x1e, 0x02, 0x1d, 0x02, 0x1e, 0x02, 0x1d, 0x02, 0x1e, 0x02, 0x1d, 0x02,
    0x1e, 0x14, 0x00, 0x00, 0x0b, 0x0a, 0x0c, 0x03, 0x0d, 0x0f, 0x00, 0x00, 0x0e, 0x0a, 0x0f, 0x03, 0x10, 0x0f, 0x00, 0x00,
    0x11, 0x01, 0x12, 0x01, 0x1f, 0x0a, 0x00, 0x00, 0x20, 0x01, 0x21, 0x01, 0x22, 0x0a, 0x00, 0x00, 0x0b, 0x0a, 0x0c, 0x03,
    0x0d, 0x03, 0x15, 0x0f, 0x00, 0x00, 0x00, 0x00, 0x0e, 0x0a, 0x0f, 0x03, 0x10, 0x03, 0x18, 0x0f, 0x00, 0x00, 0x00, 0x00,
    0x16, 0x01, 0x17, 0x0a, 0x00, 0x00, 0x00, 0x00, 0x19, 0x01, 0x1a, 0x0a, 0x00, 0x00, 0x00, 0x00, 0x3b, 0x05, 0x00, 0x15,
    0x01, 0x16, 0x01, 0x17, 0x01, 0x16, 0x01, 0x17, 0x01, 0x16, 0x01, 0x17, 0x01, 0x16, 0x01, 0x17, 0x01, 0x16, 0x01, 0x17,
    0x01, 0x16, 0x01, 0x17, 0x01, 0x16, 0x01, 0x17, 0x01, 0x16, 0x01, 0x17, 0x01, 0x15, 0x01, 0x3b, 0x00, 0x00, 0x0d, 0x01,
    0x0c, 0x03, 0x0d, 0x01, 0x3b, 0x05, 0x00, 0x15, 0x01, 0x16, 0x03, 0x15, 0x01, 0x00, 0x00, 0x00, 0x10, 0x01, 0x0f, 0x01,
    0x0e, 0x01, 0x0f, 0x01, 0x0e, 0x01, 0x0f, 0x01, 0x0e, 0x01, 0x0f, 0x01, 0x0e, 0x01, 0x0f, 0x01, 0x0e, 0x01, 0x0f, 0x01,
    0x0e, 0x01, 0x0f, 0x01, 0x0e, 0x01, 0x0f, 0x01, 0x0e, 0x01, 0x10, 0x01, 0x3b, 0x05, 0x00, 0x18, 0x01, 0x19, 0x03, 0x18,
    0x01, 0x3b, 0x00, 0x00, 0x10, 0x01, 0x0f, 0x03, 0x10, 0x01, 0x00, 0x00, 0x0d, 0x01, 0x0b, 0x01, 0x0c, 0x01, 0x0b, 0x01,
    0x0c, 0x01, 0x0b, 0x01, 0x0c, 0x01, 0x0b, 0x01, 0x0c, 0x1e, 0x00, 0x00, 0x3b, 0x05, 0x00, 0x18, 0x01, 0x19, 0x01, 0x1a,
    0x01, 0x19, 0x01, 0x1a, 0x01, 0x19, 0x01, 0x1a, 0x01, 0x19, 0x01, 0x1a, 0x1e, 0x00, 0x00, 0x00, 0x34, 0x04, 0x35, 0x01,
    0x37, 0x0a, 0x0b, 0x02, 0x0c, 0x02, 0x0d, 0x02, 0x0e, 0x02, 0x34, 0x0c, 0x35, 0x01, 0x37, 0x01, 0x00, 0x00, 0x00, 0x00,
    0x38, 0x04, 0x39, 0x01, 0x3a, 0x0a, 0x0e, 0x02, 0x0d, 0x02, 0x0c, 0x02, 0x0b, 0x02, 0x38, 0x0c, 0x39, 0x01, 0x3a, 0x01,
    0x00, 0x00, 0x00, 0x00, 0x37, 0x19, 0x35, 0x02, 0x00, 0x00, 0x00, 0x00, 0x3a, 0x19, 0x39, 0x02, 0x00, 0x00, 0x00, 0x00,
    0x0b, 0x0a, 0x0c, 0x03, 0x0d, 0x0f, 0x00, 0x00, 0x0e, 0x0a, 0x0f, 0x03, 0x10, 0x0f, 0x00, 0x00, 0x11, 0x01, 0x12, 0x01,
    0x1f, 0x0a, 0x00, 0x00, 0x20, 0x01, 0x21, 0x01, 0x22, 0x0a, 0x00, 0x00, 0x0b, 0x0a, 0x0c, 0x03, 0x0d, 0x03, 0x11, 0x03,
    0x15, 0x0f, 0x00, 0x00, 0x0e, 0x0a, 0x0f, 0x03, 0x10, 0x03, 0x20, 0x03, 0x1b, 0x0f, 0x00, 0x00, 0x16, 0x01, 0x17, 0x0a,
    0x00, 0x00, 0x00, 0x00, 0x1c, 0x01, 0x1d, 0x0a, 0x00, 0x00, 0x00, 0x00, 0x0b, 0x0f, 0x37, 0x0a, 0x0b, 0x01, 0x38, 0x01,
    0x00, 0x00, 0x00, 0x00, 0x0c, 0x0f, 0x39, 0x0a, 0x0c, 0x01, 0x3a, 0x01, 0x00, 0x00, 0x00, 0x00, 0x38, 0x1e, 0x00, 0x00,
    0x3a, 0x1e, 0x00, 0x00, 0x16, 0x02, 0x15, 0x02, 0x16, 0x02, 0x15, 0x02, 0x17, 0x02, 0x15, 0x02, 0x17, 0x02, 0x15, 0x02,
    0x17, 0x02, 0x15, 0x02, 0x18, 0x01, 0x19, 0x14, 0x00, 0x00, 0x00, 0x00, 0x0f, 0x02, 0x0d, 0x02, 0x0f, 0x02, 0x0d, 0x02,
    0x0e, 0x02, 0x0d, 0x02, 0x0e, 0x02, 0x0d, 0x02, 0x0e, 0x02, 0x0d, 0x02, 0x10, 0x01, 0x11, 0x14, 0x00, 0x00, 0x00, 0x00,
    0x0b, 0x01, 0x0c, 0x10, 0x0b, 0x01, 0x3b, 0x05, 0x00, 0x15, 0x01, 0x00, 0x00, 0x00, 0x00, 0x00, 0x0d, 0x01, 0x0e, 0x10,
    0x0d, 0x01, 0x3b, 0x05, 0x00, 0x17, 0x01, 0x00, 0x00, 0x00, 0x00, 0x00, 0x3b, 0x05, 0x00, 0x16, 0x14, 0x00, 0x00, 0x00,
    0x3b, 0x05, 0x00, 0x18, 0x14, 0x00, 0x00, 0x00, 0x0f, 0x01, 0x19, 0x02, 0x1a, 0x02, 0x19, 0x02, 0x1a, 0x02, 0x19, 0x02,
    0x1a, 0x02, 0x19, 0x02, 0x1a, 0x02, 0x19, 0x02, 0x1a, 0x0a, 0x1d, 0x01, 0x1e, 0x10, 0x00, 0x00, 0x10, 0x01, 0x35, 0x02,
    0x37, 0x02, 0x35, 0x02, 0x37, 0x02, 0x35, 0x02, 0x37, 0x02, 0x35, 0x02, 0x37, 0x02, 0x35, 0x02, 0x37, 0x0a, 0x38, 0x01,
    0x39, 0x10, 0x00, 0x00, 0x0e, 0x02, 0x0d, 0x0f, 0x0e, 0x01, 0x18, 0x01, 0x19, 0x01, 0x1a, 0x01, 0x00, 0x00, 0x00, 0x00,
    0x0c, 0x02, 0x0b, 0x0f, 0x0c, 0x01, 0x15, 0x01, 0x16, 0x01, 0x17, 0x01, 0x00, 0x00, 0x00, 0x00, 0x1a, 0x0f, 0x00, 0x00,
    0x17, 0x0f, 0x00, 0x00, 0x30, 0x01, 0x31, 0x01, 0x32, 0x01, 0x30, 0x01, 0x31, 0x01, 0x32, 0x01, 0x30, 0x01, 0x31, 0x01,
    0x32, 0x01, 0x30, 0x01, 0x31, 0x01, 0x32, 0x01, 0x30, 0x01, 0x31, 0x01, 0x32, 0x01, 0x24, 0x01, 0x33, 0x01, 0x00, 0x00,
    0x34, 0x01, 0x35, 0x01, 0x36, 0x01, 0x34, 0x01, 0x35, 0x01, 0x36, 0x01, 0x34, 0x01, 0x35, 0x01, 0x36, 0x01, 0x34, 0x01,
    0x35, 0x01, 0x36, 0x01, 0x34, 0x01, 0x35, 0x01, 0x36, 0x01, 0x27, 0x01, 0x37, 0x01, 0x00, 0x00, 0x33, 0x19, 0x00, 0x00,
    0x37, 0x19, 0x00, 0x00, 0x0b, 0x01, 0x0c, 0x01, 0x3c, 0x01, 0x00, 0x0d, 0x01, 0x0e, 0x01, 0x3c, 0x02, 0x00, 0x0b, 0x01,
    0x0c, 0x01, 0x3c, 0x03, 0x00, 0x0d, 0x01, 0x0e, 0x01, 0x3c, 0x04, 0x00, 0x0b, 0x01, 0x0c, 0x01, 0x3c, 0x05, 0x00, 0x0d,
    0x01, 0x0e, 0x01, 0x3c, 0x06, 0x00, 0x0b, 0x01, 0x0c, 0x01, 0x3c, 0x07, 0x00, 0x0d, 0x01, 0x0e, 0x01, 0x00, 0x00, 0x00,
    0x0f, 0x01, 0x10, 0x01, 0x3c, 0x01, 0x00, 0x11, 0x01, 0x12, 0x01, 0x3c, 0x02, 0x00, 0x0f, 0x01, 0x10, 0x01, 0x3c, 0x03,
    0x00, 0x11, 0x01, 0x12, 0x01, 0x3c, 0x04, 0x00, 0x0f, 0x01, 0x10, 0x01, 0x3c, 0x05, 0x00, 0x11, 0x01, 0x12, 0x01, 0x3c,
    0x06, 0x00, 0x0f, 0x01, 0x10, 0x01, 0x3c, 0x07, 0x00, 0x11, 0x01, 0x12, 0x01, 0x00, 0x00, 0x00, 0x0b, 0x01, 0x0c, 0x01,
    0x0d, 0x01, 0x0e, 0x01, 0x15, 0x04, 0x16, 0x04, 0x17, 0x04, 0x16, 0x04, 0x15, 0x04, 0x16, 0x04, 0x17, 0x04, 0x16, 0x04,
    0x15, 0x04, 0x16, 0x04, 0x17, 0x04, 0x16, 0x04, 0x00, 0x00, 0x00, 0x00, 0x0f, 0x01, 0x10, 0x01, 0x11, 0x01, 0x12, 0x01,
    0x18, 0x04, 0x19, 0x04, 0x1a, 0x04, 0x19, 0x04, 0x18, 0x04, 0x19, 0x04, 0x1a, 0x04, 0x19, 0x04, 0x18, 0x04, 0x19, 0x04,
    0x1a, 0x04, 0x19, 0x04, 0x00, 0x00, 0x00, 0x00, 0x1c, 0x01, 0x1b, 0x1e, 0x1c, 0x01, 0x1d, 0x0a, 0x00, 0x00, 0x00, 0x00,
    0x21, 0x01, 0x20, 0x02, 0x1f, 0x02, 0x20, 0x02, 0x1f, 0x02, 0x20, 0x02, 0x1f, 0x02, 0x20, 0x02, 0x1f, 0x02, 0x20, 0x02,
    0x1f, 0x02, 0x21, 0x01, 0x22, 0x0a, 0x00, 0x00, 0x0b, 0x01, 0x0c, 0x01, 0x0d, 0x01, 0x0e, 0x01, 0x0b, 0x01, 0x0c, 0x01,
    0x0d, 0x01, 0x0e, 0x01, 0x0b, 0x01, 0x0c, 0x01, 0x0d, 0x01, 0x0e, 0x01, 0x0f, 0x01, 0x00, 0x00, 0x0b, 0x01, 0x0c, 0x01,
    0x0d, 0x01, 0x0e, 0x01, 0x0b, 0x01, 0x0c, 0x01, 0x0d, 0x01, 0x0e, 0x01, 0x0b, 0x01, 0x0c, 0x01, 0x0d, 0x01, 0x0e, 0x01,
    0x11, 0x01, 0x00, 0x00, 0x10, 0x01, 0x1f, 0x01, 0x10, 0x01, 0x1f, 0x01, 0x10, 0x01, 0x1f, 0x0f, 0x00, 0x00, 0x00, 0x00,
    0x12, 0x01, 0x20, 0x01, 0x12, 0x01, 0x20, 0x01, 0x12, 0x01, 0x20, 0x0f, 0x00, 0x00, 0x00, 0x00, 0x17, 0x01, 0x16, 0x02,
    0x15, 0x02, 0x16, 0x02, 0x15, 0x02, 0x16, 0x02, 0x15, 0x02, 0x16, 0x02, 0x15, 0x02, 0x16, 0x02, 0x15, 0x06, 0x17, 0x01,
    0x18, 0x01, 0x19, 0x01, 0x18, 0x01, 0x19, 0x01, 0x18, 0x01, 0x19, 0x01, 0x18, 0x01, 0x19, 0x01, 0x18, 0x01, 0x19, 0x01,
    0x18, 0x01, 0x19, 0x01, 0x18, 0x01, 0x19, 0x0f, 0x00, 0x00, 0x00, 0x00, 0x1a, 0x01, 0x1b, 0x02, 0x1c, 0x02, 0x1b, 0x02,
    0x1c, 0x02, 0x1b, 0x02, 0x1c, 0x02, 0x1b, 0x02, 0x1c, 0x02, 0x1b, 0x02, 0x1c, 0x06, 0x1a, 0x01, 0x1d, 0x01, 0x1e, 0x01,
    0x1d, 0x01, 0x1e, 0x01, 0x1d, 0x01, 0x1e, 0x01, 0x1d, 0x01, 0x1e, 0x01, 0x1d, 0x01, 0x1e, 0x01, 0x1d, 0x01, 0x1e, 0x01,
    0x1d, 0x01, 0x1e, 0x0f, 0x00, 0x00, 0x00, 0x00, 0x25, 0x01, 0x3b, 0x0a, 0x00, 0x36, 0x01, 0x35, 0x14, 0x36, 0x01, 0x37,
    0x01, 0x38, 0x01, 0x39, 0x01, 0x00, 0x00, 0x00, 0x28, 0x01, 0x31, 0x01, 0x30, 0x14, 0x31, 0x01, 0x32, 0x01, 0x33, 0x01,
    0x34, 0x01, 0x00, 0x00, 0x3b, 0x0a, 0x00, 0x38, 0x01, 0x39, 0x01, 0x38, 0x01, 0x39, 0x01, 0x38, 0x01, 0x39, 0x01, 0x38,
    0x01, 0x39, 0x01, 0x38, 0x01, 0x39, 0x19, 0x37, 0x01, 0x3b, 0x00, 0x00, 0x24, 0x01, 0x00, 0x00, 0x33, 0x01, 0x34, 0x01,
    0x33, 0x01, 0x34, 0x01, 0x33, 0x01, 0x34, 0x01, 0x33, 0x01, 0x34, 0x01, 0x33, 0x01, 0x34, 0x19, 0x32, 0x01, 0x27, 0x01,
    0x00, 0x00, 0x00, 0x00, 0x0b, 0x14, 0x0c, 0x01, 0x0d, 0x01, 0x0c, 0x01, 0x0d, 0x01, 0x0c, 0x01, 0x0d, 0x01, 0x0c, 0x01,
    0x0d, 0x01, 0x0c, 0x01, 0x0d, 0x01, 0x0c, 0x01, 0x0d, 0x01, 0x0c, 0x01, 0x0d, 0x01, 0x24, 0x08, 0x0e, 0x01, 0x3b, 0x05,
    0x00, 0x15, 0x01, 0x16, 0x01, 0x17, 0x01, 0x16, 0x01, 0x17, 0x01, 0x00, 0x00, 0x00, 0x00, 0x00, 0x0f, 0x14, 0x10, 0x01,
    0x11, 0x01, 0x10, 0x01, 0x11, 0x01, 0x10, 0x01, 0x11, 0x01, 0x10, 0x01, 0x11, 0x01, 0x10, 0x01, 0x11, 0x01, 0x10, 0x01,
    0x11, 0x01, 0x10, 0x01, 0x11, 0x01, 0x27, 0x08, 0x12, 0x01, 0x3b, 0x0a, 0x00, 0x18, 0x01, 0x19, 0x01, 0x1a, 0x01, 0x19,
    0x01, 0x1a, 0x01, 0x00, 0x00, 0x00, 0x00, 0x00, 0x3b, 0x05, 0x00, 0x16, 0x01, 0x17, 0x01, 0x16, 0x01, 0x17, 0x14, 0x00,
    0x00, 0x00, 0x00, 0x00, 0x3b, 0x0a, 0x00, 0x19, 0x01, 0x1a, 0x01, 0x19, 0x01, 0x1a, 0x14, 0x00, 0x00, 0x00, 0x00, 0x00,
    0x15, 0x01, 0x16, 0x01, 0x17, 0x01, 0x18, 0x01, 0x15, 0x01, 0x16, 0x01, 0x17, 0x01, 0x18, 0x01, 0x15, 0x01, 0x16, 0x01,
    0x17, 0x01, 0x18, 0x01, 0x32, 0x01, 0x33, 0x01, 0x00, 0x00, 0x00, 0x00, 0x1b, 0x01, 0x1c, 0x01, 0x1d, 0x01, 0x1e, 0x01,
    0x1b, 0x01, 0x1c, 0x01, 0x1d, 0x01, 0x1e, 0x01, 0x1b, 0x01, 0x1c, 0x01, 0x1d, 0x01, 0x1e, 0x01, 0x34, 0x01, 0x35, 0x01,
    0x00, 0x00, 0x00, 0x00, 0x32, 0x01, 0x33, 0x01, 0x32, 0x01, 0x33, 0x14, 0x00, 0x00, 0x00, 0x00, 0x34, 0x01, 0x35, 0x01,
    0x34, 0x01, 0x35, 0x14, 0x00, 0x00, 0x00, 0x00, 0x07, 0x01, 0x08, 0x01, 0x09, 0x01, 0x0a, 0x01, 0x07, 0x01, 0x08, 0x01,
    0x09, 0x01, 0x0a, 0x01, 0x07, 0x01, 0x08, 0x01, 0x09, 0x01, 0x0a, 0x01, 0x15, 0x02, 0x16, 0x01, 0x00, 0x00, 0x00, 0x00,
    0x0b, 0x01, 0x0c, 0x01, 0x0d, 0x01, 0x0e, 0x01, 0x0b, 0x01, 0x0c, 0x01, 0x0d, 0x01, 0x0e, 0x01, 0x0b, 0x01, 0x0c, 0x01,
    0x0d, 0x01, 0x0e, 0x01, 0x1b, 0x02, 0x1c, 0x01, 0x00, 0x00, 0x00, 0x00, 0x17, 0x02, 0x18, 0x0f, 0x00, 0x00, 0x00, 0x00,
    0x1d, 0x02, 0x1e, 0x0f, 0x00, 0x00, 0x00, 0x00, 0x3b, 0x05, 0x00, 0x0b, 0x01, 0x0c, 0x01, 0x0d, 0x01, 0x0c, 0x01, 0x0b,
    0x01, 0x0c, 0x01, 0x0d, 0x01, 0x0c, 0x01, 0x0b, 0x01, 0x0c, 0x01, 0x0d, 0x01, 0x0c, 0x01, 0x00, 0x00, 0x00, 0x00, 0x00,
    0x3b, 0x05, 0x00, 0x0e, 0x01, 0x0f, 0x01, 0x10, 0x01, 0x0f, 0x01, 0x0e, 0x01, 0x0f, 0x01, 0x10, 0x01, 0x0f, 0x01, 0x0e,
    0x01, 0x0f, 0x01, 0x10, 0x01, 0x0f, 0x01, 0x00, 0x00, 0x00, 0x00, 0x00, 0x3b, 0x05, 0x00, 0x0b, 0x01, 0x0c, 0x01, 0x0d,
    0x01, 0x0c, 0x01, 0x0b, 0x01, 0x0c, 0x01, 0x0d, 0x01, 0x0c, 0x01, 0x0b, 0x01, 0x0c, 0x01, 0x0d, 0x14, 0x00, 0x00, 0x00,
    0x3b, 0x05, 0x00, 0x0e, 0x01, 0x0f, 0x01, 0x10, 0x01, 0x0f, 0x01, 0x0e, 0x01, 0x0f, 0x01, 0x10, 0x01, 0x0f, 0x01, 0x0e,
    0x01, 0x0f, 0x01, 0x10, 0x14, 0x00, 0x00, 0x00, 0x21, 0x02, 0x11, 0x02, 0x21, 0x02, 0x11, 0x02, 0x21, 0x02, 0x11, 0x02,
    0x21, 0x02, 0x11, 0x02, 0x21, 0x02, 0x11, 0x02, 0x12, 0x01, 0x3b, 0x05, 0x00, 0x15, 0x10, 0x00, 0x00, 0x00, 0x00, 0x00,
    0x22, 0x02, 0x1f, 0x02, 0x22, 0x02, 0x1f, 0x02, 0x22, 0x02, 0x1f, 0x02, 0x22, 0x02, 0x1f, 0x02, 0x22, 0x02, 0x1f, 0x02,
    0x20, 0x01, 0x16, 0x10, 0x00, 0x00, 0x00, 0x00, 0x11, 0x01, 0x12, 0x14, 0x3b, 0x05, 0x00, 0x1c, 0x01, 0x1d, 0x01, 0x00,
    0x00, 0x00, 0x00, 0x00, 0x0f, 0x01, 0x10, 0x14, 0x3b, 0x05, 0x00, 0x19, 0x01, 0x1a, 0x01, 0x00, 0x00, 0x00, 0x00, 0x00,
    0x3b, 0x05, 0x00, 0x1e, 0x1e, 0x00, 0x00, 0x00, 0x3b, 0x05, 0x00, 0x1b, 0x1e, 0x00, 0x00, 0x00, 0x1f, 0x01, 0x0b, 0x02,
    0x0c, 0x02, 0x0b, 0x02, 0x0c, 0x02, 0x0b, 0x02, 0x0c, 0x02, 0x0b, 0x02, 0x0c, 0x02, 0x0b, 0x02, 0x0c, 0x02, 0x0b, 0x02,
    0x0c, 0x02, 0x3b, 0x05, 0x00, 0x15, 0x01, 0x16, 0x14, 0x00, 0x00, 0x00, 0x20, 0x01, 0x0d, 0x02, 0x0e, 0x02, 0x0d, 0x02,
    0x0e, 0x02, 0x0d, 0x02, 0x0e, 0x02, 0x0d, 0x02, 0x0e, 0x02, 0x0d, 0x02, 0x0e, 0x02, 0x0d, 0x02, 0x0e, 0x02, 0x3b, 0x05,
    0x00, 0x17, 0x01, 0x18, 0x14, 0x00, 0x00, 0x00, 0x1a, 0x01, 0x16, 0x01, 0x17, 0x01, 0x18, 0x01, 0x15, 0x01, 0x16, 0x01,
    0x17, 0x01, 0x18, 0x01, 0x15, 0x01, 0x16, 0x01, 0x17, 0x01, 0x18, 0x01, 0x15, 0x01, 0x16, 0x01, 0x17, 0x01, 0x18, 0x01,
    0x15, 0x01, 0x16, 0x01, 0x17, 0x01, 0x18, 0x01, 0x15, 0x01, 0x17, 0x01, 0x00, 0x00, 0x00, 0x00, 0x19, 0x01, 0x15, 0x01,
    0x16, 0x01, 0x17, 0x01, 0x18, 0x01, 0x15, 0x01, 0x16, 0x01, 0x17, 0x01, 0x18, 0x01, 0x15, 0x01, 0x16, 0x01, 0x17, 0x01,
    0x18, 0x01, 0x15, 0x01, 0x16, 0x01, 0x17, 0x01, 0x18, 0x01, 0x15, 0x01, 0x16, 0x01, 0x17, 0x01, 0x18, 0x01, 0x15, 0x01,
    0x00, 0x00, 0x00, 0x00, 0x17, 0x14, 0x1a, 0x01, 0x00, 0x00, 0x00, 0x00, 0x15, 0x14, 0x19, 0x01, 0x00, 0x00, 0x00, 0x00,
    0x15, 0x0c, 0x16, 0x02, 0x17, 0x02, 0x18, 0x02, 0x19, 0x02, 0x0c, 0x01, 0x00, 0x00, 0x00, 0x00, 0x1a, 0x0c, 0x1b, 0x02,
    0x1c, 0x02, 0x1d, 0x02, 0x1e, 0x02, 0x0d, 0x01, 0x00, 0x00, 0x00, 0x00, 0x0c, 0x14, 0x00, 0x00, 0x0d, 0x14, 0x00, 0x00,
    0x0e, 0x02, 0x0f, 0x02, 0x0e, 0x02, 0x0f, 0x02, 0x0e, 0x02, 0x0f, 0x02, 0x0e, 0x02, 0x0f, 0x02, 0x0e, 0x02, 0x0f, 0x02,
    0x0e, 0x0a, 0x24, 0x01, 0x37, 0x09, 0x00, 0x00, 0x10, 0x02, 0x11, 0x02, 0x10, 0x02, 0x11, 0x02, 0x10, 0x02, 0x11, 0x02,
    0x10, 0x02, 0x11, 0x02, 0x10, 0x02, 0x11, 0x02, 0x10, 0x0a, 0x27, 0x01, 0x38, 0x09, 0x00, 0x00, 0x0b, 0x02, 0x0c, 0x02,
    0x0d, 0x01, 0x3b, 0x05, 0x00, 0x15, 0x01, 0x00, 0x00, 0x00, 0x00, 0x00, 0x0e, 0x02, 0x0f, 0x02, 0x10, 0x01, 0x3b, 0x05,
    0x00, 0x17, 0x01, 0x00, 0x00, 0x00, 0x00, 0x00, 0x3b, 0x05, 0x00, 0x16, 0x19, 0x00, 0x00, 0x00, 0x3b, 0x05, 0x00, 0x18,
    0x19, 0x00, 0x00, 0x00, 0x1f, 0x01, 0x20, 0x01, 0x1f, 0x01, 0x20, 0x01, 0x1f, 0x01, 0x20, 0x01, 0x1f, 0x01, 0x20, 0x01,
    0x1f, 0x01, 0x20, 0x06, 0x3b, 0x05, 0x00, 0x15, 0x01, 0x00, 0x00, 0x00, 0x21, 0x01, 0x22, 0x01, 0x21, 0x01, 0x22, 0x01,
    0x21, 0x01, 0x22, 0x01, 0x21, 0x01, 0x22, 0x01, 0x21, 0x01, 0x22, 0x06, 0x3b, 0x05, 0x00, 0x17, 0x01, 0x00, 0x00, 0x00,
    0x3b, 0x05, 0x00, 0x16, 0x14, 0x00, 0x00, 0x00, 0x3b, 0x05, 0x00, 0x18, 0x14, 0x00, 0x00, 0x00, 0x0d, 0x01, 0x0b, 0x02,
    0x0c, 0x02, 0x0b, 0x02, 0x0c, 0x02, 0x0b, 0x02, 0x0c, 0x0a, 0x0d, 0x01, 0x0e, 0x10, 0x00, 0x00, 0x11, 0x01, 0x0f, 0x02,
    0x10, 0x02, 0x0f, 0x02, 0x10, 0x02, 0x0f, 0x02, 0x10, 0x0a, 0x11, 0x01, 0x12, 0x10, 0x00, 0x00, 0x11, 0x01, 0x3b, 0xfb,
    0x00, 0x10, 0x01, 0x0f, 0x01, 0x10, 0x01, 0x0f, 0x01, 0x10, 0x01, 0x0f, 0x01, 0x10, 0x01, 0x0f, 0x01, 0x10, 0x01, 0x0f,
    0x06, 0x3b, 0x00, 0x00, 0x11, 0x01, 0x17, 0x01, 0x18, 0x01, 0x00, 0x00, 0x0d, 0x01, 0x0c, 0x01, 0x3b, 0xfb, 0x00, 0x0b,
    0x01, 0x0c, 0x01, 0x3b, 0xfb, 0x00, 0x0b, 0x01, 0x0c, 0x01, 0x3b, 0xfb, 0x00, 0x0b, 0x01, 0x0c, 0x01, 0x3b, 0xfb, 0x00,
    0x0b, 0x01, 0x0c, 0x01, 0x3b, 0xfb, 0x00, 0x0b, 0x06, 0x3b, 0x00, 0x00, 0x0e, 0x01, 0x0f, 0x01, 0x15, 0x01, 0x00, 0x00,
    0x12, 0x19, 0x00, 0x00, 0x16, 0x19, 0x00, 0x00, 0x1f, 0x02, 0x19, 0x1e, 0x1f, 0x01, 0x20, 0x02, 0x21, 0x02, 0x20, 0x02,
    0x21, 0x02, 0x20, 0x02, 0x21, 0x02, 0x20, 0x02, 0x21, 0x02, 0x20, 0x02, 0x21, 0x02, 0x20, 0x02, 0x21, 0x0a, 0x00, 0x00,
    0x1b, 0x02, 0x1a, 0x1e, 0x1b, 0x01, 0x1c, 0x02, 0x1d, 0x02, 0x1c, 0x02, 0x1d, 0x02, 0x1c, 0x02, 0x1d, 0x02, 0x1c, 0x02,
    0x1d, 0x02, 0x1c, 0x02, 0x1d, 0x02, 0x1c, 0x02, 0x1d, 0x0a, 0x00, 0x00, 0x20, 0x03, 0x21, 0x03, 0x22, 0x0f, 0x00, 0x00,
    0x11, 0x03, 0x12, 0x03, 0x1f, 0x0f, 0x00, 0x00, 0x20, 0x0a, 0x00, 0x00, 0x11, 0x0a, 0x00, 0x00, 0x24, 0x01, 0x3b, 0xfb,
    0x00, 0x16, 0x02, 0x15, 0x14, 0x16, 0x01, 0x17, 0x01, 0x00, 0x00, 0x00, 0x27, 0x01, 0x33, 0x02, 0x32, 0x14, 0x33, 0x01,
    0x34, 0x01, 0x00, 0x00, 0x3b, 0x0a, 0x00, 0x18, 0x14, 0x19, 0x01, 0x1a, 0x08, 0x3b, 0xfb, 0x00, 0x16, 0x01, 0x24, 0x19,
    0x00, 0x00, 0x00, 0x00, 0x35, 0x14, 0x37, 0x01, 0x38, 0x08, 0x34, 0x01, 0x26, 0x19, 0x00, 0x00, 0x16, 0x01, 0x15, 0x14,
    0x3b, 0x05, 0x00, 0x16, 0x01, 0x38, 0x01, 0x39, 0x01, 0x00, 0x00, 0x00, 0x33, 0x01, 0x32, 0x14, 0x33, 0x01, 0x34, 0x01,
    0x35, 0x01, 0x00, 0x00, 0x3b, 0x05, 0x00, 0x3a, 0x14, 0x00, 0x00, 0x00, 0x37, 0x14, 0x00, 0x00, 0x0b, 0x01, 0x0c, 0x14,
    0x3b, 0x05, 0x00, 0x15, 0x01, 0x16, 0x01, 0x00, 0x00, 0x00, 0x00, 0x00, 0x12, 0x01, 0x13, 0x14, 0x21, 0x01, 0x3b, 0x05,
    0x00, 0x18, 0x01, 0x00, 0x00, 0x00, 0x00, 0x00, 0x3b, 0x05, 0x00, 0x17, 0x1e, 0x00, 0x00, 0x00, 0x3b, 0x05, 0x00, 0x19,
    0x1e, 0x00, 0x00, 0x00, 0x0b, 0x01, 0x0c, 0x02, 0x0d, 0x02, 0x0c, 0x02, 0x0d, 0x02, 0x0c, 0x02, 0x0d, 0x02, 0x0c, 0x02,
    0x0d, 0x02, 0x0c, 0x02, 0x0d, 0x02, 0x0e, 0x01, 0x11, 0x14, 0x00, 0x00, 0x12, 0x01, 0x13, 0x02, 0x14, 0x02, 0x13, 0x02,
    0x14, 0x02, 0x13, 0x02, 0x14, 0x02, 0x13, 0x02, 0x14, 0x02, 0x13, 0x02, 0x14, 0x02, 0x1f, 0x01, 0x20, 0x14, 0x00, 0x00,
    0x21, 0x01, 0x20, 0x19, 0x3b, 0x05, 0x00, 0x15, 0x01, 0x16, 0x01, 0x17, 0x01, 0x36, 0x01, 0x33, 0x01, 0x00, 0x00, 0x00,
    0x12, 0x01, 0x11, 0x19, 0x3b, 0x05, 0x00, 0x18, 0x01, 0x19, 0x01, 0x1a, 0x01, 0x1b, 0x01, 0x3b, 0x00, 0x00, 0x34, 0x01,
    0x00, 0x00, 0x00, 0x00, 0x3b, 0x05, 0x00, 0x33, 0x1e, 0x00, 0x00, 0x00, 0x34, 0x1e, 0x00, 0x00, 0x21, 0x02, 0x1f, 0x02,
    0x20, 0x02, 0x1f, 0x02, 0x20, 0x02, 0x1f, 0x02, 0x20, 0x02, 0x1f, 0x02, 0x20, 0x02, 0x1f, 0x02, 0x20, 0x02, 0x1f, 0x0a,
    0x21, 0x01, 0x1c, 0x10, 0x00, 0x00, 0x00, 0x00, 0x12, 0x02, 0x11, 0x02, 0x22, 0x02, 0x11, 0x02, 0x22, 0x02, 0x11, 0x02,
    0x22, 0x02, 0x11, 0x02, 0x22, 0x02, 0x11, 0x02, 0x22, 0x02, 0x11, 0x0a, 0x12, 0x01, 0x1d, 0x10, 0x00, 0x00, 0x00, 0x00,
    0x15, 0x0c, 0x16, 0x02, 0x17, 0x02, 0x18, 0x02, 0x19, 0x01, 0x00, 0x00, 0x1a, 0x0c, 0x1b, 0x02, 0x1c, 0x02, 0x1d, 0x02,
    0x1e, 0x01, 0x00, 0x00, 0x19, 0x14, 0x00, 0x00, 0x1e, 0x14, 0x00, 0x00, 0x30, 0x01, 0x31, 0x01, 0x32, 0x01, 0x30, 0x01,
    0x31, 0x01, 0x32, 0x01, 0x30, 0x01, 0x31, 0x01, 0x32, 0x01, 0x30, 0x01, 0x31, 0x01, 0x32, 0x01, 0x30, 0x01, 0x31, 0x01,
    0x32, 0x01, 0x33, 0x01, 0x34, 0x01, 0x00, 0x00, 0x35, 0x01, 0x36, 0x01, 0x37, 0x01, 0x35, 0x01, 0x36, 0x01, 0x37, 0x01,
    0x35, 0x01, 0x36, 0x01, 0x37, 0x01, 0x35, 0x01, 0x36, 0x01, 0x37, 0x01, 0x35, 0x01, 0x36, 0x01, 0x37, 0x01, 0x26, 0x01,
    0x38, 0x01, 0x00, 0x00, 0x34, 0x19, 0x00, 0x00, 0x38, 0x19, 0x00, 0x00, 0x0b, 0x01, 0x0c, 0x01, 0x0b, 0x01, 0x0c, 0x01,
    0x0b, 0x01, 0x0c, 0x01, 0x0b, 0x01, 0x0c, 0x01, 0x0b, 0x01, 0x0c, 0x01, 0x15, 0x01, 0x16, 0x01, 0x15, 0x01, 0x16, 0x01,
    0x15, 0x01, 0x16, 0x01, 0x15, 0x01, 0x16, 0x01, 0x15, 0x01, 0x16, 0x01, 0x17, 0x01, 0x00, 0x00, 0x0d, 0x01, 0x0e, 0x01,
    0x0d, 0x01, 0x0e, 0x01, 0x0d, 0x01, 0x0e, 0x01, 0x0d, 0x01, 0x0e, 0x01, 0x0d, 0x01, 0x0e, 0x01, 0x18, 0x01, 0x19, 0x01,
    0x18, 0x01, 0x19, 0x01, 0x18, 0x01, 0x19, 0x01, 0x18, 0x01, 0x19, 0x01, 0x18, 0x01, 0x19, 0x01, 0x1a, 0x01, 0x00, 0x00,
    0x17, 0x14, 0x00, 0x00, 0x1a, 0x28, 0x00, 0x00, 0x2b, 0x14, 0x24, 0x01, 0x1b, 0x01, 0x1c, 0x01, 0x1b, 0x01, 0x1c, 0x01,
    0x1b, 0x01, 0x1c, 0x01, 0x1b, 0x01, 0x1c, 0x01, 0x1b, 0x01, 0x1c, 0x01, 0x1b, 0x09, 0x00, 0x00, 0x10, 0x14, 0x2c, 0x01,
    0x27, 0x01, 0x1d, 0x01, 0x1e, 0x01, 0x1d, 0x01, 0x1e, 0x01, 0x1d, 0x01, 0x1e, 0x01, 0x1d, 0x01, 0x1e, 0x01, 0x1d, 0x01,
    0x1e, 0x01, 0x1d, 0x09, 0x00, 0x00, 0x00, 0x00, 0x11, 0x0a, 0x3b, 0x05, 0x00, 0x17, 0x01, 0x18, 0x01, 0x19, 0x04, 0x1a,
    0x02, 0x18, 0x01, 0x00, 0x00, 0x00, 0x00, 0x00, 0x1f, 0x0a, 0x1b, 0x01, 0x1c, 0x01, 0x1d, 0x04, 0x1e, 0x02, 0x1c, 0x01,
    0x00, 0x00, 0x00, 0x00, 0x3b, 0x05, 0x00, 0x17, 0x01, 0x12, 0x1e, 0x00, 0x00, 0x00, 0x00, 0x00, 0x1b, 0x01, 0x20, 0x1e,
    0x00, 0x00, 0x00, 0x00, 0x0b, 0x02, 0x0c, 0x02, 0x0b, 0x02, 0x0c, 0x02, 0x0b, 0x02, 0x0c, 0x02, 0x0b, 0x02, 0x0c, 0x02,
    0x0b, 0x02, 0x0c, 0x02, 0x0b, 0x02, 0x0c, 0x0a, 0x0d, 0x01, 0x3b, 0x05, 0x00, 0x15, 0x19, 0x00, 0x00, 0x00, 0x00, 0x00,
    0x0e, 0x02, 0x0f, 0x02, 0x0e, 0x02, 0x0f, 0x02, 0x0e, 0x02, 0x0f, 0x02, 0x0e, 0x02, 0x0f, 0x02, 0x0e, 0x02, 0x0f, 0x02,
    0x0e, 0x02, 0x0f, 0x0a, 0x10, 0x01, 0x3b, 0x05, 0x00, 0x16, 0x19, 0x00, 0x00, 0x00, 0x00, 0x00, 0x16, 0x01, 0x15, 0x19,
    0x16, 0x01, 0x17, 0x01, 0x18, 0x01, 0x19, 0x01, 0x00, 0x00, 0x00, 0x00, 0x1b, 0x01, 0x1a, 0x19, 0x1b, 0x01, 0x1c, 0x01,
    0x1d, 0x01, 0x1e, 0x01, 0x00, 0x00, 0x00, 0x00, 0x19, 0x19, 0x00, 0x00, 0x1e, 0x19, 0x00, 0x00, 0x25, 0x01, 0x3b, 0xfb,
    0x00, 0x16, 0x01, 0x15, 0x14, 0x16, 0x01, 0x17, 0x01, 0x3b, 0x05, 0x00, 0x18, 0x01, 0x19, 0x01, 0x1a, 0x01, 0x00, 0x00,
    0x27, 0x01, 0x39, 0x01, 0x32, 0x14, 0x33, 0x01, 0x34, 0x01, 0x35, 0x01, 0x37, 0x01, 0x38, 0x01, 0x00, 0x00, 0x00, 0x00,
    0x3b, 0x05, 0x00, 0x19, 0x01, 0x1a, 0x01, 0x19, 0x01, 0x1a, 0x01, 0x19, 0x01, 0x1a, 0x01, 0x19, 0x01, 0x1a, 0x1e, 0x00,
    0x00, 0x00, 0x00, 0x00, 0x37, 0x01, 0x38, 0x01, 0x37, 0x01, 0x38, 0x01, 0x37, 0x01, 0x38, 0x01, 0x37, 0x01, 0x38, 0x1e,
    0x00, 0x00, 0x00, 0x00, 0x16, 0x02, 0x15, 0x14, 0x16, 0x01, 0x17, 0x01, 0x18, 0x01, 0x19, 0x01, 0x00, 0x00, 0x00, 0x00,
    0x1b, 0x02, 0x1a, 0x14, 0x1b, 0x01, 0x1c, 0x01, 0x1d, 0x01, 0x1e, 0x01, 0x00, 0x00, 0x00, 0x00, 0x18, 0x01, 0x19, 0x01,
    0x18, 0x01, 0x19, 0x14, 0x00, 0x00, 0x00, 0x00, 0x1d, 0x01, 0x1e, 0x01, 0x1d, 0x01, 0x1e, 0x14, 0x00, 0x00, 0x00, 0x00,
    0x3b, 0x0a, 0x00, 0x15, 0x01, 0x16, 0x0a, 0x17, 0x01, 0x18, 0x01, 0x19, 0x01, 0x1a, 0x01, 0x17, 0x01, 0x18, 0x01, 0x19,
    0x01, 0x1a, 0x01, 0x17, 0x01, 0x18, 0x01, 0x19, 0x01, 0x1a, 0x01, 0x00, 0x00, 0x00, 0x00, 0x00, 0x30, 0x01, 0x31, 0x0a,
    0x32, 0x01, 0x33, 0x01, 0x34, 0x01, 0x35, 0x01, 0x32, 0x01, 0x33, 0x01, 0x34, 0x01, 0x35, 0x01, 0x32, 0x01, 0x33, 0x01,
    0x34, 0x01, 0x35, 0x01, 0x00, 0x00, 0x00, 0x00, 0x3b, 0x0a, 0x00, 0x16, 0x01, 0x15, 0x01, 0x00, 0x00, 0x00, 0x00, 0x00,
    0x31, 0x01, 0x30, 0x01, 0x00, 0x00, 0x00, 0x00, 0x0b, 0x14, 0x3b, 0x05, 0x00, 0x15, 0x01, 0x16, 0x01, 0x17, 0x01, 0x16,
    0x01, 0x17, 0x01, 0x16, 0x01, 0x17, 0x01, 0x16, 0x01, 0x17, 0x01, 0x16, 0x01, 0x17, 0x01, 0x16, 0x01, 0x17, 0x01, 0x16,
    0x01, 0x17, 0x01, 0x16, 0x01, 0x17, 0x01, 0x00, 0x00, 0x00, 0x00, 0x00, 0x0c, 0x14, 0x3b, 0x05, 0x00, 0x1b, 0x01, 0x1c,
    0x01, 0x1d, 0x01, 0x1c, 0x01, 0x1d, 0x01, 0x1c, 0x01, 0x1d, 0x01, 0x1c, 0x01, 0x1d, 0x01, 0x1c, 0x01, 0x1d, 0x01, 0x1c,
    0x01, 0x1d, 0x01, 0x1c, 0x01, 0x1d, 0x01, 0x1c, 0x01, 0x1d, 0x01, 0x00, 0x00, 0x00, 0x00, 0x00, 0x3b, 0x05, 0x00, 0x18,
    0x1e, 0x00, 0x00, 0x00, 0x3b, 0x05, 0x00, 0x1e, 0x1e, 0x00, 0x00, 0x00, 0x0d, 0x02, 0x0e, 0x02, 0x0d, 0x02, 0x0e, 0x02,
    0x0d, 0x02, 0x0e, 0x02, 0x0d, 0x02, 0x0e, 0x02, 0x0d, 0x02, 0x0e, 0x02, 0x0f, 0x01, 0x10, 0x1e, 0x00, 0x00, 0x00, 0x00,
    0x11, 0x02, 0x12, 0x02, 0x11, 0x02, 0x12, 0x02, 0x11, 0x02, 0x12, 0x02, 0x11, 0x02, 0x12, 0x02, 0x11, 0x02, 0x12, 0x02,
    0x1f, 0x01, 0x20, 0x1e, 0x00, 0x00, 0x00, 0x00, 0x21, 0x01, 0x14, 0x01, 0x1f, 0x01, 0x20, 0x01, 0x21, 0x01, 0x14, 0x01,
    0x1f, 0x01, 0x20, 0x01, 0x21, 0x01, 0x14, 0x01, 0x1f, 0x01, 0x20, 0x01, 0x3b, 0x05, 0x00, 0x15, 0x01, 0x16, 0x01, 0x17,
    0x01, 0x00, 0x00, 0x00, 0x20, 0x01, 0x21, 0x01, 0x14, 0x01, 0x1f, 0x01, 0x20, 0x01, 0x21, 0x01, 0x14, 0x01, 0x1f, 0x01,
    0x20, 0x01, 0x21, 0x01, 0x14, 0x01, 0x1f, 0x01, 0x3b, 0x05, 0x00, 0x18, 0x01, 0x19, 0x01, 0x1a, 0x01, 0x00, 0x00, 0x00,
    0x16, 0x01, 0x17, 0x01, 0x16, 0x01, 0x17, 0x14, 0x00, 0x00, 0x00, 0x00, 0x3b, 0x05, 0x00, 0x19, 0x01, 0x1a, 0x01, 0x19,
    0x01, 0x1a, 0x14, 0x00, 0x00, 0x00, 0x00, 0x00, 0x0d, 0x01, 0x0c, 0x02, 0x0b, 0x02, 0x0c, 0x02, 0x0b, 0x02, 0x0c, 0x02,
    0x0b, 0x02, 0x0c, 0x02, 0x0b, 0x02, 0x0c, 0x02, 0x0b, 0x0a, 0x0d, 0x01, 0x3b, 0x05, 0x00, 0x1b, 0x14, 0x00, 0x00, 0x00,
    0x12, 0x01, 0x11, 0x02, 0x0e, 0x02, 0x11, 0x02, 0x0e, 0x02, 0x11, 0x02, 0x0e, 0x02, 0x11, 0x02, 0x0e, 0x02, 0x11, 0x02,
    0x0e, 0x0a, 0x12, 0x01, 0x13, 0x14, 0x00, 0x00, 0x16, 0x01, 0x15, 0x14, 0x16, 0x01, 0x17, 0x01, 0x18, 0x01, 0x19, 0x01,
    0x0a, 0x01, 0x16, 0x01, 0x17, 0x01, 0x18, 0x01, 0x19, 0x01, 0x0a, 0x01, 0x00, 0x00, 0x00, 0x00, 0x1b, 0x01, 0x1a, 0x14,
    0x1b, 0x01, 0x1c, 0x01, 0x1d, 0x01, 0x1e, 0x01, 0x09, 0x01, 0x1b, 0x01, 0x1c, 0x01, 0x1d, 0x01, 0x1e, 0x01, 0x09, 0x01,
    0x00, 0x00, 0x00, 0x00, 0x0b, 0x01, 0x0c, 0x1e, 0x00, 0x00, 0x00, 0x00, 0x0a, 0x01, 0x0b, 0x1e, 0x00, 0x00, 0x00, 0x00,
    0x2b, 0x19, 0x15, 0x01, 0x16, 0x01, 0x17, 0x01, 0x18, 0x01, 0x00, 0x00, 0x2c, 0x19, 0x19, 0x01, 0x1a, 0x01, 0x1b, 0x01,
    0x1c, 0x01, 0x00, 0x00, 0x18, 0x14, 0x00, 0x00, 0x1c, 0x14, 0x00, 0x00, 0x0b, 0x14, 0x0c, 0x01, 0x0d, 0x01, 0x1d, 0x19,
    0x00, 0x00, 0x00, 0x00, 0x0e, 0x14, 0x0f, 0x01, 0x10, 0x01, 0x1e, 0x19, 0x00, 0x00, 0x00, 0x00, 0x07, 0x01, 0x3c, 0xfa,
    0x00, 0x08, 0x01, 0x3c, 0xf4, 0x00, 0x07, 0x01, 0x08, 0x01, 0x07, 0x01, 0x08, 0x01, 0x07, 0x01, 0x08, 0x01, 0x07, 0x01,
    0x08, 0x01, 0x07, 0x01, 0x08, 0x01, 0x07, 0x01, 0x08, 0x01, 0x07, 0x01, 0x08, 0x01, 0x07, 0x01, 0x08, 0x01, 0x3c, 0xfa,
    0x00, 0x08, 0x01, 0x09, 0x01, 0x3c, 0x00, 0x00, 0x0a, 0x01, 0x09, 0x01, 0x3c, 0x06, 0x00, 0x08, 0x01, 0x09, 0x01, 0x3c,
    0x0c, 0x00, 0x0a, 0x01, 0x09, 0x01, 0x3c, 0x12, 0x00, 0x08, 0x01, 0x09, 0x01, 0x00, 0x00, 0x00, 0x0b, 0x01, 0x3c, 0xfa,
    0x00, 0x0c, 0x01, 0x3c, 0xf4, 0x00, 0x0b, 0x01, 0x0c, 0x01, 0x0b, 0x01, 0x0c, 0x01, 0x0b, 0x01, 0x0c, 0x01, 0x0b, 0x01,
    0x0c, 0x01, 0x0b, 0x01, 0x0c, 0x01, 0x0b, 0x01, 0x0c, 0x01, 0x0b, 0x01, 0x0c, 0x01, 0x0b, 0x01, 0x0c, 0x01, 0x3c, 0xfa,
    0x00, 0x0c, 0x01, 0x0d, 0x01, 0x3c, 0x00, 0x00, 0x0e, 0x01, 0x0d, 0x01, 0x3c, 0x06, 0x00, 0x0c, 0x01, 0x0d, 0x01, 0x3c,
    0x0c, 0x00, 0x0e, 0x01, 0x0d, 0x01, 0x3c, 0x12, 0x00, 0x0c, 0x01, 0x0d, 0x01, 0x00, 0x00, 0x00, 0x3c, 0x0c, 0x00, 0x08,
    0x01, 0x3c, 0x08, 0x00, 0x09, 0x01, 0x3c, 0x04, 0x00, 0x0a, 0x01, 0x00, 0x00, 0x00, 0x00, 0x00, 0x3c, 0x0c, 0x00, 0x0c,
    0x01, 0x3c, 0x08, 0x00, 0x0d, 0x01, 0x3c, 0x04, 0x00, 0x0e, 0x01, 0x00, 0x00, 0x00, 0x00, 0x00, 0x15, 0x0a, 0x16, 0x01,
    0x17, 0x01, 0x32, 0x01, 0x00, 0x00, 0x00, 0x00, 0x34, 0x0a, 0x35, 0x01, 0x36, 0x01, 0x37, 0x01, 0x00, 0x00, 0x00, 0x00,
    0x32, 0x06, 0x33, 0x03, 0x00, 0x00, 0x00, 0x00, 0x37, 0x06, 0x38, 0x03, 0x00, 0x00, 0x00, 0x00, 0x0b, 0x02, 0x0c, 0x02,
    0x0d, 0x10, 0x0e, 0x02, 0x0f, 0x02, 0x10, 0x02, 0x0f, 0x02, 0x0e, 0x05, 0x21, 0x02, 0x15, 0x10, 0x16, 0x01, 0x17, 0x01,
    0x18, 0x01, 0x00, 0x00, 0x11, 0x02, 0x12, 0x02, 0x13, 0x10, 0x14, 0x02, 0x1f, 0x02, 0x20, 0x02, 0x1f, 0x02, 0x14, 0x05,
    0x22, 0x02, 0x1a, 0x10, 0x1b, 0x01, 0x1c, 0x01, 0x1d, 0x01, 0x00, 0x00, 0x19, 0x14, 0x00, 0x00, 0x1e, 0x14, 0x00, 0x00,
    0x0b, 0x03, 0x0c, 0x03, 0x0d, 0x03, 0x0c, 0x03, 0x0b, 0x0a, 0x21, 0x02, 0x3c, 0x08, 0x00, 0x17, 0x01, 0x22, 0x01, 0x18,
    0x01, 0x19, 0x04, 0x1a, 0x01, 0x00, 0x00, 0x00, 0x0e, 0x03, 0x0f, 0x03, 0x10, 0x03, 0x0f, 0x03, 0x0e, 0x0a, 0x11, 0x02,
    0x3c, 0x08, 0x00, 0x12, 0x01, 0x13, 0x01, 0x14, 0x01, 0x1f, 0x04, 0x20, 0x01, 0x00, 0x00, 0x00, 0x1b, 0x01, 0x1c, 0x14,
    0x00, 0x00, 0x00, 0x00, 0x15, 0x01, 0x16, 0x14, 0x00, 0x00, 0x00, 0x00, 0x0b, 0x02, 0x15, 0x02, 0x17, 0x05, 0x16, 0x02,
    0x17, 0x02, 0x18, 0x02, 0x17, 0x02, 0x16, 0x02, 0x17, 0x02, 0x18, 0x02, 0x17, 0x02, 0x16, 0x02, 0x17, 0x02, 0x18, 0x02,
    0x17, 0x02, 0x00, 0x00, 0x0c, 0x02, 0x19, 0x02, 0x1b, 0x05, 0x1a, 0x02, 0x1b, 0x02, 0x1c, 0x02, 0x1b, 0x02, 0x1a, 0x02,
    0x1b, 0x02, 0x1c, 0x02, 0x1b, 0x02, 0x1a, 0x02, 0x1b, 0x02, 0x1c, 0x02, 0x1b, 0x02, 0x00, 0x00, 0x15, 0x02, 0x0b, 0x02,
    0x00, 0x00, 0x00, 0x00, 0x19, 0x02, 0x0c, 0x02, 0x00, 0x00, 0x00, 0x00, 0x0b, 0x0a, 0x15, 0x01, 0x16, 0x01, 0x00, 0x00,
    0x0d, 0x0a, 0x17, 0x01, 0x18, 0x01, 0x00, 0x00, 0x0c, 0x14, 0x00, 0x00, 0x0e, 0x14, 0x00, 0x00, 0x0f, 0x01, 0x10, 0x01,
    0x11, 0x01, 0x12, 0x01, 0x11, 0x01, 0x12, 0x01, 0x11, 0x01, 0x12, 0x01, 0x11, 0x01, 0x12, 0x01, 0x11, 0x01, 0x12, 0x01,
    0x11, 0x01, 0x12, 0x01, 0x11, 0x01, 0x12, 0x01, 0x11, 0x01, 0x12, 0x01, 0x11, 0x01, 0x12, 0x01, 0x19, 0x01, 0x1a, 0x0c,
    0x00, 0x00, 0x00, 0x00, 0x13, 0x01, 0x14, 0x01, 0x1b, 0x01, 0x1c, 0x01, 0x1b, 0x01, 0x1c, 0x01, 0x1b, 0x01, 0x1c, 0x01,
    0x1b, 0x01, 0x1c, 0x01, 0x1b, 0x01, 0x1c, 0x01, 0x1b, 0x01, 0x1c, 0x01, 0x1b, 0x01, 0x1c, 0x01, 0x1b, 0x01, 0x1c, 0x01,
    0x1b, 0x01, 0x1c, 0x01, 0x1f, 0x01, 0x1d, 0x0c, 0x00, 0x00, 0x00, 0x00, 0x15, 0x01, 0x16, 0x01, 0x17, 0x01, 0x16, 0x01,
    0x15, 0x01, 0x16, 0x01, 0x17, 0x01, 0x16, 0x01, 0x15, 0x01, 0x16, 0x01, 0x17, 0x01, 0x16, 0x01, 0x15, 0x01, 0x16, 0x01,
    0x17, 0x01, 0x16, 0x01, 0x07, 0x01, 0x18, 0x01, 0x00, 0x00, 0x00, 0x00, 0x19, 0x01, 0x1a, 0x01, 0x1b, 0x01, 0x1a, 0x01,
    0x19, 0x01, 0x1a, 0x01, 0x1b, 0x01, 0x1a, 0x01, 0x19, 0x01, 0x1a, 0x01, 0x1b, 0x01, 0x1a, 0x01, 0x19, 0x01, 0x1a, 0x01,
    0x1b, 0x01, 0x1a, 0x01, 0x09, 0x01, 0x0a, 0x01, 0x00, 0x00, 0x00, 0x00, 0x08, 0x14, 0x00, 0x00, 0x0b, 0x14, 0x00, 0x00,
    0x0b, 0x02, 0x15, 0x0c, 0x16, 0x01, 0x17, 0x01, 0x18, 0x01, 0x00, 0x00, 0x0c, 0x02, 0x0d, 0x0c, 0x1a, 0x01, 0x1b, 0x01,
    0x1c, 0x01, 0x00, 0x00, 0x19, 0x14, 0x00, 0x00, 0x0e, 0x14, 0x00, 0x00, 0x0b, 0x03, 0x15, 0x0a, 0x16, 0x0f, 0x00, 0x00,
    0x0c, 0x03, 0x17, 0x0a, 0x0d, 0x0f, 0x00, 0x00, 0x0e, 0x01, 0x0b, 0x1e, 0x00, 0x00, 0x00, 0x00, 0x10, 0x01, 0x0d, 0x1e,
    0x00, 0x00, 0x00, 0x00, 0x12, 0x03, 0x13, 0x0a, 0x14, 0x0f, 0x00, 0x00, 0x1f, 0x03, 0x18, 0x0a, 0x19, 0x0f, 0x00, 0x00,
    0x20, 0x01, 0x21, 0x1e, 0x00, 0x00, 0x00, 0x00, 0x1a, 0x01, 0x1b, 0x1e, 0x00, 0x00, 0x00, 0x00, 0x0b, 0x02, 0x0c, 0x02,
    0x0e, 0x0f, 0x00, 0x00, 0x0f, 0x02, 0x10, 0x02, 0x17, 0x0f, 0x00, 0x00, 0x19, 0x01, 0x0d, 0x1e, 0x00, 0x00, 0x00, 0x00,
    0x13, 0x01, 0x11, 0x1e, 0x00, 0x00, 0x00, 0x00, 0x0b, 0x02, 0x0c, 0x02, 0x0d, 0x02, 0x15, 0x02, 0x16, 0x0f, 0x00, 0x00,
    0x0f, 0x02, 0x10, 0x02, 0x11, 0x02, 0x12, 0x02, 0x18, 0x0f, 0x00, 0x00, 0x1a, 0x01, 0x1b, 0x1e, 0x00, 0x00, 0x00, 0x00,
    0x1c, 0x01, 0x1d, 0x1e, 0x00, 0x00, 0x00, 0x00, 0x15, 0x02, 0x16, 0x0c, 0x17, 0x01, 0x18, 0x01, 0x00, 0x00, 0x00, 0x00,
    0x0b, 0x02, 0x0c, 0x0c, 0x1a, 0x01, 0x1b, 0x01, 0x00, 0x00, 0x00, 0x00, 0x19, 0x1e, 0x00, 0x00, 0x0d, 0x1e, 0x00, 0x00,
    0x0e, 0x02, 0x0f, 0x05, 0x10, 0x05, 0x0f, 0x05, 0x10, 0x05, 0x0f, 0x05, 0x10, 0x05, 0x0f, 0x05, 0x10, 0x05, 0x14, 0x01,
    0x1f, 0x14, 0x00, 0x00, 0x11, 0x02, 0x12, 0x05, 0x13, 0x05, 0x12, 0x05, 0x13, 0x05, 0x12, 0x05, 0x13, 0x05, 0x12, 0x05,
    0x13, 0x05, 0x20, 0x01, 0x21, 0x14, 0x00, 0x00, 0x07, 0x01, 0x08, 0x01, 0x09, 0x01, 0x0a, 0x01, 0x15, 0x01, 0x16, 0x01,
    0x17, 0x01, 0x18, 0x01, 0x00, 0x00, 0x00, 0x00, 0x0d, 0x01, 0x0e, 0x01, 0x0f, 0x01, 0x10, 0x01, 0x19, 0x01, 0x1a, 0x01,
    0x1b, 0x01, 0x1c, 0x01, 0x00, 0x00, 0x00, 0x00, 0x0b, 0x01, 0x0c, 0x0a, 0x00, 0x00, 0x00, 0x00, 0x11, 0x01, 0x12, 0x0a,
    0x00, 0x00, 0x00, 0x00, 0x0b, 0x0a, 0x0c, 0x03, 0x0d, 0x0f, 0x00, 0x00, 0x10, 0x0a, 0x11, 0x03, 0x12, 0x0f, 0x00, 0x00,
    0x0e, 0x01, 0x0f, 0x1e, 0x00, 0x00, 0x00, 0x00, 0x13, 0x01, 0x14, 0x1e, 0x00, 0x00, 0x00, 0x00, 0x15, 0x0a, 0x16, 0x03,
    0x17, 0x0f, 0x00, 0x00, 0x1a, 0x0a, 0x1b, 0x03, 0x1c, 0x0f, 0x00, 0x00, 0x18, 0x01, 0x19, 0x1e, 0x00, 0x00, 0x00, 0x00,
    0x1d, 0x01, 0x1e, 0x1e, 0x00, 0x00, 0x00, 0x00, 0x23, 0x01, 0x24, 0x01, 0x25, 0x01, 0x0b, 0x14, 0x25, 0x01, 0x24, 0x01,
    0x23, 0x01, 0x00, 0x00, 0x26, 0x01, 0x27, 0x01, 0x28, 0x01, 0x0c, 0x14, 0x28, 0x01, 0x27, 0x01, 0x26, 0x01, 0x00, 0x00,
    0x15, 0x14, 0x00, 0x00, 0x16, 0x14, 0x00, 0x00, 0x16, 0x01, 0x15, 0x01, 0x16, 0x01, 0x15, 0x01, 0x16, 0x01, 0x15, 0x01,
    0x16, 0x01, 0x15, 0x01, 0x16, 0x01, 0x15, 0x01, 0x16, 0x01, 0x15, 0x01, 0x16, 0x01, 0x17, 0x01, 0x00, 0x00, 0x00, 0x00,
    0x1a, 0x01, 0x19, 0x01, 0x1a, 0x01, 0x19, 0x01, 0x1a, 0x01, 0x19, 0x01, 0x1a, 0x01, 0x19, 0x01, 0x1a, 0x01, 0x19, 0x01,
    0x1a, 0x01, 0x19, 0x01, 0x1a, 0x01, 0x1b, 0x01, 0x00, 0x00, 0x00, 0x00, 0x18, 0x14, 0x00, 0x00, 0x1c, 0x14, 0x00, 0x00,
    0x0b, 0x02, 0x0c, 0x02, 0x0d, 0x02, 0x0e, 0x02, 0x0f, 0x02, 0x10, 0x1e, 0x00, 0x00, 0x00, 0x00, 0x11, 0x02, 0x12, 0x02,
    0x13, 0x02, 0x14, 0x02, 0x1f, 0x02, 0x20, 0x1e, 0x00, 0x00, 0x00, 0x00, 0x10, 0x01, 0x00, 0x00, 0x20, 0x01, 0x00, 0x00,
    0x0b, 0x02, 0x0c, 0x02, 0x0d, 0x02, 0x0e, 0x02, 0x0f, 0x02, 0x10, 0x1e, 0x00, 0x00, 0x00, 0x00, 0x11, 0x02, 0x12, 0x02,
    0x13, 0x02, 0x14, 0x02, 0x1f, 0x02, 0x20, 0x1e, 0x00, 0x00, 0x00, 0x00, 0x0f, 0x01, 0x10, 0x01, 0x11, 0x01, 0x12, 0x01,
    0x0f, 0x01, 0x10, 0x01, 0x11, 0x01, 0x12, 0x01, 0x0f, 0x01, 0x10, 0x01, 0x11, 0x01, 0x12, 0x01, 0x0f, 0x01, 0x10, 0x01,
    0x11, 0x01, 0x12, 0x01, 0x3b, 0x05, 0x00, 0x15, 0x01, 0x00, 0x00, 0x00, 0x13, 0x01, 0x14, 0x01, 0x1f, 0x01, 0x20, 0x01,
    0x13, 0x01, 0x14, 0x01, 0x1f, 0x01, 0x20, 0x01, 0x13, 0x01, 0x14, 0x01, 0x1f, 0x01, 0x20, 0x01, 0x13, 0x01, 0x14, 0x01,
    0x1f, 0x01, 0x20, 0x01, 0x18, 0x01, 0x00, 0x00, 0x3b, 0x05, 0x00, 0x16, 0x14, 0x00, 0x00, 0x00, 0x16, 0x14, 0x00, 0x00,
    0x23, 0x01, 0x24, 0x01, 0x23, 0x01, 0x24, 0x01, 0x23, 0x01, 0x24, 0x01, 0x23, 0x01, 0x24, 0x01, 0x23, 0x01, 0x24, 0x01,
    0x23, 0x01, 0x24, 0x01, 0x23, 0x0a, 0x24, 0x01, 0x25, 0x01, 0x0c, 0x0f, 0x00, 0x00, 0x00, 0x00, 0x27, 0x01, 0x26, 0x01,
    0x0d, 0x01, 0x26, 0x01, 0x0d, 0x01, 0x26, 0x01, 0x0d, 0x01, 0x26, 0x01, 0x0d, 0x01, 0x26, 0x01, 0x0d, 0x01, 0x26, 0x01,
    0x0d, 0x0a, 0x27, 0x01, 0x28, 0x01, 0x0e, 0x0f, 0x00, 0x00, 0x00, 0x00, 0x16, 0x01, 0x15, 0x10, 0x16, 0x01, 0x17, 0x01,
    0x00, 0x00, 0x00, 0x00, 0x1a, 0x01, 0x19, 0x10, 0x1a, 0x01, 0x1b, 0x01, 0x00, 0x00, 0x00, 0x00, 0x18, 0x14, 0x00, 0x00,
    0x1c, 0x14, 0x00, 0x00, 0x24, 0x01, 0x0b, 0x10, 0x24, 0x01, 0x1d, 0x01, 0x1e, 0x01, 0x1d, 0x01, 0x1e, 0x01, 0x1d, 0x01,
    0x1e, 0x0a, 0x00, 0x00, 0x27, 0x01, 0x0c, 0x10, 0x27, 0x01, 0x0d, 0x01, 0x0e, 0x01, 0x0d, 0x01, 0x0e, 0x01, 0x0d, 0x01,
    0x0e, 0x0a, 0x00, 0x00, 0x15, 0x01, 0x16, 0x10, 0x17, 0x01, 0x18, 0x01, 0x19, 0x01, 0x00, 0x00, 0x1a, 0x01, 0x1b, 0x10,
    0x1c, 0x01, 0x1d, 0x01, 0x1e, 0x01, 0x00, 0x00, 0x19, 0x14, 0x18, 0x01, 0x17, 0x01, 0x00, 0x00, 0x1e, 0x14, 0x1d, 0x01,
    0x1c, 0x01, 0x00, 0x00, 0x12, 0x02, 0x13, 0x06, 0x14, 0x0f, 0x0e, 0x01, 0x17, 0x01, 0x18, 0x01, 0x00, 0x00, 0x00, 0x00,
    0x0f, 0x02, 0x10, 0x06, 0x11, 0x0f, 0x0b, 0x01, 0x0c, 0x01, 0x15, 0x01, 0x00, 0x00, 0x00, 0x00, 0x19, 0x01, 0x1b, 0x0f,
    0x00, 0x00, 0x00, 0x00, 0x16, 0x01, 0x0d, 0x0f, 0x00, 0x00, 0x00, 0x00, 0x0b, 0x01, 0x0c, 0x01, 0x0b, 0x01, 0x0c, 0x01,
    0x0b, 0x01, 0x0c, 0x01, 0x0b, 0x01, 0x0c, 0x01, 0x0b, 0x01, 0x0c, 0x01, 0x0b, 0x01, 0x0c, 0x01, 0x0b, 0x01, 0x0c, 0x01,
    0x0b, 0x01, 0x0c, 0x01, 0x1b, 0x02, 0x1c, 0x02, 0x1d, 0x01, 0x00, 0x00, 0x15, 0x01, 0x16, 0x01, 0x15, 0x01, 0x16, 0x01,
    0x15, 0x01, 0x16, 0x01, 0x15, 0x01, 0x16, 0x01, 0x15, 0x01, 0x16, 0x01, 0x15, 0x01, 0x16, 0x01, 0x15, 0x01, 0x16, 0x01,
    0x15, 0x01, 0x16, 0x01, 0x17, 0x02, 0x18, 0x02, 0x19, 0x01, 0x00, 0x00, 0x1d, 0x14, 0x00, 0x00, 0x19, 0x14, 0x00, 0x00,
    0x0d, 0x01, 0x0e, 0x01, 0x0d, 0x01, 0x0e, 0x01, 0x0d, 0x01, 0x0e, 0x01, 0x0d, 0x01, 0x0e, 0x01, 0x0d, 0x01, 0x0e, 0x01,
    0x0d, 0x01, 0x0e, 0x01, 0x0d, 0x01, 0x0e, 0x01, 0x0d, 0x01, 0x0e, 0x01, 0x0d, 0x01, 0x0e, 0x01, 0x0d, 0x01, 0x0e, 0x0a,
    0x00, 0x00, 0x00, 0x00, 0x0f, 0x01, 0x10, 0x01, 0x0f, 0x01, 0x10, 0x01, 0x0f, 0x01, 0x10, 0x01, 0x0f, 0x01, 0x10, 0x01,
    0x0f, 0x01, 0x10, 0x01, 0x0f, 0x01, 0x10, 0x01, 0x0f, 0x01, 0x10, 0x01, 0x0f, 0x01, 0x10, 0x01, 0x0f, 0x01, 0x10, 0x01,
    0x0f, 0x01, 0x10, 0x0a, 0x00, 0x00, 0x00, 0x00, 0x3c, 0x05, 0x00, 0x0c, 0x01, 0x0b, 0x10, 0x0c, 0x01, 0x0d, 0x01, 0x0e,
    0x01, 0x0b, 0x01, 0x0c, 0x01, 0x3c, 0x00, 0x00, 0x15, 0x01, 0x16, 0x01, 0x17, 0x01, 0x00, 0x00, 0x19, 0x01, 0x18, 0x10,
    0x19, 0x01, 0x1a, 0x01, 0x1b, 0x01, 0x18, 0x01, 0x19, 0x01, 0x1c, 0x01, 0x1d, 0x01, 0x1e, 0x01, 0x00, 0x00, 0x00, 0x00,
    0x16, 0x01, 0x17, 0x01, 0x16, 0x01, 0x17, 0x01, 0x16, 0x14, 0x00, 0x00, 0x1d, 0x01, 0x1e, 0x01, 0x1d, 0x01, 0x1e, 0x01,
    0x1d, 0x14, 0x00, 0x00, 0x0b, 0x0a, 0x0c, 0x03, 0x0d, 0x14, 0x00, 0x00, 0x10, 0x0a, 0x11, 0x03, 0x12, 0x14, 0x00, 0x00,
    0x0e, 0x01, 0x0f, 0x14, 0x00, 0x00, 0x00, 0x00, 0x13, 0x01, 0x14, 0x14, 0x00, 0x00, 0x00, 0x00, 0x15, 0x0a, 0x16, 0x03,
    0x17, 0x14, 0x00, 0x00, 0x1a, 0x0a, 0x1b, 0x03, 0x1c, 0x14, 0x00, 0x00, 0x18, 0x01, 0x19, 0x14, 0x00, 0x00, 0x00, 0x00,
    0x1d, 0x01, 0x1e, 0x14, 0x00, 0x00, 0x00, 0x00, 0x0c, 0x01, 0x0b, 0x14, 0x0c, 0x01, 0x3b, 0x05, 0x00, 0x19, 0x01, 0x1a,
    0x01, 0x00, 0x00, 0x00, 0x1c, 0x01, 0x1b, 0x14, 0x1c, 0x01, 0x3b, 0x05, 0x00, 0x1d, 0x01, 0x1e, 0x01, 0x00, 0x00, 0x00,
    0x3b, 0x05, 0x00, 0x19, 0x01, 0x1a, 0x01, 0x19, 0x01, 0x1a, 0x01, 0x19, 0x01, 0x1a, 0x1e, 0x00, 0x00, 0x00, 0x00, 0x00,
    0x3b, 0x05, 0x00, 0x1d, 0x01, 0x1e, 0x01, 0x1d, 0x01, 0x1e, 0x01, 0x1d, 0x01, 0x1e, 0x1e, 0x00, 0x00, 0x00, 0x00, 0x00,
    0x23, 0x02, 0x35, 0x04, 0x34, 0x02, 0x33, 0x02, 0x34, 0x02, 0x33, 0x02, 0x34, 0x02, 0x33, 0x02, 0x34, 0x02, 0x33, 0x02,
    0x34, 0x02, 0x33, 0x02, 0x34, 0x02, 0x33, 0x14, 0x35, 0x01, 0x37, 0x14, 0x00, 0x00, 0x00, 0x00, 0x28, 0x02, 0x17, 0x04,
    0x16, 0x02, 0x15, 0x02, 0x16, 0x02, 0x15, 0x02, 0x16, 0x02, 0x15, 0x02, 0x16, 0x02, 0x15, 0x02, 0x16, 0x02, 0x15, 0x02,
    0x16, 0x02, 0x15, 0x14, 0x17, 0x01, 0x18, 0x14, 0x00, 0x00, 0x00, 0x00, 0x23, 0x02, 0x24, 0x02, 0x3b, 0x05, 0x00, 0x17,
    0x19, 0x18, 0x01, 0x3b, 0x0a, 0x00, 0x38, 0x01, 0x39, 0x01, 0x00, 0x00, 0x26, 0x02, 0x27, 0x02, 0x3b, 0x05, 0x00, 0x15,
    0x19, 0x16, 0x01, 0x3b, 0x0a, 0x00, 0x34, 0x01, 0x35, 0x01, 0x00, 0x00, 0x3b, 0x0a, 0x00, 0x39, 0x0f, 0x3a, 0x03, 0x39,
    0x01, 0x38, 0x03, 0x39, 0x01, 0x3a, 0x03, 0x39, 0x01, 0x38, 0x03, 0x3b, 0x05, 0x00, 0x18, 0x02, 0x17, 0x14, 0x00, 0x00,
    0x3b, 0x0a, 0x00, 0x35, 0x0f, 0x37, 0x03, 0x35, 0x01, 0x34, 0x03, 0x35, 0x01, 0x37, 0x03, 0x35, 0x01, 0x34, 0x03, 0x3b,
    0x05, 0x00, 0x16, 0x02, 0x15, 0x14, 0x00, 0x00, 0x24, 0x02, 0x0b, 0x02, 0x0c, 0x02, 0x0b, 0x02, 0x0c, 0x02, 0x0b, 0x02,
    0x0c, 0x02, 0x0b, 0x02, 0x0c, 0x02, 0x0b, 0x02, 0x0c, 0x02, 0x0b, 0x02, 0x0c, 0x0a, 0x24, 0x01, 0x0d, 0x14, 0x00, 0x00,
    0x27, 0x02, 0x19, 0x02, 0x1a, 0x02, 0x19, 0x02, 0x1a, 0x02, 0x19, 0x02, 0x1a, 0x02, 0x19, 0x02, 0x1a, 0x02, 0x19, 0x02,
    0x1a, 0x02, 0x19, 0x02, 0x1a, 0x0a, 0x27, 0x01, 0x0e, 0x14, 0x00, 0x00, 0x0b, 0x0a, 0x0c, 0x03, 0x0d, 0x0f, 0x00, 0x00,
    0x0e, 0x0a, 0x0f, 0x03, 0x10, 0x0f, 0x00, 0x00, 0x0b, 0x0a, 0x00, 0x00, 0x0e, 0x0a, 0x00, 0x00, 0x15, 0x01, 0x16, 0x01,
    0x15, 0x01, 0x16, 0x01, 0x15, 0x01, 0x16, 0x01, 0x15, 0x01, 0x16, 0x01, 0x15, 0x01, 0x16, 0x01, 0x15, 0x01, 0x16, 0x01,
    0x15, 0x01, 0x16, 0x06, 0x17, 0x01, 0x18, 0x01, 0x19, 0x0f, 0x00, 0x00, 0x1a, 0x01, 0x1b, 0x01, 0x1a, 0x01, 0x1b, 0x01,
    0x1a, 0x01, 0x1b, 0x01, 0x1a, 0x01, 0x1b, 0x01, 0x1a, 0x01, 0x1b, 0x01, 0x1a, 0x01, 0x1b, 0x01, 0x1a, 0x01, 0x1b, 0x06,
    0x1c, 0x01, 0x1d, 0x01, 0x1e, 0x0f, 0x00, 0x00, 0x11, 0x0a, 0x12, 0x03, 0x13, 0x0f, 0x00, 0x00, 0x14, 0x0a, 0x1f, 0x03,
    0x20, 0x0f, 0x00, 0x00, 0x11, 0x0a, 0x00, 0x00, 0x14, 0x0a, 0x00, 0x00, 0x0b, 0x0a, 0x0c, 0x03, 0x0d, 0x0f, 0x00, 0x00,
    0x0e, 0x0a, 0x0f, 0x03, 0x10, 0x0f, 0x00, 0x00, 0x11, 0x01, 0x12, 0x01, 0x1f, 0x0a, 0x00, 0x00, 0x20, 0x01, 0x21, 0x01,
    0x22, 0x0a, 0x00, 0x00, 0x23, 0x01, 0x13, 0x01, 0x14, 0x01, 0x1f, 0x01, 0x14, 0x01, 0x1f, 0x01, 0x14, 0x01, 0x1f, 0x01,
    0x14, 0x01, 0x1f, 0x01, 0x14, 0x01, 0x1f, 0x01, 0x14, 0x01, 0x1f, 0x01, 0x14, 0x01, 0x1f, 0x01, 0x14, 0x01, 0x1f, 0x01,
    0x14, 0x01, 0x1f, 0x0a, 0x00, 0x00, 0x00, 0x00, 0x26, 0x01, 0x1c, 0x01, 0x1d, 0x01, 0x1e, 0x01, 0x1d, 0x01, 0x1e, 0x01,
    0x1d, 0x01, 0x1e, 0x01, 0x1d, 0x01, 0x1e, 0x01, 0x1d, 0x01, 0x1e, 0x01, 0x1d, 0x01, 0x1e, 0x01, 0x1d, 0x01, 0x1e, 0x01,
    0x1d, 0x01, 0x1e, 0x01, 0x1d, 0x01, 0x1e, 0x0a, 0x00, 0x00, 0x00, 0x00, 0x0b, 0x0a, 0x0c, 0x03, 0x0d, 0x03, 0x15, 0x0f,
    0x00, 0x00, 0x00, 0x00, 0x0e, 0x0a, 0x0f, 0x03, 0x10, 0x03, 0x18, 0x0f, 0x00, 0x00, 0x00, 0x00, 0x14, 0x0a, 0x00, 0x00,
    0x11, 0x0a, 0x00, 0x00, 0x15, 0x01, 0x16, 0x01, 0x15, 0x01, 0x16, 0x01, 0x15, 0x01, 0x16, 0x01, 0x15, 0x01, 0x16, 0x01,
    0x15, 0x01, 0x16, 0x01, 0x15, 0x01, 0x16, 0x01, 0x15, 0x01, 0x16, 0x01, 0x15, 0x01, 0x16, 0x01, 0x15, 0x01, 0x16, 0x01,
    0x15, 0x01, 0x16, 0x01, 0x32, 0x02, 0x33, 0x02, 0x00, 0x00, 0x00, 0x00, 0x17, 0x01, 0x18, 0x01, 0x17, 0x01, 0x18, 0x01,
    0x17, 0x01, 0x18, 0x01, 0x17, 0x01, 0x18, 0x01, 0x17, 0x01, 0x18, 0x01, 0x17, 0x01, 0x18, 0x01, 0x17, 0x01, 0x18, 0x01,
    0x17, 0x01, 0x18, 0x01, 0x17, 0x01, 0x18, 0x01, 0x17, 0x01, 0x18, 0x01, 0x35, 0x02, 0x36, 0x02, 0x00, 0x00, 0x00, 0x00,
    0x34, 0x14, 0x00, 0x00, 0x37, 0x14, 0x00, 0x00, 0x32, 0x03, 0x33, 0x14, 0x34, 0x01, 0x00, 0x00, 0x36, 0x03, 0x37, 0x14,
    0x38, 0x01, 0x00, 0x00, 0x34, 0x01, 0x35, 0x14, 0x00, 0x00, 0x00, 0x00, 0x38, 0x01, 0x3b, 0x05, 0x00, 0x15, 0x14, 0x00,
    0x00, 0x00, 0x00, 0x00, 0x16, 0x01, 0x15, 0x0f, 0x16, 0x01, 0x17, 0x01, 0x00, 0x00, 0x00, 0x00, 0x1b, 0x01, 0x1a, 0x0f,
    0x1b, 0x01, 0x1c, 0x01, 0x00, 0x00, 0x00, 0x00, 0x18, 0x01, 0x19, 0x14, 0x18, 0x01, 0x00, 0x00, 0x1d, 0x01, 0x1e, 0x14,
    0x1d, 0x01, 0x00, 0x00, 0x0b, 0x01, 0x0c, 0x02, 0x0d, 0x02, 0x0c, 0x02, 0x0d, 0x02, 0x0c, 0x02, 0x0e, 0x02, 0x0c, 0x02,
    0x0e, 0x02, 0x0c, 0x02, 0x0e, 0x02, 0x0c, 0x02, 0x0e, 0x10, 0x0b, 0x01, 0x00, 0x00, 0x00, 0x00, 0x0f, 0x01, 0x10, 0x02,
    0x11, 0x02, 0x10, 0x02, 0x11, 0x02, 0x10, 0x02, 0x12, 0x02, 0x10, 0x02, 0x12, 0x02, 0x10, 0x02, 0x12, 0x02, 0x10, 0x02,
    0x12, 0x10, 0x0f, 0x01, 0x00, 0x00, 0x00, 0x00, 0x0b, 0x0c, 0x0c, 0x01, 0x15, 0x01, 0x00, 0x00, 0x0d, 0x0c, 0x0e, 0x01,
    0x16, 0x01, 0x00, 0x00, 0x15, 0x01, 0x00, 0x00, 0x16, 0x01, 0x00, 0x00, 0x17, 0x10, 0x18, 0x02, 0x19, 0x0c, 0x18, 0x01,
    0x17, 0x01, 0x1a, 0x09, 0x00, 0x00, 0x00, 0x00, 0x1b, 0x10, 0x1c, 0x02, 0x1d, 0x0c, 0x1c, 0x01, 0x1b, 0x01, 0x1e, 0x09,
    0x00, 0x00, 0x00, 0x00, 0x25, 0x02, 0x16, 0x02, 0x15, 0x14, 0x16, 0x01, 0x00, 0x00, 0x00, 0x00, 0x28, 0x02, 0x1c, 0x02,
    0x1b, 0x14, 0x1c, 0x01, 0x00, 0x00, 0x00, 0x00, 0x3b, 0x05, 0x00, 0x17, 0x14, 0x00, 0x00, 0x00, 0x1d, 0x14, 0x00, 0x00,
    0x0b, 0x01, 0x0c, 0x01, 0x0b, 0x01, 0x0c, 0x01, 0x0b, 0x01, 0x0c, 0x01, 0x0b, 0x01, 0x0c, 0x01, 0x0b, 0x01, 0x0c, 0x01,
    0x0b, 0x01, 0x0c, 0x01, 0x0b, 0x01, 0x0c, 0x0a, 0x0d, 0x01, 0x19, 0x01, 0x18, 0x01, 0x19, 0x01, 0x18, 0x01, 0x19, 0x01,
    0x18, 0x0a, 0x00, 0x00, 0x0e, 0x01, 0x0f, 0x01, 0x0e, 0x01, 0x0f, 0x01, 0x0e, 0x01, 0x0f, 0x01, 0x0e, 0x01, 0x0f, 0x01,
    0x0e, 0x01, 0x0f, 0x01, 0x0e, 0x01, 0x0f, 0x01, 0x0e, 0x01, 0x0f, 0x0a, 0x10, 0x01, 0x1a, 0x01, 0x1e, 0x01, 0x1a, 0x01,
    0x1e, 0x01, 0x1a, 0x01, 0x1e, 0x0a, 0x00, 0x00, 0x15, 0x01, 0x32, 0x01, 0x33, 0x01, 0x32, 0x01, 0x33, 0x01, 0x32, 0x01,
    0x33, 0x01, 0x32, 0x01, 0x33, 0x01, 0x32, 0x01, 0x33, 0x06, 0x16, 0x01, 0x17, 0x01, 0x18, 0x01, 0x00, 0x00, 0x00, 0x00,
    0x34, 0x01, 0x35, 0x01, 0x36, 0x01, 0x35, 0x01, 0x36, 0x01, 0x35, 0x01, 0x36, 0x01, 0x35, 0x01, 0x36, 0x01, 0x35, 0x01,
    0x36, 0x06, 0x37, 0x01, 0x1b, 0x01, 0x1c, 0x01, 0x00, 0x00, 0x00, 0x00, 0x19, 0x01, 0x1a, 0x14, 0x00, 0x00, 0x00, 0x00,
    0x38, 0x01, 0x1d, 0x14, 0x00, 0x00, 0x00, 0x00, 0x0b, 0x02, 0x0c, 0x02, 0x0b, 0x02, 0x0c, 0x02, 0x16, 0x01, 0x15, 0x01,
    0x16, 0x01, 0x15, 0x01, 0x16, 0x01, 0x15, 0x01, 0x16, 0x01, 0x15, 0x06, 0x16, 0x01, 0x17, 0x01, 0x18, 0x01, 0x19, 0x01,
    0x00, 0x00, 0x00, 0x00, 0x0d, 0x02, 0x0e, 0x02, 0x0d, 0x02, 0x0e, 0x02, 0x1a, 0x01, 0x1b, 0x01, 0x1a, 0x01, 0x1b, 0x01,
    0x1a, 0x01, 0x1b, 0x01, 0x1a, 0x01, 0x1b, 0x06, 0x1a, 0x01, 0x1c, 0x01, 0x1d, 0x01, 0x1e, 0x01, 0x00, 0x00, 0x00, 0x00,
    0x18, 0x01, 0x19, 0x01, 0x18, 0x01, 0x19, 0x01, 0x18, 0x14, 0x00, 0x00, 0x1d, 0x01, 0x1e, 0x01, 0x1d, 0x01, 0x1e, 0x01,
    0x1d, 0x14, 0x00, 0x00, 0x18, 0x01, 0x19, 0x10, 0x18, 0x01, 0x17, 0x01, 0x00, 0x00, 0x00, 0x00, 0x1b, 0x01, 0x1a, 0x10,
    0x1b, 0x01, 0x1c, 0x01, 0x00, 0x00, 0x00, 0x00, 0x16, 0x01, 0x15, 0x14, 0x16, 0x01, 0x00, 0x00, 0x1d, 0x01, 0x1e, 0x14,
    0x1d, 0x01, 0x00, 0x00, 0x15, 0x01, 0x16, 0x01, 0x15, 0x01, 0x16, 0x01, 0x15, 0x01, 0x16, 0x01, 0x15, 0x01, 0x16, 0x01,
    0x15, 0x01, 0x16, 0x01, 0x15, 0x01, 0x16, 0x01, 0x15, 0x01, 0x16, 0x01, 0x15, 0x01, 0x16, 0x01, 0x3b, 0x0a, 0x00, 0x17,
    0x01, 0x18, 0x01, 0x00, 0x00, 0x00, 0x00, 0x00, 0x19, 0x01, 0x1a, 0x01, 0x19, 0x01, 0x1a, 0x01, 0x19, 0x01, 0x1a, 0x01,
    0x19, 0x01, 0x1a, 0x01, 0x19, 0x01, 0x1a, 0x01, 0x19, 0x01, 0x1a, 0x01, 0x19, 0x01, 0x1a, 0x01, 0x19, 0x01, 0x1a, 0x01,
    0x3b, 0x0a, 0x00, 0x1b, 0x01, 0x1c, 0x01, 0x00, 0x00, 0x00, 0x00, 0x00, 0x3b, 0x0a, 0x00, 0x18, 0x1e, 0x00, 0x00, 0x00,
    0x3b, 0x0a, 0x00, 0x1c, 0x1e, 0x00, 0x00, 0x00, 0x23, 0x0c, 0x1f, 0x01, 0x20, 0x14, 0x0b, 0x02, 0x0c, 0x10, 0x1b, 0x01,
    0x1c, 0x01, 0x1d, 0x01, 0x1e, 0x01, 0x00, 0x00, 0x26, 0x0c, 0x21, 0x01, 0x22, 0x14, 0x0f, 0x02, 0x10, 0x10, 0x15, 0x01,
    0x16, 0x01, 0x17, 0x01, 0x18, 0x01, 0x19, 0x01, 0x00, 0x00, 0x00, 0x00, 0x1e, 0x14, 0x00, 0x00, 0x19, 0x14, 0x00, 0x00,
    0x0b, 0x04, 0x0c, 0x04, 0x0d, 0x01, 0x0e, 0x01, 0x0d, 0x01, 0x0e, 0x01, 0x0d, 0x01, 0x0e, 0x01, 0x0d, 0x01, 0x0e, 0x01,
    0x0d, 0x01, 0x0e, 0x01, 0x0d, 0x01, 0x0e, 0x01, 0x0d, 0x01, 0x0e, 0x01, 0x0d, 0x01, 0x0e, 0x01, 0x0d, 0x01, 0x0e, 0x01,
    0x00, 0x00, 0x00, 0x00, 0x0f, 0x04, 0x10, 0x04, 0x0f, 0x04, 0x11, 0x01, 0x12, 0x01, 0x11, 0x01, 0x12, 0x01, 0x11, 0x01,
    0x12, 0x01, 0x11, 0x01, 0x12, 0x01, 0x11, 0x01, 0x12, 0x01, 0x11, 0x01, 0x12, 0x01, 0x11, 0x01, 0x12, 0x01, 0x11, 0x01,
    0x12, 0x01, 0x11, 0x01, 0x12, 0x01, 0x00, 0x00, 0x0b, 0x01, 0x0c, 0x01, 0x0d, 0x01, 0x0e, 0x01, 0x0f, 0x01, 0x10, 0x01,
    0x0b, 0x01, 0x0c, 0x01, 0x0d, 0x01, 0x0e, 0x01, 0x0f, 0x01, 0x10, 0x01, 0x0b, 0x01, 0x0c, 0x01, 0x0d, 0x01, 0x0e, 0x01,
    0x0f, 0x01, 0x10, 0x01, 0x15, 0x01, 0x16, 0x01, 0x17, 0x01, 0x18, 0x01, 0x00, 0x00, 0x00, 0x00, 0x11, 0x01, 0x12, 0x01,
    0x13, 0x01, 0x14, 0x01, 0x1f, 0x01, 0x20, 0x01, 0x11, 0x01, 0x12, 0x01, 0x13, 0x01, 0x14, 0x01, 0x1f, 0x01, 0x20, 0x01,
    0x11, 0x01, 0x12, 0x01, 0x13, 0x01, 0x14, 0x01, 0x1f, 0x01, 0x20, 0x01, 0x1b, 0x01, 0x1c, 0x01, 0x1d, 0x01, 0x1e, 0x01,
    0x00, 0x00, 0x00, 0x00, 0x18, 0x14, 0x00, 0x00, 0x1e, 0x14, 0x00, 0x00, 0x24, 0x0a, 0x01, 0x01, 0x21, 0x01, 0x22, 0x01,
    0x21, 0x01, 0x22, 0x01, 0x21, 0x01, 0x22, 0x01, 0x21, 0x01, 0x22, 0x01, 0x21, 0x01, 0x22, 0x01, 0x21, 0x01, 0x22, 0x01,
    0x21, 0x01, 0x22, 0x10, 0x00, 0x00, 0x00, 0x00, 0x28, 0x0a, 0x04, 0x01, 0x19, 0x01, 0x1a, 0x01, 0x19, 0x01, 0x1a, 0x01,
    0x19, 0x01, 0x1a, 0x01, 0x19, 0x01, 0x1a, 0x01, 0x19, 0x01, 0x1a, 0x01, 0x19, 0x01, 0x1a, 0x01, 0x19, 0x01, 0x1a, 0x10,
    0x00, 0x00, 0x00, 0x00, 0x1d, 0x01, 0x1a, 0x01, 0x19, 0x01, 0x1a, 0x01, 0x19, 0x01, 0x1a, 0x01, 0x19, 0x01, 0x1a, 0x01,
    0x19, 0x01, 0x1a, 0x01, 0x19, 0x0f, 0x1d, 0x01, 0x1e, 0x01, 0x3b, 0x0a, 0x00, 0x38, 0x01, 0x39, 0x01, 0x00, 0x00, 0x00,
    0x17, 0x01, 0x16, 0x01, 0x15, 0x01, 0x16, 0x01, 0x15, 0x01, 0x16, 0x01, 0x15, 0x01, 0x16, 0x01, 0x15, 0x01, 0x16, 0x01,
    0x15, 0x0f, 0x17, 0x01, 0x18, 0x01, 0x3b, 0x0a, 0x00, 0x36, 0x01, 0x37, 0x01, 0x00, 0x00, 0x00, 0x3b, 0x0a, 0x00, 0x39,
    0x19, 0x3b, 0x00, 0x00, 0x1e, 0x01, 0x00, 0x00, 0x3b, 0x0a, 0x00, 0x37, 0x19, 0x3b, 0x00, 0x00, 0x18, 0x01, 0x00, 0x00,
    0x0d, 0x02, 0x0b, 0x02, 0x0c, 0x02, 0x0b, 0x02, 0x0c, 0x02, 0x0b, 0x02, 0x0c, 0x02, 0x0b, 0x02, 0x0c, 0x02, 0x0b, 0x02,
    0x0c, 0x0f, 0x0d, 0x01, 0x0e, 0x14, 0x0d, 0x01, 0x00, 0x00, 0x00, 0x00, 0x11, 0x02, 0x0f, 0x02, 0x10, 0x02, 0x0f, 0x02,
    0x10, 0x02, 0x0f, 0x02, 0x10, 0x02, 0x0f, 0x02, 0x10, 0x02, 0x0f, 0x02, 0x10, 0x0f, 0x11, 0x01, 0x12, 0x14, 0x11, 0x01,
    0x00, 0x00, 0x00, 0x00, 0x16, 0x01, 0x15, 0x19, 0x16, 0x01, 0x17, 0x01, 0x00, 0x00, 0x00, 0x00, 0x1a, 0x01, 0x19, 0x19,
    0x1a, 0x01, 0x1b, 0x01, 0x00, 0x00, 0x00, 0x00, 0x18, 0x14, 0x00, 0x00, 0x1c, 0x14, 0x00, 0x00, 0x1d, 0x14, 0x24, 0x01,
    0x1e, 0x19, 0x00, 0x00, 0x32, 0x14, 0x27, 0x01, 0x33, 0x19, 0x00, 0x00, 0x1a, 0x14, 0x1b, 0x02, 0x0b, 0x14, 0x33, 0x02,
    0x34, 0x02, 0x00, 0x00, 0x1a, 0x14, 0x1b, 0x02, 0x0b, 0x14, 0x35, 0x02, 0x36, 0x02, 0x00, 0x00, 0x3b, 0x0a, 0x00, 0x15,
    0x14, 0x16, 0x04, 0x00, 0x00, 0x00, 0x00, 0x00, 0x3b, 0x0a, 0x00, 0x17, 0x14, 0x18, 0x04, 0x00, 0x00, 0x00, 0x00, 0x00,
    0x0c, 0x19, 0x1f, 0x01, 0x19, 0x0f, 0x00, 0x00, 0x20, 0x19, 0x21, 0x01, 0x22, 0x0f, 0x00, 0x00, 0x25, 0x01, 0x0b, 0x01,
    0x25, 0x01, 0x0b, 0x01, 0x25, 0x01, 0x0b, 0x01, 0x25, 0x01, 0x0b, 0x01, 0x25, 0x01, 0x0b, 0x06, 0x16, 0x01, 0x15, 0x10,
    0x16, 0x01, 0x17, 0x01, 0x00, 0x00, 0x00, 0x00, 0x28, 0x01, 0x0c, 0x01, 0x28, 0x01, 0x0c, 0x01, 0x28, 0x01, 0x0c, 0x01,
    0x28, 0x01, 0x0c, 0x01, 0x28, 0x01, 0x0c, 0x06, 0x1b, 0x01, 0x1a, 0x10, 0x1b, 0x01, 0x1c, 0x01, 0x00, 0x00, 0x00, 0x00,
    0x18, 0x01, 0x19, 0x01, 0x18, 0x1e, 0x00, 0x00, 0x1d, 0x01, 0x1e, 0x01, 0x1d, 0x1e, 0x00, 0x00, 0x16, 0x01, 0x15, 0x10,
    0x16, 0x01, 0x17, 0x01, 0x00, 0x00, 0x00, 0x00, 0x1a, 0x01, 0x19, 0x10, 0x1a, 0x01, 0x1b, 0x01, 0x00, 0x00, 0x00, 0x00,
    0x18, 0x1e, 0x00, 0x00, 0x1c, 0x1e, 0x00, 0x00, 0x07, 0x01, 0x08, 0x01, 0x15, 0x0f, 0x16, 0x01, 0x17, 0x01, 0x18, 0x01,
    0x19, 0x01, 0x17, 0x01, 0x18, 0x01, 0x19, 0x01, 0x17, 0x01, 0x18, 0x01, 0x19, 0x01, 0x00, 0x00, 0x0a, 0x01, 0x1a, 0x01,
    0x1b, 0x0f, 0x0b, 0x01, 0x1c, 0x01, 0x1d, 0x01, 0x1e, 0x01, 0x1c, 0x01, 0x1d, 0x01, 0x1e, 0x01, 0x1c, 0x01, 0x1d, 0x01,
    0x1e, 0x01, 0x00, 0x00, 0x17, 0x01, 0x18, 0x01, 0x19, 0x01, 0x17, 0x01, 0x18, 0x01, 0x19, 0x01, 0x17, 0x01, 0x18, 0x01,
    0x19, 0x01, 0x17, 0x01, 0x18, 0x01, 0x19, 0x01, 0x09, 0x01, 0x00, 0x00, 0x1c, 0x01, 0x1d, 0x01, 0x1e, 0x01, 0x1c, 0x01,
    0x1d, 0x01, 0x1e, 0x01, 0x1c, 0x01, 0x1d, 0x01, 0x1e, 0x01, 0x1c, 0x01, 0x1d, 0x01, 0x1e, 0x01, 0x0c, 0x01, 0x00, 0x00,
    0x0b, 0x01, 0x0c, 0x01, 0x0d, 0x01, 0x0e, 0x01, 0x0b, 0x01, 0x0c, 0x01, 0x0d, 0x01, 0x0e, 0x01, 0x0b, 0x01, 0x0c, 0x01,
    0x0d, 0x01, 0x0e, 0x01, 0x0b, 0x01, 0x0c, 0x01, 0x0d, 0x01, 0x0e, 0x01, 0x15, 0x01, 0x16, 0x01, 0x17, 0x01, 0x00, 0x00,
    0x0f, 0x01, 0x10, 0x01, 0x11, 0x01, 0x12, 0x01, 0x0f, 0x01, 0x10, 0x01, 0x11, 0x01, 0x12, 0x01, 0x0f, 0x01, 0x10, 0x01,
    0x11, 0x01, 0x12, 0x01, 0x0f, 0x01, 0x10, 0x01, 0x11, 0x01, 0x12, 0x01, 0x18, 0x01, 0x19, 0x01, 0x1a, 0x01, 0x00, 0x00,
    0x16, 0x01, 0x17, 0x01, 0x16, 0x01, 0x17, 0x14, 0x00, 0x00, 0x00, 0x00, 0x19, 0x01, 0x1a, 0x01, 0x19, 0x01, 0x1a, 0x14,
    0x00, 0x00, 0x00, 0x00, 0x02, 0x01, 0x2b, 0x07, 0x02, 0x01, 0x07, 0x0f, 0x07, 0x01, 0x08, 0x01, 0x3c, 0x04, 0x00, 0x09,
    0x01, 0x08, 0x01, 0x3c, 0x08, 0x00, 0x07, 0x01, 0x08, 0x01, 0x3c, 0x0c, 0x00, 0x09, 0x01, 0x08, 0x01, 0x3c, 0x10, 0x00,
    0x07, 0x01, 0x08, 0x01, 0x3c, 0x14, 0x00, 0x09, 0x01, 0x08, 0x01, 0x00, 0x00, 0x00, 0x00, 0x00, 0x05, 0x01, 0x2c, 0x07,
    0x05, 0x01, 0x0a, 0x0f, 0x0a, 0x01, 0x0b, 0x01, 0x3c, 0x04, 0x00, 0x0c, 0x01, 0x0b, 0x01, 0x3c, 0x08, 0x00, 0x0a, 0x01,
    0x0b, 0x01, 0x3c, 0x0c, 0x00, 0x0c, 0x01, 0x0b, 0x01, 0x3c, 0x10, 0x00, 0x0a, 0x01, 0x0b, 0x01, 0x3c, 0x14, 0x00, 0x0c,
    0x01, 0x0b, 0x01, 0x00, 0x00, 0x00, 0x00, 0x00, 0x3c, 0x0c, 0x00, 0x07, 0x01, 0x08, 0x01, 0x3c, 0x06, 0x00, 0x09, 0x01,
    0x08, 0x01, 0x3c, 0x03, 0x00, 0x07, 0x01, 0x08, 0x01, 0x00, 0x00, 0x00, 0x3c, 0x0c, 0x00, 0x0a, 0x01, 0x0b, 0x01, 0x3c,
    0x06, 0x00, 0x0c, 0x01, 0x0b, 0x01, 0x3c, 0x03, 0x00, 0x0a, 0x01, 0x0b, 0x01, 0x00, 0x00, 0x00, 0x01, 0x01, 0x00, 0x00,
    0x15, 0x0f, 0x16, 0x01, 0x17, 0x01, 0x18, 0x01, 0x00, 0x00, 0x00, 0x00, 0x1a, 0x0f, 0x1b, 0x01, 0x1c, 0x01, 0x1d, 0x01,
    0x00, 0x00, 0x00, 0x00, 0x19, 0x1e, 0x00, 0x00, 0x1e, 0x1e, 0x00, 0x00, 0x1f, 0x01, 0x14, 0x01, 0x13, 0x01, 0x12, 0x01,
    0x11, 0x01, 0x10, 0x01, 0x0f, 0x01, 0x0e, 0x01, 0x0d, 0x01, 0x0c, 0x01, 0x0b, 0x01, 0x0a, 0x01, 0x09, 0x01, 0x08, 0x01,
    0x07, 0x01, 0x06, 0x01, 0x05, 0x01, 0x04, 0x01, 0x03, 0x01, 0x02, 0x01, 0x01, 0x0a, 0x00, 0x00, 0x21, 0x01, 0x20, 0x01,
    0x11, 0x01, 0x12, 0x01, 0x13, 0x01, 0x0e, 0x01, 0x0f, 0x01, 0x10, 0x01, 0x0b, 0x01, 0x0c, 0x01, 0x0d, 0x01, 0x08, 0x01,
    0x09, 0x01, 0x0a, 0x01, 0x05, 0x01, 0x06, 0x01, 0x07, 0x01, 0x02, 0x01, 0x03, 0x01, 0x04, 0x01, 0x01, 0x0a, 0x00, 0x00,
    0x01, 0x14, 0x02, 0x02, 0x03, 0x02, 0x04, 0x02, 0x05, 0x02, 0x06, 0x02, 0x07, 0x02, 0x08, 0x02, 0x09, 0x02, 0x0a, 0x02,
    0x0b, 0x02, 0x0c, 0x02, 0x0d, 0x02, 0x0e, 0x02, 0x0f, 0x02, 0x10, 0x02, 0x11, 0x02, 0x12, 0x02, 0x13, 0x02, 0x14, 0x02,
    0x1f, 0x02, 0x00, 0x00, 0x01, 0x14, 0x04, 0x02, 0x03, 0x02, 0x02, 0x02, 0x07, 0x02, 0x06, 0x02, 0x05, 0x02, 0x0a, 0x02,
    0x09, 0x02, 0x08, 0x02, 0x0d, 0x02, 0x0c, 0x02, 0x0b, 0x02, 0x10, 0x02, 0x0f, 0x02, 0x0e, 0x02, 0x13, 0x02, 0x12, 0x02,
    0x11, 0x02, 0x20, 0x02, 0x21, 0x02, 0x00, 0x00, 0x15, 0x01, 0x16, 0x14, 0x15, 0x01, 0x16, 0x01, 0x15, 0x01, 0x17, 0x01,
    0x18, 0x01, 0x00, 0x00, 0x1a, 0x01, 0x1b, 0x14, 0x1a, 0x01, 0x1b, 0x01, 0x1a, 0x01, 0x1c, 0x01, 0x00, 0x00, 0x00, 0x00,
    0x19, 0x01, 0x00, 0x00, 0x1d, 0x01, 0x00, 0x00, 0x0b, 0x04, 0x0c, 0x02, 0x0d, 0x02, 0x0e, 0x02, 0x0f, 0x02, 0x10, 0x02,
    0x11, 0x02, 0x00, 0x00, 0x12, 0x04, 0x13, 0x02, 0x14, 0x02, 0x1f, 0x02, 0x20, 0x02, 0x21, 0x02, 0x22, 0x02, 0x00, 0x00,
    0x19, 0x01, 0x1a, 0x01, 0x19, 0x01, 0x1a, 0x01, 0x19, 0x01, 0x1a, 0x01, 0x19, 0x01, 0x1a, 0x01, 0x1b, 0x01, 0x1c, 0x08,
    0x1b, 0x01, 0x1a, 0x01, 0x19, 0x01, 0x00, 0x00, 0x15, 0x01, 0x16, 0x01, 0x15, 0x01, 0x16, 0x01, 0x15, 0x01, 0x16, 0x01,
    0x15, 0x01, 0x16, 0x01, 0x17, 0x01, 0x18, 0x08, 0x17, 0x01, 0x16, 0x01, 0x15, 0x01, 0x00, 0x00, 0x1a, 0x01, 0x19, 0x01,
    0x1a, 0x01, 0x19, 0x01, 0x00, 0x00, 0x00, 0x00, 0x16, 0x01, 0x15, 0x01, 0x16, 0x01, 0x15, 0x01, 0x00, 0x00, 0x00, 0x00,
    0x3b, 0x05, 0x00, 0x15, 0x01, 0x16, 0x01, 0x15, 0x01, 0x16, 0x01, 0x15, 0x01, 0x16, 0x01, 0x15, 0x01, 0x16, 0x01, 0x15,
    0x01, 0x16, 0x06, 0x3b, 0x00, 0x00, 0x17, 0x01, 0x00, 0x00, 0x00, 0x00, 0x1a, 0x01, 0x1b, 0x01, 0x1a, 0x01, 0x1b, 0x01,
    0x1a, 0x01, 0x1b, 0x01, 0x1a, 0x01, 0x1b, 0x01, 0x1a, 0x01, 0x1b, 0x06, 0x3b, 0x05, 0x00, 0x1c, 0x01, 0x00, 0x00, 0x00,
    0x18, 0x01, 0x19, 0x01, 0x18, 0x01, 0x19, 0x01, 0x18, 0x01, 0x19, 0x14, 0x00, 0x00, 0x00, 0x00, 0x3b, 0x05, 0x00, 0x1d,
    0x01, 0x1e, 0x01, 0x1d, 0x01, 0x1e, 0x01, 0x1d, 0x01, 0x1e, 0x14, 0x00, 0x00, 0x00, 0x00, 0x00, 0x15, 0x01, 0x16, 0x01,
    0x15, 0x01, 0x16, 0x01, 0x15, 0x01, 0x16, 0x01, 0x15, 0x01, 0x16, 0x01, 0x15, 0x01, 0x16, 0x06, 0x17, 0x01, 0x00, 0x00,
    0x1a, 0x01, 0x1b, 0x01, 0x1a, 0x01, 0x1b, 0x01, 0x1a, 0x01, 0x1b, 0x01, 0x1a, 0x01, 0x1b, 0x01, 0x1a, 0x01, 0x1b, 0x06,
    0x1c, 0x01, 0x00, 0x00, 0x18, 0x01, 0x19, 0x01, 0x18, 0x01, 0x19, 0x01, 0x18, 0x01, 0x19, 0x14, 0x00, 0x00, 0x00, 0x00,
    0x1d, 0x01, 0x1e, 0x01, 0x1d, 0x01, 0x1e, 0x01, 0x1d, 0x01, 0x1e, 0x14, 0x00, 0x00, 0x00, 0x00, 0x0b, 0x01, 0x07, 0x01,
    0x0b, 0x01, 0x07, 0x01, 0x0b, 0x01, 0x07, 0x01, 0x0b, 0x01, 0x07, 0x01, 0x0b, 0x01, 0x07, 0x01, 0x0b, 0x08, 0x02, 0x01,
    0x08, 0x01, 0x0d, 0x01, 0x0e, 0x01, 0x0f, 0x01, 0x3c, 0x02, 0x00, 0x10, 0x01, 0x11, 0x01, 0x3c, 0x04, 0x00, 0x0e, 0x01,
    0x0f, 0x01, 0x3c, 0x06, 0x00, 0x10, 0x01, 0x11, 0x01, 0x3c, 0x08, 0x00, 0x0e, 0x01, 0x0f, 0x01, 0x3c, 0x0a, 0x00, 0x10,
    0x01, 0x11, 0x01, 0x3c, 0x0c, 0x00, 0x0e, 0x01, 0x0f, 0x01, 0x3c, 0x0e, 0x00, 0x10, 0x01, 0x11, 0x01, 0x00, 0x00, 0x00,
    0x0c, 0x01, 0x09, 0x01, 0x0c, 0x01, 0x09, 0x01, 0x0c, 0x01, 0x09, 0x01, 0x0c, 0x01, 0x09, 0x01, 0x0c, 0x01, 0x09, 0x01,
    0x0c, 0x08, 0x05, 0x01, 0x0a, 0x01, 0x0d, 0x01, 0x0e, 0x01, 0x0f, 0x01, 0x3c, 0x02, 0x00, 0x10, 0x01, 0x11, 0x01, 0x3c,
    0x04, 0x00, 0x0e, 0x01, 0x0f, 0x01, 0x3c, 0x06, 0x00, 0x10, 0x01, 0x11, 0x01, 0x3c, 0x08, 0x00, 0x0e, 0x01, 0x0f, 0x01,
    0x3c, 0x0a, 0x00, 0x10, 0x01, 0x11, 0x01, 0x3c, 0x0c, 0x00, 0x0e, 0x01, 0x0f, 0x01, 0x3c, 0x0e, 0x00, 0x10, 0x01, 0x11,
    0x01, 0x00, 0x00, 0x00, 0x0d, 0x02, 0x08, 0x0a, 0x00, 0x00, 0x00, 0x00, 0x0d, 0x02, 0x0a, 0x0a, 0x00, 0x00, 0x00, 0x00,
    0x0b, 0x0c, 0x0c, 0x02, 0x0d, 0x14, 0x00, 0x00, 0x11, 0x0c, 0x12, 0x02, 0x13, 0x14, 0x00, 0x00, 0x0e, 0x01, 0x0f, 0x01,
    0x10, 0x1e, 0x00, 0x00, 0x14, 0x01, 0x1f, 0x01, 0x20, 0x1e, 0x00, 0x00, 0x21, 0x0c, 0x22, 0x02, 0x15, 0x14, 0x00, 0x00,
    0x19, 0x0c, 0x1a, 0x02, 0x1b, 0x14, 0x00, 0x00, 0x16, 0x01, 0x17, 0x01, 0x18, 0x1e, 0x00, 0x00, 0x1c, 0x01, 0x1d, 0x01,
    0x1e, 0x1e, 0x00, 0x00, 0x32, 0x14, 0x33, 0x01, 0x00, 0x00, 0x00, 0x00, 0x35, 0x14, 0x36, 0x01, 0x00, 0x00, 0x00, 0x00,
    0x33, 0x01, 0x34, 0x14, 0x00, 0x00, 0x00, 0x00, 0x36, 0x01, 0x37, 0x14, 0x00, 0x00, 0x00, 0x00, 0x30, 0x01, 0x31, 0x14,
    0x32, 0x01, 0x33, 0x01, 0x34, 0x01, 0x00, 0x00, 0x15, 0x01, 0x36, 0x14, 0x37, 0x01, 0x38, 0x01, 0x39, 0x01, 0x00, 0x00,
    0x35, 0x14, 0x00, 0x00, 0x3a, 0x14, 0x00, 0x00, 0x18, 0x01, 0x19, 0x10, 0x18, 0x01, 0x17, 0x01, 0x00, 0x00, 0x00, 0x00,
    0x1b, 0x01, 0x1a, 0x10, 0x1b, 0x01, 0x1c, 0x01, 0x00, 0x00, 0x00, 0x00, 0x16, 0x01, 0x15, 0x14, 0x00, 0x00, 0x00, 0x00,
    0x1d, 0x01, 0x1e, 0x14, 0x00, 0x00, 0x00, 0x00, 0x0b, 0x02, 0x0c, 0x02, 0x0d, 0x02, 0x0c, 0x02, 0x0d, 0x02, 0x0c, 0x02,
    0x0d, 0x02, 0x0c, 0x02, 0x0d, 0x02, 0x0c, 0x02, 0x0d, 0x0a, 0x00, 0x00, 0x0e, 0x02, 0x0f, 0x02, 0x10, 0x02, 0x0f, 0x02,
    0x10, 0x02, 0x0f, 0x02, 0x10, 0x02, 0x0f, 0x02, 0x10, 0x02, 0x0f, 0x02, 0x10, 0x0a, 0x00, 0x00, 0x15, 0x01, 0x16, 0x14,
    0x17, 0x01, 0x3b, 0xfd, 0xfe, 0x18, 0x1e, 0x00, 0x00, 0x00, 0x00, 0x00, 0x1a, 0x01, 0x1b, 0x14, 0x1c, 0x01, 0x3b, 0xfd,
    0xfe, 0x1d, 0x1e, 0x00, 0x00, 0x00, 0x00, 0x00, 0x3b, 0xfd, 0xfe, 0x18, 0x0f, 0x19, 0x01, 0x00, 0x00, 0x00, 0x00, 0x00,
    0x3b, 0xfd, 0xfe, 0x1d, 0x0f, 0x1e, 0x01, 0x00, 0x00, 0x00, 0x00, 0x00, 0x15, 0x14, 0x16, 0x01, 0x3b, 0xfd, 0xfe, 0x17,
    0x1e, 0x00, 0x00, 0x00, 0x18, 0x14, 0x19, 0x01, 0x3b, 0xfd, 0xfe, 0x1a, 0x1e, 0x00, 0x00, 0x00, 0x3b, 0xfd, 0xfe, 0x17,
    0x1e, 0x00, 0x00, 0x00, 0x3b, 0xfd, 0xfe, 0x1a, 0x1e, 0x00, 0x00, 0x00, 0x15, 0x0a, 0x16, 0x04, 0x17, 0x04, 0x18, 0x04,
    0x19, 0x14, 0x32, 0x03, 0x33, 0x01, 0x00, 0x00, 0x1a, 0x0a, 0x1b, 0x04, 0x1c, 0x04, 0x1d, 0x04, 0x1e, 0x14, 0x35, 0x03,
    0x36, 0x01, 0x00, 0x00, 0x33, 0x01, 0x34, 0x14, 0x00, 0x00, 0x00, 0x00, 0x36, 0x01, 0x37, 0x14, 0x00, 0x00, 0x00, 0x00,
    0x15, 0x0c, 0x16, 0x02, 0x17, 0x01, 0x18, 0x01, 0x17, 0x01, 0x18, 0x01, 0x17, 0x01, 0x18, 0x01, 0x17, 0x01, 0x18, 0x01,
    0x17, 0x01, 0x18, 0x01, 0x17, 0x01, 0x18, 0x01, 0x17, 0x01, 0x18, 0x01, 0x19, 0x01, 0x00, 0x00, 0x1a, 0x0c, 0x1b, 0x02,
    0x1c, 0x01, 0x1d, 0x01, 0x1c, 0x01, 0x1d, 0x01, 0x1c, 0x01, 0x1d, 0x01, 0x1c, 0x01, 0x1d, 0x01, 0x1c, 0x01, 0x1d, 0x01,
    0x1c, 0x01, 0x1d, 0x01, 0x1c, 0x01, 0x1d, 0x01, 0x1e, 0x01, 0x00, 0x00, 0x19, 0x1e, 0x00, 0x00, 0x1e, 0x1e, 0x00, 0x00,
    0x24, 0x01, 0x3b, 0x05, 0x00, 0x15, 0x01, 0x16, 0x0c, 0x17, 0x01, 0x18, 0x01, 0x19, 0x01, 0x17, 0x01, 0x18, 0x01, 0x19,
    0x01, 0x17, 0x01, 0x18, 0x01, 0x19, 0x01, 0x17, 0x01, 0x18, 0x01, 0x19, 0x01, 0x00, 0x00, 0x00, 0x27, 0x01, 0x3b, 0x05,
    0x00, 0x1a, 0x01, 0x1b, 0x0c, 0x1c, 0x01, 0x1d, 0x01, 0x1e, 0x01, 0x1c, 0x01, 0x1d, 0x01, 0x1e, 0x01, 0x1c, 0x01, 0x1d,
    0x01, 0x1e, 0x01, 0x1c, 0x01, 0x1d, 0x01, 0x1e, 0x01, 0x00, 0x00, 0x00, 0x3b, 0x05, 0x00, 0x17, 0x01, 0x18, 0x01, 0x19,
    0x01, 0x16, 0x14, 0x15, 0x01, 0x00, 0x00, 0x00, 0x3b, 0x05, 0x00, 0x1c, 0x01, 0x1d, 0x01, 0x1e, 0x01, 0x1b, 0x14, 0x1a,
    0x01, 0x00, 0x00, 0x00, 0x15, 0x02, 0x16, 0x02, 0x17, 0x01, 0x18, 0x01, 0x17, 0x01, 0x18, 0x01, 0x17, 0x01, 0x18, 0x01,
    0x17, 0x01, 0x18, 0x01, 0x17, 0x01, 0x18, 0x01, 0x17, 0x01, 0x18, 0x01, 0x17, 0x01, 0x18, 0x01, 0x19, 0x01, 0x00, 0x00,
    0x1a, 0x02, 0x1b, 0x02, 0x1c, 0x01, 0x1d, 0x01, 0x1c, 0x01, 0x1d, 0x01, 0x1c, 0x01, 0x1d, 0x01, 0x1c, 0x01, 0x1d, 0x01,
    0x1c, 0x01, 0x1d, 0x01, 0x1c, 0x01, 0x1d, 0x01, 0x1c, 0x01, 0x1d, 0x01, 0x1e, 0x01, 0x00, 0x00, 0x19, 0x1e, 0x00, 0x00,
    0x1e, 0x1e, 0x00, 0x00, 0x25, 0x02, 0x0b, 0x02, 0x0c, 0x14, 0x15, 0x01, 0x16, 0x01, 0x00, 0x00, 0x28, 0x02, 0x3b, 0x05,
    0x00, 0x0d, 0x02, 0x0e, 0x14, 0x18, 0x01, 0x19, 0x01, 0x00, 0x00, 0x00, 0x17, 0x1e, 0x00, 0x00, 0x3b, 0x05, 0x00, 0x1a,
    0x1e, 0x00, 0x00, 0x00,
};

static const u8 *sUnitAnimSet_0[26] = {
    &sUnitAnimDataBlob[244], /* orig 0x800e46bc */
    &sUnitAnimDataBlob[256], /* orig 0x800e46c8 */
    &sUnitAnimDataBlob[340], /* orig 0x800e471c */
    &sUnitAnimDataBlob[404], /* orig 0x800e475c */
    &sUnitAnimDataBlob[468], /* orig 0x800e479c */
    &sUnitAnimDataBlob[512], /* orig 0x800e47c8 */
    &sUnitAnimDataBlob[556], /* orig 0x800e47f4 */
    &sUnitAnimDataBlob[568], /* orig 0x800e4800 */
    &sUnitAnimDataBlob[604], /* orig 0x800e4824 */
    &sUnitAnimDataBlob[612], /* orig 0x800e482c */
    &sUnitAnimDataBlob[620], /* orig 0x800e4834 */
    &sUnitAnimDataBlob[624], /* orig 0x800e4838 */
    &sUnitAnimDataBlob[876], /* orig 0x800e4934 */
    &sUnitAnimDataBlob[892], /* orig 0x800e4944 */
    &sUnitAnimDataBlob[908], /* orig 0x800e4954 */
    &sUnitAnimDataBlob[912], /* orig 0x800e4958 */
    &sUnitAnimDataBlob[916], /* orig 0x800e495c */
    &sUnitAnimDataBlob[944], /* orig 0x800e4978 */
    &sUnitAnimDataBlob[748], /* orig 0x800e48b4 */
    &sUnitAnimDataBlob[756], /* orig 0x800e48bc */
    &sUnitAnimDataBlob[228], /* orig 0x800e46ac */
    &sUnitAnimDataBlob[232], /* orig 0x800e46b0 */
    &sUnitAnimDataBlob[4], /* orig 0x800e45cc */
    &sUnitAnimDataBlob[60], /* orig 0x800e4604 */
    &sUnitAnimDataBlob[764], /* orig 0x800e48c4 */
    &sUnitAnimDataBlob[772], /* orig 0x800e48cc */
};

static const u8 *sUnitAnimSet_1[26] = {
    &sUnitAnimDataBlob[244], /* orig 0x800e46bc */
    &sUnitAnimDataBlob[256], /* orig 0x800e46c8 */
    &sUnitAnimDataBlob[340], /* orig 0x800e471c */
    &sUnitAnimDataBlob[404], /* orig 0x800e475c */
    &sUnitAnimDataBlob[468], /* orig 0x800e479c */
    &sUnitAnimDataBlob[512], /* orig 0x800e47c8 */
    &sUnitAnimDataBlob[556], /* orig 0x800e47f4 */
    &sUnitAnimDataBlob[568], /* orig 0x800e4800 */
    &sUnitAnimDataBlob[604], /* orig 0x800e4824 */
    &sUnitAnimDataBlob[612], /* orig 0x800e482c */
    &sUnitAnimDataBlob[620], /* orig 0x800e4834 */
    &sUnitAnimDataBlob[624], /* orig 0x800e4838 */
    &sUnitAnimDataBlob[972], /* orig 0x800e4994 */
    &sUnitAnimDataBlob[992], /* orig 0x800e49a8 */
    &sUnitAnimDataBlob[1012], /* orig 0x800e49bc */
    &sUnitAnimDataBlob[1028], /* orig 0x800e49cc */
    &sUnitAnimDataBlob[676], /* orig 0x800e486c */
    &sUnitAnimDataBlob[712], /* orig 0x800e4890 */
    &sUnitAnimDataBlob[748], /* orig 0x800e48b4 */
    &sUnitAnimDataBlob[756], /* orig 0x800e48bc */
    &sUnitAnimDataBlob[228], /* orig 0x800e46ac */
    &sUnitAnimDataBlob[232], /* orig 0x800e46b0 */
    &sUnitAnimDataBlob[4], /* orig 0x800e45cc */
    &sUnitAnimDataBlob[60], /* orig 0x800e4604 */
    &sUnitAnimDataBlob[764], /* orig 0x800e48c4 */
    &sUnitAnimDataBlob[772], /* orig 0x800e48cc */
};

static const u8 *sUnitAnimSet_2[30] = {
    &sUnitAnimDataBlob[244], /* orig 0x800e46bc */
    &sUnitAnimDataBlob[256], /* orig 0x800e46c8 */
    &sUnitAnimDataBlob[340], /* orig 0x800e471c */
    &sUnitAnimDataBlob[404], /* orig 0x800e475c */
    &sUnitAnimDataBlob[468], /* orig 0x800e479c */
    &sUnitAnimDataBlob[512], /* orig 0x800e47c8 */
    &sUnitAnimDataBlob[556], /* orig 0x800e47f4 */
    &sUnitAnimDataBlob[568], /* orig 0x800e4800 */
    &sUnitAnimDataBlob[604], /* orig 0x800e4824 */
    &sUnitAnimDataBlob[612], /* orig 0x800e482c */
    &sUnitAnimDataBlob[620], /* orig 0x800e4834 */
    &sUnitAnimDataBlob[624], /* orig 0x800e4838 */
    &sUnitAnimDataBlob[1044], /* orig 0x800e49dc */
    &sUnitAnimDataBlob[1052], /* orig 0x800e49e4 */
    &sUnitAnimDataBlob[1060], /* orig 0x800e49ec */
    &sUnitAnimDataBlob[1068], /* orig 0x800e49f4 */
    &sUnitAnimDataBlob[676], /* orig 0x800e486c */
    &sUnitAnimDataBlob[712], /* orig 0x800e4890 */
    &sUnitAnimDataBlob[748], /* orig 0x800e48b4 */
    &sUnitAnimDataBlob[756], /* orig 0x800e48bc */
    &sUnitAnimDataBlob[228], /* orig 0x800e46ac */
    &sUnitAnimDataBlob[232], /* orig 0x800e46b0 */
    &sUnitAnimDataBlob[4], /* orig 0x800e45cc */
    &sUnitAnimDataBlob[60], /* orig 0x800e4604 */
    &sUnitAnimDataBlob[764], /* orig 0x800e48c4 */
    &sUnitAnimDataBlob[772], /* orig 0x800e48cc */
    &sUnitAnimDataBlob[1076], /* orig 0x800e49fc */
    &sUnitAnimDataBlob[1084], /* orig 0x800e4a04 */
    &sUnitAnimDataBlob[1092], /* orig 0x800e4a0c */
    &sUnitAnimDataBlob[1100], /* orig 0x800e4a14 */
};

static const u8 *sUnitAnimSet_3[26] = {
    &sUnitAnimDataBlob[244], /* orig 0x800e46bc */
    &sUnitAnimDataBlob[256], /* orig 0x800e46c8 */
    &sUnitAnimDataBlob[340], /* orig 0x800e471c */
    &sUnitAnimDataBlob[404], /* orig 0x800e475c */
    &sUnitAnimDataBlob[468], /* orig 0x800e479c */
    &sUnitAnimDataBlob[512], /* orig 0x800e47c8 */
    &sUnitAnimDataBlob[556], /* orig 0x800e47f4 */
    &sUnitAnimDataBlob[568], /* orig 0x800e4800 */
    &sUnitAnimDataBlob[604], /* orig 0x800e4824 */
    &sUnitAnimDataBlob[612], /* orig 0x800e482c */
    &sUnitAnimDataBlob[620], /* orig 0x800e4834 */
    &sUnitAnimDataBlob[624], /* orig 0x800e4838 */
    &sUnitAnimDataBlob[1108], /* orig 0x800e4a1c */
    &sUnitAnimDataBlob[1144], /* orig 0x800e4a40 */
    &sUnitAnimDataBlob[1180], /* orig 0x800e4a64 */
    &sUnitAnimDataBlob[1188], /* orig 0x800e4a6c */
    &sUnitAnimDataBlob[1196], /* orig 0x800e4a74 */
    &sUnitAnimDataBlob[1208], /* orig 0x800e4a80 */
    &sUnitAnimDataBlob[748], /* orig 0x800e48b4 */
    &sUnitAnimDataBlob[756], /* orig 0x800e48bc */
    &sUnitAnimDataBlob[228], /* orig 0x800e46ac */
    &sUnitAnimDataBlob[232], /* orig 0x800e46b0 */
    &sUnitAnimDataBlob[4], /* orig 0x800e45cc */
    &sUnitAnimDataBlob[60], /* orig 0x800e4604 */
    &sUnitAnimDataBlob[764], /* orig 0x800e48c4 */
    &sUnitAnimDataBlob[772], /* orig 0x800e48cc */
};

static const u8 *sUnitAnimSet_4[26] = {
    &sUnitAnimDataBlob[244], /* orig 0x800e46bc */
    &sUnitAnimDataBlob[256], /* orig 0x800e46c8 */
    &sUnitAnimDataBlob[340], /* orig 0x800e471c */
    &sUnitAnimDataBlob[404], /* orig 0x800e475c */
    &sUnitAnimDataBlob[468], /* orig 0x800e479c */
    &sUnitAnimDataBlob[512], /* orig 0x800e47c8 */
    &sUnitAnimDataBlob[556], /* orig 0x800e47f4 */
    &sUnitAnimDataBlob[568], /* orig 0x800e4800 */
    &sUnitAnimDataBlob[604], /* orig 0x800e4824 */
    &sUnitAnimDataBlob[612], /* orig 0x800e482c */
    &sUnitAnimDataBlob[620], /* orig 0x800e4834 */
    &sUnitAnimDataBlob[624], /* orig 0x800e4838 */
    &sUnitAnimDataBlob[1236], /* orig 0x800e4a9c */
    &sUnitAnimDataBlob[1268], /* orig 0x800e4abc */
    &sUnitAnimDataBlob[1300], /* orig 0x800e4adc */
    &sUnitAnimDataBlob[1304], /* orig 0x800e4ae0 */
    &sUnitAnimDataBlob[1308], /* orig 0x800e4ae4 */
    &sUnitAnimDataBlob[1336], /* orig 0x800e4b00 */
    &sUnitAnimDataBlob[748], /* orig 0x800e48b4 */
    &sUnitAnimDataBlob[756], /* orig 0x800e48bc */
    &sUnitAnimDataBlob[228], /* orig 0x800e46ac */
    &sUnitAnimDataBlob[232], /* orig 0x800e46b0 */
    &sUnitAnimDataBlob[4], /* orig 0x800e45cc */
    &sUnitAnimDataBlob[60], /* orig 0x800e4604 */
    &sUnitAnimDataBlob[764], /* orig 0x800e48c4 */
    &sUnitAnimDataBlob[772], /* orig 0x800e48cc */
};

static const u8 *sUnitAnimSet_5[26] = {
    &sUnitAnimDataBlob[244], /* orig 0x800e46bc */
    &sUnitAnimDataBlob[256], /* orig 0x800e46c8 */
    &sUnitAnimDataBlob[340], /* orig 0x800e471c */
    &sUnitAnimDataBlob[404], /* orig 0x800e475c */
    &sUnitAnimDataBlob[468], /* orig 0x800e479c */
    &sUnitAnimDataBlob[512], /* orig 0x800e47c8 */
    &sUnitAnimDataBlob[556], /* orig 0x800e47f4 */
    &sUnitAnimDataBlob[568], /* orig 0x800e4800 */
    &sUnitAnimDataBlob[604], /* orig 0x800e4824 */
    &sUnitAnimDataBlob[612], /* orig 0x800e482c */
    &sUnitAnimDataBlob[620], /* orig 0x800e4834 */
    &sUnitAnimDataBlob[624], /* orig 0x800e4838 */
    &sUnitAnimDataBlob[1364], /* orig 0x800e4b1c */
    &sUnitAnimDataBlob[1404], /* orig 0x800e4b44 */
    &sUnitAnimDataBlob[1444], /* orig 0x800e4b6c */
    &sUnitAnimDataBlob[1448], /* orig 0x800e4b70 */
    &sUnitAnimDataBlob[676], /* orig 0x800e486c */
    &sUnitAnimDataBlob[712], /* orig 0x800e4890 */
    &sUnitAnimDataBlob[748], /* orig 0x800e48b4 */
    &sUnitAnimDataBlob[756], /* orig 0x800e48bc */
    &sUnitAnimDataBlob[228], /* orig 0x800e46ac */
    &sUnitAnimDataBlob[232], /* orig 0x800e46b0 */
    &sUnitAnimDataBlob[4], /* orig 0x800e45cc */
    &sUnitAnimDataBlob[60], /* orig 0x800e4604 */
    &sUnitAnimDataBlob[764], /* orig 0x800e48c4 */
    &sUnitAnimDataBlob[772], /* orig 0x800e48cc */
};

static const u8 *sUnitAnimSet_6[26] = {
    &sUnitAnimDataBlob[244], /* orig 0x800e46bc */
    &sUnitAnimDataBlob[256], /* orig 0x800e46c8 */
    &sUnitAnimDataBlob[340], /* orig 0x800e471c */
    &sUnitAnimDataBlob[404], /* orig 0x800e475c */
    &sUnitAnimDataBlob[468], /* orig 0x800e479c */
    &sUnitAnimDataBlob[512], /* orig 0x800e47c8 */
    &sUnitAnimDataBlob[556], /* orig 0x800e47f4 */
    &sUnitAnimDataBlob[568], /* orig 0x800e4800 */
    &sUnitAnimDataBlob[604], /* orig 0x800e4824 */
    &sUnitAnimDataBlob[612], /* orig 0x800e482c */
    &sUnitAnimDataBlob[620], /* orig 0x800e4834 */
    &sUnitAnimDataBlob[624], /* orig 0x800e4838 */
    &sUnitAnimDataBlob[1452], /* orig 0x800e4b74 */
    &sUnitAnimDataBlob[1472], /* orig 0x800e4b88 */
    &sUnitAnimDataBlob[1488], /* orig 0x800e4b98 */
    &sUnitAnimDataBlob[1500], /* orig 0x800e4ba4 */
    &sUnitAnimDataBlob[676], /* orig 0x800e486c */
    &sUnitAnimDataBlob[712], /* orig 0x800e4890 */
    &sUnitAnimDataBlob[748], /* orig 0x800e48b4 */
    &sUnitAnimDataBlob[756], /* orig 0x800e48bc */
    &sUnitAnimDataBlob[228], /* orig 0x800e46ac */
    &sUnitAnimDataBlob[232], /* orig 0x800e46b0 */
    &sUnitAnimDataBlob[4], /* orig 0x800e45cc */
    &sUnitAnimDataBlob[60], /* orig 0x800e4604 */
    &sUnitAnimDataBlob[764], /* orig 0x800e48c4 */
    &sUnitAnimDataBlob[772], /* orig 0x800e48cc */
};

static const u8 *sUnitAnimSet_7[26] = {
    &sUnitAnimDataBlob[244], /* orig 0x800e46bc */
    &sUnitAnimDataBlob[256], /* orig 0x800e46c8 */
    &sUnitAnimDataBlob[340], /* orig 0x800e471c */
    &sUnitAnimDataBlob[404], /* orig 0x800e475c */
    &sUnitAnimDataBlob[468], /* orig 0x800e479c */
    &sUnitAnimDataBlob[512], /* orig 0x800e47c8 */
    &sUnitAnimDataBlob[556], /* orig 0x800e47f4 */
    &sUnitAnimDataBlob[568], /* orig 0x800e4800 */
    &sUnitAnimDataBlob[604], /* orig 0x800e4824 */
    &sUnitAnimDataBlob[612], /* orig 0x800e482c */
    &sUnitAnimDataBlob[620], /* orig 0x800e4834 */
    &sUnitAnimDataBlob[624], /* orig 0x800e4838 */
    &sUnitAnimDataBlob[1508], /* orig 0x800e4bac */
    &sUnitAnimDataBlob[1528], /* orig 0x800e4bc0 */
    &sUnitAnimDataBlob[1548], /* orig 0x800e4bd4 */
    &sUnitAnimDataBlob[1556], /* orig 0x800e4bdc */
    &sUnitAnimDataBlob[2544], /* orig 0x800e4fb8 */
    &sUnitAnimDataBlob[2572], /* orig 0x800e4fd4 */
    &sUnitAnimDataBlob[748], /* orig 0x800e48b4 */
    &sUnitAnimDataBlob[756], /* orig 0x800e48bc */
    &sUnitAnimDataBlob[228], /* orig 0x800e46ac */
    &sUnitAnimDataBlob[232], /* orig 0x800e46b0 */
    &sUnitAnimDataBlob[4], /* orig 0x800e45cc */
    &sUnitAnimDataBlob[60], /* orig 0x800e4604 */
    &sUnitAnimDataBlob[764], /* orig 0x800e48c4 */
    &sUnitAnimDataBlob[772], /* orig 0x800e48cc */
};

static const u8 *sUnitAnimSet_8[26] = {
    &sUnitAnimDataBlob[244], /* orig 0x800e46bc */
    &sUnitAnimDataBlob[256], /* orig 0x800e46c8 */
    &sUnitAnimDataBlob[340], /* orig 0x800e471c */
    &sUnitAnimDataBlob[404], /* orig 0x800e475c */
    &sUnitAnimDataBlob[468], /* orig 0x800e479c */
    &sUnitAnimDataBlob[512], /* orig 0x800e47c8 */
    &sUnitAnimDataBlob[556], /* orig 0x800e47f4 */
    &sUnitAnimDataBlob[568], /* orig 0x800e4800 */
    &sUnitAnimDataBlob[604], /* orig 0x800e4824 */
    &sUnitAnimDataBlob[612], /* orig 0x800e482c */
    &sUnitAnimDataBlob[620], /* orig 0x800e4834 */
    &sUnitAnimDataBlob[624], /* orig 0x800e4838 */
    &sUnitAnimDataBlob[1564], /* orig 0x800e4be4 */
    &sUnitAnimDataBlob[1572], /* orig 0x800e4bec */
    &sUnitAnimDataBlob[1580], /* orig 0x800e4bf4 */
    &sUnitAnimDataBlob[1584], /* orig 0x800e4bf8 */
    &sUnitAnimDataBlob[1588], /* orig 0x800e4bfc */
    &sUnitAnimDataBlob[1616], /* orig 0x800e4c18 */
    &sUnitAnimDataBlob[748], /* orig 0x800e48b4 */
    &sUnitAnimDataBlob[756], /* orig 0x800e48bc */
    &sUnitAnimDataBlob[228], /* orig 0x800e46ac */
    &sUnitAnimDataBlob[232], /* orig 0x800e46b0 */
    &sUnitAnimDataBlob[4], /* orig 0x800e45cc */
    &sUnitAnimDataBlob[60], /* orig 0x800e4604 */
    &sUnitAnimDataBlob[764], /* orig 0x800e48c4 */
    &sUnitAnimDataBlob[772], /* orig 0x800e48cc */
};

static const u8 *sUnitAnimSet_9[26] = {
    &sUnitAnimDataBlob[244], /* orig 0x800e46bc */
    &sUnitAnimDataBlob[256], /* orig 0x800e46c8 */
    &sUnitAnimDataBlob[340], /* orig 0x800e471c */
    &sUnitAnimDataBlob[404], /* orig 0x800e475c */
    &sUnitAnimDataBlob[468], /* orig 0x800e479c */
    &sUnitAnimDataBlob[512], /* orig 0x800e47c8 */
    &sUnitAnimDataBlob[556], /* orig 0x800e47f4 */
    &sUnitAnimDataBlob[568], /* orig 0x800e4800 */
    &sUnitAnimDataBlob[604], /* orig 0x800e4824 */
    &sUnitAnimDataBlob[612], /* orig 0x800e482c */
    &sUnitAnimDataBlob[620], /* orig 0x800e4834 */
    &sUnitAnimDataBlob[624], /* orig 0x800e4838 */
    &sUnitAnimDataBlob[1648], /* orig 0x800e4c38 */
    &sUnitAnimDataBlob[1684], /* orig 0x800e4c5c */
    &sUnitAnimDataBlob[1720], /* orig 0x800e4c80 */
    &sUnitAnimDataBlob[1724], /* orig 0x800e4c84 */
    &sUnitAnimDataBlob[1728], /* orig 0x800e4c88 */
    &sUnitAnimDataBlob[1760], /* orig 0x800e4ca8 */
    &sUnitAnimDataBlob[748], /* orig 0x800e48b4 */
    &sUnitAnimDataBlob[756], /* orig 0x800e48bc */
    &sUnitAnimDataBlob[228], /* orig 0x800e46ac */
    &sUnitAnimDataBlob[232], /* orig 0x800e46b0 */
    &sUnitAnimDataBlob[4], /* orig 0x800e45cc */
    &sUnitAnimDataBlob[60], /* orig 0x800e4604 */
    &sUnitAnimDataBlob[764], /* orig 0x800e48c4 */
    &sUnitAnimDataBlob[772], /* orig 0x800e48cc */
};

static const u8 *sUnitAnimSet_10[26] = {
    &sUnitAnimDataBlob[244], /* orig 0x800e46bc */
    &sUnitAnimDataBlob[256], /* orig 0x800e46c8 */
    &sUnitAnimDataBlob[340], /* orig 0x800e471c */
    &sUnitAnimDataBlob[404], /* orig 0x800e475c */
    &sUnitAnimDataBlob[468], /* orig 0x800e479c */
    &sUnitAnimDataBlob[512], /* orig 0x800e47c8 */
    &sUnitAnimDataBlob[556], /* orig 0x800e47f4 */
    &sUnitAnimDataBlob[568], /* orig 0x800e4800 */
    &sUnitAnimDataBlob[604], /* orig 0x800e4824 */
    &sUnitAnimDataBlob[612], /* orig 0x800e482c */
    &sUnitAnimDataBlob[620], /* orig 0x800e4834 */
    &sUnitAnimDataBlob[624], /* orig 0x800e4838 */
    &sUnitAnimDataBlob[1788], /* orig 0x800e4cc4 */
    &sUnitAnimDataBlob[1828], /* orig 0x800e4cec */
    &sUnitAnimDataBlob[1868], /* orig 0x800e4d14 */
    &sUnitAnimDataBlob[1872], /* orig 0x800e4d18 */
    &sUnitAnimDataBlob[676], /* orig 0x800e486c */
    &sUnitAnimDataBlob[712], /* orig 0x800e4890 */
    &sUnitAnimDataBlob[748], /* orig 0x800e48b4 */
    &sUnitAnimDataBlob[756], /* orig 0x800e48bc */
    &sUnitAnimDataBlob[228], /* orig 0x800e46ac */
    &sUnitAnimDataBlob[232], /* orig 0x800e46b0 */
    &sUnitAnimDataBlob[4], /* orig 0x800e45cc */
    &sUnitAnimDataBlob[60], /* orig 0x800e4604 */
    &sUnitAnimDataBlob[764], /* orig 0x800e48c4 */
    &sUnitAnimDataBlob[772], /* orig 0x800e48cc */
};

static const u8 *sUnitAnimSet_11[30] = {
    &sUnitAnimDataBlob[244], /* orig 0x800e46bc */
    &sUnitAnimDataBlob[256], /* orig 0x800e46c8 */
    &sUnitAnimDataBlob[340], /* orig 0x800e471c */
    &sUnitAnimDataBlob[404], /* orig 0x800e475c */
    &sUnitAnimDataBlob[468], /* orig 0x800e479c */
    &sUnitAnimDataBlob[512], /* orig 0x800e47c8 */
    &sUnitAnimDataBlob[556], /* orig 0x800e47f4 */
    &sUnitAnimDataBlob[568], /* orig 0x800e4800 */
    &sUnitAnimDataBlob[604], /* orig 0x800e4824 */
    &sUnitAnimDataBlob[612], /* orig 0x800e482c */
    &sUnitAnimDataBlob[620], /* orig 0x800e4834 */
    &sUnitAnimDataBlob[624], /* orig 0x800e4838 */
    &sUnitAnimDataBlob[1876], /* orig 0x800e4d1c */
    &sUnitAnimDataBlob[1884], /* orig 0x800e4d24 */
    &sUnitAnimDataBlob[1892], /* orig 0x800e4d2c */
    &sUnitAnimDataBlob[1900], /* orig 0x800e4d34 */
    &sUnitAnimDataBlob[676], /* orig 0x800e486c */
    &sUnitAnimDataBlob[712], /* orig 0x800e4890 */
    &sUnitAnimDataBlob[748], /* orig 0x800e48b4 */
    &sUnitAnimDataBlob[756], /* orig 0x800e48bc */
    &sUnitAnimDataBlob[228], /* orig 0x800e46ac */
    &sUnitAnimDataBlob[232], /* orig 0x800e46b0 */
    &sUnitAnimDataBlob[4], /* orig 0x800e45cc */
    &sUnitAnimDataBlob[60], /* orig 0x800e4604 */
    &sUnitAnimDataBlob[764], /* orig 0x800e48c4 */
    &sUnitAnimDataBlob[772], /* orig 0x800e48cc */
    &sUnitAnimDataBlob[1908], /* orig 0x800e4d3c */
    &sUnitAnimDataBlob[1920], /* orig 0x800e4d48 */
    &sUnitAnimDataBlob[1932], /* orig 0x800e4d54 */
    &sUnitAnimDataBlob[1940], /* orig 0x800e4d5c */
};

static const u8 *sUnitAnimSet_12[26] = {
    &sUnitAnimDataBlob[244], /* orig 0x800e46bc */
    &sUnitAnimDataBlob[256], /* orig 0x800e46c8 */
    &sUnitAnimDataBlob[340], /* orig 0x800e471c */
    &sUnitAnimDataBlob[404], /* orig 0x800e475c */
    &sUnitAnimDataBlob[468], /* orig 0x800e479c */
    &sUnitAnimDataBlob[512], /* orig 0x800e47c8 */
    &sUnitAnimDataBlob[556], /* orig 0x800e47f4 */
    &sUnitAnimDataBlob[568], /* orig 0x800e4800 */
    &sUnitAnimDataBlob[604], /* orig 0x800e4824 */
    &sUnitAnimDataBlob[612], /* orig 0x800e482c */
    &sUnitAnimDataBlob[620], /* orig 0x800e4834 */
    &sUnitAnimDataBlob[624], /* orig 0x800e4838 */
    &sUnitAnimDataBlob[1948], /* orig 0x800e4d64 */
    &sUnitAnimDataBlob[1964], /* orig 0x800e4d74 */
    &sUnitAnimDataBlob[1980], /* orig 0x800e4d84 */
    &sUnitAnimDataBlob[1984], /* orig 0x800e4d88 */
    &sUnitAnimDataBlob[1988], /* orig 0x800e4d8c */
    &sUnitAnimDataBlob[2000], /* orig 0x800e4d98 */
    &sUnitAnimDataBlob[748], /* orig 0x800e48b4 */
    &sUnitAnimDataBlob[756], /* orig 0x800e48bc */
    &sUnitAnimDataBlob[228], /* orig 0x800e46ac */
    &sUnitAnimDataBlob[232], /* orig 0x800e46b0 */
    &sUnitAnimDataBlob[4], /* orig 0x800e45cc */
    &sUnitAnimDataBlob[60], /* orig 0x800e4604 */
    &sUnitAnimDataBlob[764], /* orig 0x800e48c4 */
    &sUnitAnimDataBlob[772], /* orig 0x800e48cc */
};

static const u8 *sUnitAnimSet_13[26] = {
    &sUnitAnimDataBlob[244], /* orig 0x800e46bc */
    &sUnitAnimDataBlob[256], /* orig 0x800e46c8 */
    &sUnitAnimDataBlob[340], /* orig 0x800e471c */
    &sUnitAnimDataBlob[404], /* orig 0x800e475c */
    &sUnitAnimDataBlob[468], /* orig 0x800e479c */
    &sUnitAnimDataBlob[512], /* orig 0x800e47c8 */
    &sUnitAnimDataBlob[556], /* orig 0x800e47f4 */
    &sUnitAnimDataBlob[568], /* orig 0x800e4800 */
    &sUnitAnimDataBlob[604], /* orig 0x800e4824 */
    &sUnitAnimDataBlob[612], /* orig 0x800e482c */
    &sUnitAnimDataBlob[620], /* orig 0x800e4834 */
    &sUnitAnimDataBlob[624], /* orig 0x800e4838 */
    &sUnitAnimDataBlob[2032], /* orig 0x800e4db8 */
    &sUnitAnimDataBlob[2064], /* orig 0x800e4dd8 */
    &sUnitAnimDataBlob[2100], /* orig 0x800e4dfc */
    &sUnitAnimDataBlob[2104], /* orig 0x800e4e00 */
    &sUnitAnimDataBlob[2108], /* orig 0x800e4e04 */
    &sUnitAnimDataBlob[2120], /* orig 0x800e4e10 */
    &sUnitAnimDataBlob[748], /* orig 0x800e48b4 */
    &sUnitAnimDataBlob[756], /* orig 0x800e48bc */
    &sUnitAnimDataBlob[228], /* orig 0x800e46ac */
    &sUnitAnimDataBlob[232], /* orig 0x800e46b0 */
    &sUnitAnimDataBlob[4], /* orig 0x800e45cc */
    &sUnitAnimDataBlob[60], /* orig 0x800e4604 */
    &sUnitAnimDataBlob[764], /* orig 0x800e48c4 */
    &sUnitAnimDataBlob[772], /* orig 0x800e48cc */
};

static const u8 *sUnitAnimSet_14[30] = {
    &sUnitAnimDataBlob[244], /* orig 0x800e46bc */
    &sUnitAnimDataBlob[256], /* orig 0x800e46c8 */
    &sUnitAnimDataBlob[340], /* orig 0x800e471c */
    &sUnitAnimDataBlob[404], /* orig 0x800e475c */
    &sUnitAnimDataBlob[468], /* orig 0x800e479c */
    &sUnitAnimDataBlob[512], /* orig 0x800e47c8 */
    &sUnitAnimDataBlob[556], /* orig 0x800e47f4 */
    &sUnitAnimDataBlob[568], /* orig 0x800e4800 */
    &sUnitAnimDataBlob[604], /* orig 0x800e4824 */
    &sUnitAnimDataBlob[612], /* orig 0x800e482c */
    &sUnitAnimDataBlob[620], /* orig 0x800e4834 */
    &sUnitAnimDataBlob[624], /* orig 0x800e4838 */
    &sUnitAnimDataBlob[2144], /* orig 0x800e4e28 */
    &sUnitAnimDataBlob[2152], /* orig 0x800e4e30 */
    &sUnitAnimDataBlob[2160], /* orig 0x800e4e38 */
    &sUnitAnimDataBlob[2168], /* orig 0x800e4e40 */
    &sUnitAnimDataBlob[676], /* orig 0x800e486c */
    &sUnitAnimDataBlob[712], /* orig 0x800e4890 */
    &sUnitAnimDataBlob[748], /* orig 0x800e48b4 */
    &sUnitAnimDataBlob[756], /* orig 0x800e48bc */
    &sUnitAnimDataBlob[228], /* orig 0x800e46ac */
    &sUnitAnimDataBlob[232], /* orig 0x800e46b0 */
    &sUnitAnimDataBlob[4], /* orig 0x800e45cc */
    &sUnitAnimDataBlob[60], /* orig 0x800e4604 */
    &sUnitAnimDataBlob[764], /* orig 0x800e48c4 */
    &sUnitAnimDataBlob[772], /* orig 0x800e48cc */
    &sUnitAnimDataBlob[2176], /* orig 0x800e4e48 */
    &sUnitAnimDataBlob[2188], /* orig 0x800e4e54 */
    &sUnitAnimDataBlob[2200], /* orig 0x800e4e60 */
    &sUnitAnimDataBlob[2208], /* orig 0x800e4e68 */
};

static const u8 *sUnitAnimSet_15[26] = {
    &sUnitAnimDataBlob[244], /* orig 0x800e46bc */
    &sUnitAnimDataBlob[256], /* orig 0x800e46c8 */
    &sUnitAnimDataBlob[340], /* orig 0x800e471c */
    &sUnitAnimDataBlob[404], /* orig 0x800e475c */
    &sUnitAnimDataBlob[468], /* orig 0x800e479c */
    &sUnitAnimDataBlob[512], /* orig 0x800e47c8 */
    &sUnitAnimDataBlob[556], /* orig 0x800e47f4 */
    &sUnitAnimDataBlob[568], /* orig 0x800e4800 */
    &sUnitAnimDataBlob[604], /* orig 0x800e4824 */
    &sUnitAnimDataBlob[612], /* orig 0x800e482c */
    &sUnitAnimDataBlob[620], /* orig 0x800e4834 */
    &sUnitAnimDataBlob[624], /* orig 0x800e4838 */
    &sUnitAnimDataBlob[2216], /* orig 0x800e4e70 */
    &sUnitAnimDataBlob[2276], /* orig 0x800e4eac */
    &sUnitAnimDataBlob[2332], /* orig 0x800e4ee4 */
    &sUnitAnimDataBlob[2352], /* orig 0x800e4ef8 */
    &sUnitAnimDataBlob[676], /* orig 0x800e486c */
    &sUnitAnimDataBlob[712], /* orig 0x800e4890 */
    &sUnitAnimDataBlob[748], /* orig 0x800e48b4 */
    &sUnitAnimDataBlob[756], /* orig 0x800e48bc */
    &sUnitAnimDataBlob[228], /* orig 0x800e46ac */
    &sUnitAnimDataBlob[232], /* orig 0x800e46b0 */
    &sUnitAnimDataBlob[4], /* orig 0x800e45cc */
    &sUnitAnimDataBlob[60], /* orig 0x800e4604 */
    &sUnitAnimDataBlob[764], /* orig 0x800e48c4 */
    &sUnitAnimDataBlob[772], /* orig 0x800e48cc */
};

static const u8 *sUnitAnimSet_16[26] = {
    &sUnitAnimDataBlob[316], /* orig 0x800e4704 */
    &sUnitAnimDataBlob[328], /* orig 0x800e4710 */
    &sUnitAnimDataBlob[340], /* orig 0x800e471c */
    &sUnitAnimDataBlob[404], /* orig 0x800e475c */
    &sUnitAnimDataBlob[468], /* orig 0x800e479c */
    &sUnitAnimDataBlob[512], /* orig 0x800e47c8 */
    &sUnitAnimDataBlob[556], /* orig 0x800e47f4 */
    &sUnitAnimDataBlob[568], /* orig 0x800e4800 */
    &sUnitAnimDataBlob[604], /* orig 0x800e4824 */
    &sUnitAnimDataBlob[612], /* orig 0x800e482c */
    &sUnitAnimDataBlob[620], /* orig 0x800e4834 */
    &sUnitAnimDataBlob[624], /* orig 0x800e4838 */
    &sUnitAnimDataBlob[2376], /* orig 0x800e4f10 */
    &sUnitAnimDataBlob[2400], /* orig 0x800e4f28 */
    &sUnitAnimDataBlob[2424], /* orig 0x800e4f40 */
    &sUnitAnimDataBlob[2432], /* orig 0x800e4f48 */
    &sUnitAnimDataBlob[676], /* orig 0x800e486c */
    &sUnitAnimDataBlob[712], /* orig 0x800e4890 */
    &sUnitAnimDataBlob[748], /* orig 0x800e48b4 */
    &sUnitAnimDataBlob[756], /* orig 0x800e48bc */
    &sUnitAnimDataBlob[228], /* orig 0x800e46ac */
    &sUnitAnimDataBlob[232], /* orig 0x800e46b0 */
    &sUnitAnimDataBlob[4], /* orig 0x800e45cc */
    &sUnitAnimDataBlob[60], /* orig 0x800e4604 */
    &sUnitAnimDataBlob[764], /* orig 0x800e48c4 */
    &sUnitAnimDataBlob[772], /* orig 0x800e48cc */
};

static const u8 *sUnitAnimSet_17[30] = {
    &sUnitAnimDataBlob[244], /* orig 0x800e46bc */
    &sUnitAnimDataBlob[256], /* orig 0x800e46c8 */
    &sUnitAnimDataBlob[340], /* orig 0x800e471c */
    &sUnitAnimDataBlob[404], /* orig 0x800e475c */
    &sUnitAnimDataBlob[468], /* orig 0x800e479c */
    &sUnitAnimDataBlob[512], /* orig 0x800e47c8 */
    &sUnitAnimDataBlob[556], /* orig 0x800e47f4 */
    &sUnitAnimDataBlob[568], /* orig 0x800e4800 */
    &sUnitAnimDataBlob[604], /* orig 0x800e4824 */
    &sUnitAnimDataBlob[612], /* orig 0x800e482c */
    &sUnitAnimDataBlob[620], /* orig 0x800e4834 */
    &sUnitAnimDataBlob[624], /* orig 0x800e4838 */
    &sUnitAnimDataBlob[2440], /* orig 0x800e4f50 */
    &sUnitAnimDataBlob[2448], /* orig 0x800e4f58 */
    &sUnitAnimDataBlob[2456], /* orig 0x800e4f60 */
    &sUnitAnimDataBlob[2464], /* orig 0x800e4f68 */
    &sUnitAnimDataBlob[676], /* orig 0x800e486c */
    &sUnitAnimDataBlob[712], /* orig 0x800e4890 */
    &sUnitAnimDataBlob[748], /* orig 0x800e48b4 */
    &sUnitAnimDataBlob[756], /* orig 0x800e48bc */
    &sUnitAnimDataBlob[228], /* orig 0x800e46ac */
    &sUnitAnimDataBlob[232], /* orig 0x800e46b0 */
    &sUnitAnimDataBlob[4], /* orig 0x800e45cc */
    &sUnitAnimDataBlob[60], /* orig 0x800e4604 */
    &sUnitAnimDataBlob[764], /* orig 0x800e48c4 */
    &sUnitAnimDataBlob[772], /* orig 0x800e48cc */
    &sUnitAnimDataBlob[2472], /* orig 0x800e4f70 */
    &sUnitAnimDataBlob[2484], /* orig 0x800e4f7c */
    &sUnitAnimDataBlob[2496], /* orig 0x800e4f88 */
    &sUnitAnimDataBlob[2504], /* orig 0x800e4f90 */
};

static const u8 *sUnitAnimSet_18[26] = {
    &sUnitAnimDataBlob[244], /* orig 0x800e46bc */
    &sUnitAnimDataBlob[256], /* orig 0x800e46c8 */
    &sUnitAnimDataBlob[340], /* orig 0x800e471c */
    &sUnitAnimDataBlob[404], /* orig 0x800e475c */
    &sUnitAnimDataBlob[468], /* orig 0x800e479c */
    &sUnitAnimDataBlob[512], /* orig 0x800e47c8 */
    &sUnitAnimDataBlob[556], /* orig 0x800e47f4 */
    &sUnitAnimDataBlob[568], /* orig 0x800e4800 */
    &sUnitAnimDataBlob[604], /* orig 0x800e4824 */
    &sUnitAnimDataBlob[612], /* orig 0x800e482c */
    &sUnitAnimDataBlob[620], /* orig 0x800e4834 */
    &sUnitAnimDataBlob[624], /* orig 0x800e4838 */
    &sUnitAnimDataBlob[2512], /* orig 0x800e4f98 */
    &sUnitAnimDataBlob[2524], /* orig 0x800e4fa4 */
    &sUnitAnimDataBlob[2536], /* orig 0x800e4fb0 */
    &sUnitAnimDataBlob[2540], /* orig 0x800e4fb4 */
    &sUnitAnimDataBlob[2544], /* orig 0x800e4fb8 */
    &sUnitAnimDataBlob[2572], /* orig 0x800e4fd4 */
    &sUnitAnimDataBlob[748], /* orig 0x800e48b4 */
    &sUnitAnimDataBlob[756], /* orig 0x800e48bc */
    &sUnitAnimDataBlob[228], /* orig 0x800e46ac */
    &sUnitAnimDataBlob[232], /* orig 0x800e46b0 */
    &sUnitAnimDataBlob[4], /* orig 0x800e45cc */
    &sUnitAnimDataBlob[60], /* orig 0x800e4604 */
    &sUnitAnimDataBlob[764], /* orig 0x800e48c4 */
    &sUnitAnimDataBlob[772], /* orig 0x800e48cc */
};

static const u8 *sUnitAnimSet_19[26] = {
    &sUnitAnimDataBlob[244], /* orig 0x800e46bc */
    &sUnitAnimDataBlob[256], /* orig 0x800e46c8 */
    &sUnitAnimDataBlob[340], /* orig 0x800e471c */
    &sUnitAnimDataBlob[404], /* orig 0x800e475c */
    &sUnitAnimDataBlob[468], /* orig 0x800e479c */
    &sUnitAnimDataBlob[512], /* orig 0x800e47c8 */
    &sUnitAnimDataBlob[556], /* orig 0x800e47f4 */
    &sUnitAnimDataBlob[568], /* orig 0x800e4800 */
    &sUnitAnimDataBlob[604], /* orig 0x800e4824 */
    &sUnitAnimDataBlob[612], /* orig 0x800e482c */
    &sUnitAnimDataBlob[620], /* orig 0x800e4834 */
    &sUnitAnimDataBlob[624], /* orig 0x800e4838 */
    &sUnitAnimDataBlob[2600], /* orig 0x800e4ff0 */
    &sUnitAnimDataBlob[2616], /* orig 0x800e5000 */
    &sUnitAnimDataBlob[2632], /* orig 0x800e5010 */
    &sUnitAnimDataBlob[2640], /* orig 0x800e5018 */
    &sUnitAnimDataBlob[2648], /* orig 0x800e5020 */
    &sUnitAnimDataBlob[2676], /* orig 0x800e503c */
    &sUnitAnimDataBlob[748], /* orig 0x800e48b4 */
    &sUnitAnimDataBlob[756], /* orig 0x800e48bc */
    &sUnitAnimDataBlob[228], /* orig 0x800e46ac */
    &sUnitAnimDataBlob[232], /* orig 0x800e46b0 */
    &sUnitAnimDataBlob[4], /* orig 0x800e45cc */
    &sUnitAnimDataBlob[60], /* orig 0x800e4604 */
    &sUnitAnimDataBlob[764], /* orig 0x800e48c4 */
    &sUnitAnimDataBlob[772], /* orig 0x800e48cc */
};

static const u8 *sUnitAnimSet_20[26] = {
    &sUnitAnimDataBlob[316], /* orig 0x800e4704 */
    &sUnitAnimDataBlob[328], /* orig 0x800e4710 */
    &sUnitAnimDataBlob[340], /* orig 0x800e471c */
    &sUnitAnimDataBlob[404], /* orig 0x800e475c */
    &sUnitAnimDataBlob[468], /* orig 0x800e479c */
    &sUnitAnimDataBlob[512], /* orig 0x800e47c8 */
    &sUnitAnimDataBlob[556], /* orig 0x800e47f4 */
    &sUnitAnimDataBlob[568], /* orig 0x800e4800 */
    &sUnitAnimDataBlob[604], /* orig 0x800e4824 */
    &sUnitAnimDataBlob[612], /* orig 0x800e482c */
    &sUnitAnimDataBlob[620], /* orig 0x800e4834 */
    &sUnitAnimDataBlob[624], /* orig 0x800e4838 */
    &sUnitAnimDataBlob[2720], /* orig 0x800e5068 */
    &sUnitAnimDataBlob[2704], /* orig 0x800e5058 */
    &sUnitAnimDataBlob[2740], /* orig 0x800e507c */
    &sUnitAnimDataBlob[2736], /* orig 0x800e5078 */
    &sUnitAnimDataBlob[676], /* orig 0x800e486c */
    &sUnitAnimDataBlob[712], /* orig 0x800e4890 */
    &sUnitAnimDataBlob[748], /* orig 0x800e48b4 */
    &sUnitAnimDataBlob[756], /* orig 0x800e48bc */
    &sUnitAnimDataBlob[228], /* orig 0x800e46ac */
    &sUnitAnimDataBlob[232], /* orig 0x800e46b0 */
    &sUnitAnimDataBlob[4], /* orig 0x800e45cc */
    &sUnitAnimDataBlob[60], /* orig 0x800e4604 */
    &sUnitAnimDataBlob[764], /* orig 0x800e48c4 */
    &sUnitAnimDataBlob[772], /* orig 0x800e48cc */
};

static const u8 *sUnitAnimSet_21[26] = {
    &sUnitAnimDataBlob[304], /* orig 0x800e46f8 */
    &sUnitAnimDataBlob[292], /* orig 0x800e46ec */
    &sUnitAnimDataBlob[340], /* orig 0x800e471c */
    &sUnitAnimDataBlob[404], /* orig 0x800e475c */
    &sUnitAnimDataBlob[468], /* orig 0x800e479c */
    &sUnitAnimDataBlob[512], /* orig 0x800e47c8 */
    &sUnitAnimDataBlob[580], /* orig 0x800e480c */
    &sUnitAnimDataBlob[592], /* orig 0x800e4818 */
    &sUnitAnimDataBlob[304], /* orig 0x800e46f8 */
    &sUnitAnimDataBlob[292], /* orig 0x800e46ec */
    &sUnitAnimDataBlob[2744], /* orig 0x800e5080 */
    &sUnitAnimDataBlob[2780], /* orig 0x800e50a4 */
    &sUnitAnimDataBlob[2744], /* orig 0x800e5080 */
    &sUnitAnimDataBlob[2780], /* orig 0x800e50a4 */
    &sUnitAnimDataBlob[2816], /* orig 0x800e50c8 */
    &sUnitAnimDataBlob[2820], /* orig 0x800e50cc */
    &sUnitAnimDataBlob[676], /* orig 0x800e486c */
    &sUnitAnimDataBlob[712], /* orig 0x800e4890 */
    &sUnitAnimDataBlob[748], /* orig 0x800e48b4 */
    &sUnitAnimDataBlob[756], /* orig 0x800e48bc */
    &sUnitAnimDataBlob[228], /* orig 0x800e46ac */
    &sUnitAnimDataBlob[232], /* orig 0x800e46b0 */
    &sUnitAnimDataBlob[116], /* orig 0x800e463c */
    &sUnitAnimDataBlob[172], /* orig 0x800e4674 */
    &sUnitAnimDataBlob[812], /* orig 0x800e48f4 */
    &sUnitAnimDataBlob[844], /* orig 0x800e4914 */
};

static const u8 *sUnitAnimSet_22[26] = {
    &sUnitAnimDataBlob[244], /* orig 0x800e46bc */
    &sUnitAnimDataBlob[256], /* orig 0x800e46c8 */
    &sUnitAnimDataBlob[340], /* orig 0x800e471c */
    &sUnitAnimDataBlob[404], /* orig 0x800e475c */
    &sUnitAnimDataBlob[468], /* orig 0x800e479c */
    &sUnitAnimDataBlob[512], /* orig 0x800e47c8 */
    &sUnitAnimDataBlob[556], /* orig 0x800e47f4 */
    &sUnitAnimDataBlob[568], /* orig 0x800e4800 */
    &sUnitAnimDataBlob[604], /* orig 0x800e4824 */
    &sUnitAnimDataBlob[612], /* orig 0x800e482c */
    &sUnitAnimDataBlob[620], /* orig 0x800e4834 */
    &sUnitAnimDataBlob[624], /* orig 0x800e4838 */
    &sUnitAnimDataBlob[2824], /* orig 0x800e50d0 */
    &sUnitAnimDataBlob[2880], /* orig 0x800e5108 */
    &sUnitAnimDataBlob[2936], /* orig 0x800e5140 */
    &sUnitAnimDataBlob[2972], /* orig 0x800e5164 */
    &sUnitAnimDataBlob[3008], /* orig 0x800e5188 */
    &sUnitAnimDataBlob[3020], /* orig 0x800e5194 */
    &sUnitAnimDataBlob[748], /* orig 0x800e48b4 */
    &sUnitAnimDataBlob[756], /* orig 0x800e48bc */
    &sUnitAnimDataBlob[228], /* orig 0x800e46ac */
    &sUnitAnimDataBlob[232], /* orig 0x800e46b0 */
    &sUnitAnimDataBlob[4], /* orig 0x800e45cc */
    &sUnitAnimDataBlob[60], /* orig 0x800e4604 */
    &sUnitAnimDataBlob[764], /* orig 0x800e48c4 */
    &sUnitAnimDataBlob[772], /* orig 0x800e48cc */
};

static const u8 *sUnitAnimSet_23[26] = {
    &sUnitAnimDataBlob[244], /* orig 0x800e46bc */
    &sUnitAnimDataBlob[256], /* orig 0x800e46c8 */
    &sUnitAnimDataBlob[340], /* orig 0x800e471c */
    &sUnitAnimDataBlob[404], /* orig 0x800e475c */
    &sUnitAnimDataBlob[468], /* orig 0x800e479c */
    &sUnitAnimDataBlob[512], /* orig 0x800e47c8 */
    &sUnitAnimDataBlob[556], /* orig 0x800e47f4 */
    &sUnitAnimDataBlob[568], /* orig 0x800e4800 */
    &sUnitAnimDataBlob[604], /* orig 0x800e4824 */
    &sUnitAnimDataBlob[612], /* orig 0x800e482c */
    &sUnitAnimDataBlob[620], /* orig 0x800e4834 */
    &sUnitAnimDataBlob[624], /* orig 0x800e4838 */
    &sUnitAnimDataBlob[3048], /* orig 0x800e51b0 */
    &sUnitAnimDataBlob[3076], /* orig 0x800e51cc */
    &sUnitAnimDataBlob[3104], /* orig 0x800e51e8 */
    &sUnitAnimDataBlob[3120], /* orig 0x800e51f8 */
    &sUnitAnimDataBlob[3136], /* orig 0x800e5208 */
    &sUnitAnimDataBlob[3192], /* orig 0x800e5240 */
    &sUnitAnimDataBlob[748], /* orig 0x800e48b4 */
    &sUnitAnimDataBlob[756], /* orig 0x800e48bc */
    &sUnitAnimDataBlob[228], /* orig 0x800e46ac */
    &sUnitAnimDataBlob[232], /* orig 0x800e46b0 */
    &sUnitAnimDataBlob[4], /* orig 0x800e45cc */
    &sUnitAnimDataBlob[60], /* orig 0x800e4604 */
    &sUnitAnimDataBlob[764], /* orig 0x800e48c4 */
    &sUnitAnimDataBlob[772], /* orig 0x800e48cc */
};

static const u8 *sUnitAnimSet_24[26] = {
    &sUnitAnimDataBlob[268], /* orig 0x800e46d4 */
    &sUnitAnimDataBlob[280], /* orig 0x800e46e0 */
    &sUnitAnimDataBlob[340], /* orig 0x800e471c */
    &sUnitAnimDataBlob[404], /* orig 0x800e475c */
    &sUnitAnimDataBlob[468], /* orig 0x800e479c */
    &sUnitAnimDataBlob[512], /* orig 0x800e47c8 */
    &sUnitAnimDataBlob[580], /* orig 0x800e480c */
    &sUnitAnimDataBlob[592], /* orig 0x800e4818 */
    &sUnitAnimDataBlob[304], /* orig 0x800e46f8 */
    &sUnitAnimDataBlob[292], /* orig 0x800e46ec */
    &sUnitAnimDataBlob[3248], /* orig 0x800e5278 */
    &sUnitAnimDataBlob[3268], /* orig 0x800e528c */
    &sUnitAnimDataBlob[3248], /* orig 0x800e5278 */
    &sUnitAnimDataBlob[3268], /* orig 0x800e528c */
    &sUnitAnimDataBlob[3284], /* orig 0x800e529c */
    &sUnitAnimDataBlob[3316], /* orig 0x800e52bc */
    &sUnitAnimDataBlob[676], /* orig 0x800e486c */
    &sUnitAnimDataBlob[712], /* orig 0x800e4890 */
    &sUnitAnimDataBlob[748], /* orig 0x800e48b4 */
    &sUnitAnimDataBlob[756], /* orig 0x800e48bc */
    &sUnitAnimDataBlob[228], /* orig 0x800e46ac */
    &sUnitAnimDataBlob[232], /* orig 0x800e46b0 */
    &sUnitAnimDataBlob[116], /* orig 0x800e463c */
    &sUnitAnimDataBlob[172], /* orig 0x800e4674 */
    &sUnitAnimDataBlob[812], /* orig 0x800e48f4 */
    &sUnitAnimDataBlob[844], /* orig 0x800e4914 */
};

static const u8 *sUnitAnimSet_25[26] = {
    &sUnitAnimDataBlob[244], /* orig 0x800e46bc */
    &sUnitAnimDataBlob[256], /* orig 0x800e46c8 */
    &sUnitAnimDataBlob[340], /* orig 0x800e471c */
    &sUnitAnimDataBlob[404], /* orig 0x800e475c */
    &sUnitAnimDataBlob[468], /* orig 0x800e479c */
    &sUnitAnimDataBlob[512], /* orig 0x800e47c8 */
    &sUnitAnimDataBlob[556], /* orig 0x800e47f4 */
    &sUnitAnimDataBlob[568], /* orig 0x800e4800 */
    &sUnitAnimDataBlob[604], /* orig 0x800e4824 */
    &sUnitAnimDataBlob[612], /* orig 0x800e482c */
    &sUnitAnimDataBlob[620], /* orig 0x800e4834 */
    &sUnitAnimDataBlob[624], /* orig 0x800e4838 */
    &sUnitAnimDataBlob[3344], /* orig 0x800e52d8 */
    &sUnitAnimDataBlob[3396], /* orig 0x800e530c */
    &sUnitAnimDataBlob[3448], /* orig 0x800e5340 */
    &sUnitAnimDataBlob[3464], /* orig 0x800e5350 */
    &sUnitAnimDataBlob[676], /* orig 0x800e486c */
    &sUnitAnimDataBlob[712], /* orig 0x800e4890 */
    &sUnitAnimDataBlob[748], /* orig 0x800e48b4 */
    &sUnitAnimDataBlob[756], /* orig 0x800e48bc */
    &sUnitAnimDataBlob[228], /* orig 0x800e46ac */
    &sUnitAnimDataBlob[232], /* orig 0x800e46b0 */
    &sUnitAnimDataBlob[4], /* orig 0x800e45cc */
    &sUnitAnimDataBlob[60], /* orig 0x800e4604 */
    &sUnitAnimDataBlob[764], /* orig 0x800e48c4 */
    &sUnitAnimDataBlob[772], /* orig 0x800e48cc */
};

static const u8 *sUnitAnimSet_26[26] = {
    &sUnitAnimDataBlob[316], /* orig 0x800e4704 */
    &sUnitAnimDataBlob[328], /* orig 0x800e4710 */
    &sUnitAnimDataBlob[340], /* orig 0x800e471c */
    &sUnitAnimDataBlob[404], /* orig 0x800e475c */
    &sUnitAnimDataBlob[468], /* orig 0x800e479c */
    &sUnitAnimDataBlob[512], /* orig 0x800e47c8 */
    &sUnitAnimDataBlob[556], /* orig 0x800e47f4 */
    &sUnitAnimDataBlob[568], /* orig 0x800e4800 */
    &sUnitAnimDataBlob[604], /* orig 0x800e4824 */
    &sUnitAnimDataBlob[612], /* orig 0x800e482c */
    &sUnitAnimDataBlob[620], /* orig 0x800e4834 */
    &sUnitAnimDataBlob[624], /* orig 0x800e4838 */
    &sUnitAnimDataBlob[3480], /* orig 0x800e5360 */
    &sUnitAnimDataBlob[3512], /* orig 0x800e5380 */
    &sUnitAnimDataBlob[3544], /* orig 0x800e53a0 */
    &sUnitAnimDataBlob[3556], /* orig 0x800e53ac */
    &sUnitAnimDataBlob[676], /* orig 0x800e486c */
    &sUnitAnimDataBlob[712], /* orig 0x800e4890 */
    &sUnitAnimDataBlob[748], /* orig 0x800e48b4 */
    &sUnitAnimDataBlob[756], /* orig 0x800e48bc */
    &sUnitAnimDataBlob[228], /* orig 0x800e46ac */
    &sUnitAnimDataBlob[232], /* orig 0x800e46b0 */
    &sUnitAnimDataBlob[4], /* orig 0x800e45cc */
    &sUnitAnimDataBlob[60], /* orig 0x800e4604 */
    &sUnitAnimDataBlob[764], /* orig 0x800e48c4 */
    &sUnitAnimDataBlob[772], /* orig 0x800e48cc */
};

static const u8 *sUnitAnimSet_27[26] = {
    &sUnitAnimDataBlob[304], /* orig 0x800e46f8 */
    &sUnitAnimDataBlob[292], /* orig 0x800e46ec */
    &sUnitAnimDataBlob[340], /* orig 0x800e471c */
    &sUnitAnimDataBlob[404], /* orig 0x800e475c */
    &sUnitAnimDataBlob[468], /* orig 0x800e479c */
    &sUnitAnimDataBlob[512], /* orig 0x800e47c8 */
    &sUnitAnimDataBlob[580], /* orig 0x800e480c */
    &sUnitAnimDataBlob[592], /* orig 0x800e4818 */
    &sUnitAnimDataBlob[604], /* orig 0x800e4824 */
    &sUnitAnimDataBlob[612], /* orig 0x800e482c */
    &sUnitAnimDataBlob[620], /* orig 0x800e4834 */
    &sUnitAnimDataBlob[624], /* orig 0x800e4838 */
    &sUnitAnimDataBlob[3568], /* orig 0x800e53b8 */
    &sUnitAnimDataBlob[3600], /* orig 0x800e53d8 */
    &sUnitAnimDataBlob[3632], /* orig 0x800e53f8 */
    &sUnitAnimDataBlob[3640], /* orig 0x800e5400 */
    &sUnitAnimDataBlob[676], /* orig 0x800e486c */
    &sUnitAnimDataBlob[712], /* orig 0x800e4890 */
    &sUnitAnimDataBlob[748], /* orig 0x800e48b4 */
    &sUnitAnimDataBlob[756], /* orig 0x800e48bc */
    &sUnitAnimDataBlob[228], /* orig 0x800e46ac */
    &sUnitAnimDataBlob[232], /* orig 0x800e46b0 */
    &sUnitAnimDataBlob[116], /* orig 0x800e463c */
    &sUnitAnimDataBlob[172], /* orig 0x800e4674 */
    &sUnitAnimDataBlob[812], /* orig 0x800e48f4 */
    &sUnitAnimDataBlob[844], /* orig 0x800e4914 */
};

static const u8 *sUnitAnimSet_28[26] = {
    &sUnitAnimDataBlob[244], /* orig 0x800e46bc */
    &sUnitAnimDataBlob[256], /* orig 0x800e46c8 */
    &sUnitAnimDataBlob[340], /* orig 0x800e471c */
    &sUnitAnimDataBlob[404], /* orig 0x800e475c */
    &sUnitAnimDataBlob[468], /* orig 0x800e479c */
    &sUnitAnimDataBlob[512], /* orig 0x800e47c8 */
    &sUnitAnimDataBlob[556], /* orig 0x800e47f4 */
    &sUnitAnimDataBlob[568], /* orig 0x800e4800 */
    &sUnitAnimDataBlob[604], /* orig 0x800e4824 */
    &sUnitAnimDataBlob[612], /* orig 0x800e482c */
    &sUnitAnimDataBlob[620], /* orig 0x800e4834 */
    &sUnitAnimDataBlob[624], /* orig 0x800e4838 */
    &sUnitAnimDataBlob[3648], /* orig 0x800e5408 */
    &sUnitAnimDataBlob[3680], /* orig 0x800e5428 */
    &sUnitAnimDataBlob[3712], /* orig 0x800e5448 */
    &sUnitAnimDataBlob[3740], /* orig 0x800e5464 */
    &sUnitAnimDataBlob[3768], /* orig 0x800e5480 */
    &sUnitAnimDataBlob[3800], /* orig 0x800e54a0 */
    &sUnitAnimDataBlob[748], /* orig 0x800e48b4 */
    &sUnitAnimDataBlob[756], /* orig 0x800e48bc */
    &sUnitAnimDataBlob[228], /* orig 0x800e46ac */
    &sUnitAnimDataBlob[232], /* orig 0x800e46b0 */
    &sUnitAnimDataBlob[4], /* orig 0x800e45cc */
    &sUnitAnimDataBlob[60], /* orig 0x800e4604 */
    &sUnitAnimDataBlob[764], /* orig 0x800e48c4 */
    &sUnitAnimDataBlob[772], /* orig 0x800e48cc */
};

static const u8 *sUnitAnimSet_29[26] = {
    &sUnitAnimDataBlob[244], /* orig 0x800e46bc */
    &sUnitAnimDataBlob[256], /* orig 0x800e46c8 */
    &sUnitAnimDataBlob[340], /* orig 0x800e471c */
    &sUnitAnimDataBlob[404], /* orig 0x800e475c */
    &sUnitAnimDataBlob[468], /* orig 0x800e479c */
    &sUnitAnimDataBlob[512], /* orig 0x800e47c8 */
    &sUnitAnimDataBlob[556], /* orig 0x800e47f4 */
    &sUnitAnimDataBlob[568], /* orig 0x800e4800 */
    &sUnitAnimDataBlob[604], /* orig 0x800e4824 */
    &sUnitAnimDataBlob[612], /* orig 0x800e482c */
    &sUnitAnimDataBlob[620], /* orig 0x800e4834 */
    &sUnitAnimDataBlob[624], /* orig 0x800e4838 */
    &sUnitAnimDataBlob[3828], /* orig 0x800e54bc */
    &sUnitAnimDataBlob[3844], /* orig 0x800e54cc */
    &sUnitAnimDataBlob[3860], /* orig 0x800e54dc */
    &sUnitAnimDataBlob[3868], /* orig 0x800e54e4 */
    &sUnitAnimDataBlob[3876], /* orig 0x800e54ec */
    &sUnitAnimDataBlob[3912], /* orig 0x800e5510 */
    &sUnitAnimDataBlob[748], /* orig 0x800e48b4 */
    &sUnitAnimDataBlob[756], /* orig 0x800e48bc */
    &sUnitAnimDataBlob[228], /* orig 0x800e46ac */
    &sUnitAnimDataBlob[232], /* orig 0x800e46b0 */
    &sUnitAnimDataBlob[4], /* orig 0x800e45cc */
    &sUnitAnimDataBlob[60], /* orig 0x800e4604 */
    &sUnitAnimDataBlob[764], /* orig 0x800e48c4 */
    &sUnitAnimDataBlob[772], /* orig 0x800e48cc */
};

static const u8 *sUnitAnimSet_30[26] = {
    &sUnitAnimDataBlob[304], /* orig 0x800e46f8 */
    &sUnitAnimDataBlob[292], /* orig 0x800e46ec */
    &sUnitAnimDataBlob[340], /* orig 0x800e471c */
    &sUnitAnimDataBlob[404], /* orig 0x800e475c */
    &sUnitAnimDataBlob[468], /* orig 0x800e479c */
    &sUnitAnimDataBlob[512], /* orig 0x800e47c8 */
    &sUnitAnimDataBlob[580], /* orig 0x800e480c */
    &sUnitAnimDataBlob[592], /* orig 0x800e4818 */
    &sUnitAnimDataBlob[304], /* orig 0x800e46f8 */
    &sUnitAnimDataBlob[292], /* orig 0x800e46ec */
    &sUnitAnimDataBlob[3948], /* orig 0x800e5534 */
    &sUnitAnimDataBlob[3996], /* orig 0x800e5564 */
    &sUnitAnimDataBlob[3948], /* orig 0x800e5534 */
    &sUnitAnimDataBlob[3996], /* orig 0x800e5564 */
    &sUnitAnimDataBlob[4044], /* orig 0x800e5594 */
    &sUnitAnimDataBlob[4052], /* orig 0x800e559c */
    &sUnitAnimDataBlob[676], /* orig 0x800e486c */
    &sUnitAnimDataBlob[712], /* orig 0x800e4890 */
    &sUnitAnimDataBlob[748], /* orig 0x800e48b4 */
    &sUnitAnimDataBlob[756], /* orig 0x800e48bc */
    &sUnitAnimDataBlob[228], /* orig 0x800e46ac */
    &sUnitAnimDataBlob[232], /* orig 0x800e46b0 */
    &sUnitAnimDataBlob[116], /* orig 0x800e463c */
    &sUnitAnimDataBlob[172], /* orig 0x800e4674 */
    &sUnitAnimDataBlob[812], /* orig 0x800e48f4 */
    &sUnitAnimDataBlob[844], /* orig 0x800e4914 */
};

static const u8 *sUnitAnimSet_31[26] = {
    &sUnitAnimDataBlob[244], /* orig 0x800e46bc */
    &sUnitAnimDataBlob[256], /* orig 0x800e46c8 */
    &sUnitAnimDataBlob[340], /* orig 0x800e471c */
    &sUnitAnimDataBlob[404], /* orig 0x800e475c */
    &sUnitAnimDataBlob[468], /* orig 0x800e479c */
    &sUnitAnimDataBlob[512], /* orig 0x800e47c8 */
    &sUnitAnimDataBlob[556], /* orig 0x800e47f4 */
    &sUnitAnimDataBlob[568], /* orig 0x800e4800 */
    &sUnitAnimDataBlob[604], /* orig 0x800e4824 */
    &sUnitAnimDataBlob[612], /* orig 0x800e482c */
    &sUnitAnimDataBlob[620], /* orig 0x800e4834 */
    &sUnitAnimDataBlob[624], /* orig 0x800e4838 */
    &sUnitAnimDataBlob[4060], /* orig 0x800e55a4 */
    &sUnitAnimDataBlob[4076], /* orig 0x800e55b4 */
    &sUnitAnimDataBlob[4092], /* orig 0x800e55c4 */
    &sUnitAnimDataBlob[4096], /* orig 0x800e55c8 */
    &sUnitAnimDataBlob[4100], /* orig 0x800e55cc */
    &sUnitAnimDataBlob[4128], /* orig 0x800e55e8 */
    &sUnitAnimDataBlob[748], /* orig 0x800e48b4 */
    &sUnitAnimDataBlob[756], /* orig 0x800e48bc */
    &sUnitAnimDataBlob[228], /* orig 0x800e46ac */
    &sUnitAnimDataBlob[232], /* orig 0x800e46b0 */
    &sUnitAnimDataBlob[4], /* orig 0x800e45cc */
    &sUnitAnimDataBlob[60], /* orig 0x800e4604 */
    &sUnitAnimDataBlob[764], /* orig 0x800e48c4 */
    &sUnitAnimDataBlob[772], /* orig 0x800e48cc */
};

static const u8 *sUnitAnimSet_32[26] = {
    &sUnitAnimDataBlob[244], /* orig 0x800e46bc */
    &sUnitAnimDataBlob[256], /* orig 0x800e46c8 */
    &sUnitAnimDataBlob[340], /* orig 0x800e471c */
    &sUnitAnimDataBlob[404], /* orig 0x800e475c */
    &sUnitAnimDataBlob[468], /* orig 0x800e479c */
    &sUnitAnimDataBlob[512], /* orig 0x800e47c8 */
    &sUnitAnimDataBlob[556], /* orig 0x800e47f4 */
    &sUnitAnimDataBlob[568], /* orig 0x800e4800 */
    &sUnitAnimDataBlob[604], /* orig 0x800e4824 */
    &sUnitAnimDataBlob[612], /* orig 0x800e482c */
    &sUnitAnimDataBlob[620], /* orig 0x800e4834 */
    &sUnitAnimDataBlob[624], /* orig 0x800e4838 */
    &sUnitAnimDataBlob[4156], /* orig 0x800e5604 */
    &sUnitAnimDataBlob[4172], /* orig 0x800e5614 */
    &sUnitAnimDataBlob[4188], /* orig 0x800e5624 */
    &sUnitAnimDataBlob[4196], /* orig 0x800e562c */
    &sUnitAnimDataBlob[676], /* orig 0x800e486c */
    &sUnitAnimDataBlob[712], /* orig 0x800e4890 */
    &sUnitAnimDataBlob[748], /* orig 0x800e48b4 */
    &sUnitAnimDataBlob[756], /* orig 0x800e48bc */
    &sUnitAnimDataBlob[228], /* orig 0x800e46ac */
    &sUnitAnimDataBlob[232], /* orig 0x800e46b0 */
    &sUnitAnimDataBlob[4], /* orig 0x800e45cc */
    &sUnitAnimDataBlob[60], /* orig 0x800e4604 */
    &sUnitAnimDataBlob[764], /* orig 0x800e48c4 */
    &sUnitAnimDataBlob[772], /* orig 0x800e48cc */
};

static const u8 *sUnitAnimSet_33[26] = {
    &sUnitAnimDataBlob[244], /* orig 0x800e46bc */
    &sUnitAnimDataBlob[256], /* orig 0x800e46c8 */
    &sUnitAnimDataBlob[340], /* orig 0x800e471c */
    &sUnitAnimDataBlob[404], /* orig 0x800e475c */
    &sUnitAnimDataBlob[468], /* orig 0x800e479c */
    &sUnitAnimDataBlob[512], /* orig 0x800e47c8 */
    &sUnitAnimDataBlob[556], /* orig 0x800e47f4 */
    &sUnitAnimDataBlob[568], /* orig 0x800e4800 */
    &sUnitAnimDataBlob[604], /* orig 0x800e4824 */
    &sUnitAnimDataBlob[612], /* orig 0x800e482c */
    &sUnitAnimDataBlob[620], /* orig 0x800e4834 */
    &sUnitAnimDataBlob[624], /* orig 0x800e4838 */
    &sUnitAnimDataBlob[4204], /* orig 0x800e5634 */
    &sUnitAnimDataBlob[4232], /* orig 0x800e5650 */
    &sUnitAnimDataBlob[4260], /* orig 0x800e566c */
    &sUnitAnimDataBlob[4268], /* orig 0x800e5674 */
    &sUnitAnimDataBlob[4276], /* orig 0x800e567c */
    &sUnitAnimDataBlob[4296], /* orig 0x800e5690 */
    &sUnitAnimDataBlob[748], /* orig 0x800e48b4 */
    &sUnitAnimDataBlob[756], /* orig 0x800e48bc */
    &sUnitAnimDataBlob[228], /* orig 0x800e46ac */
    &sUnitAnimDataBlob[232], /* orig 0x800e46b0 */
    &sUnitAnimDataBlob[4], /* orig 0x800e45cc */
    &sUnitAnimDataBlob[60], /* orig 0x800e4604 */
    &sUnitAnimDataBlob[764], /* orig 0x800e48c4 */
    &sUnitAnimDataBlob[772], /* orig 0x800e48cc */
};

static const u8 *sUnitAnimSet_34[26] = {
    &sUnitAnimDataBlob[244], /* orig 0x800e46bc */
    &sUnitAnimDataBlob[256], /* orig 0x800e46c8 */
    &sUnitAnimDataBlob[340], /* orig 0x800e471c */
    &sUnitAnimDataBlob[404], /* orig 0x800e475c */
    &sUnitAnimDataBlob[468], /* orig 0x800e479c */
    &sUnitAnimDataBlob[512], /* orig 0x800e47c8 */
    &sUnitAnimDataBlob[556], /* orig 0x800e47f4 */
    &sUnitAnimDataBlob[568], /* orig 0x800e4800 */
    &sUnitAnimDataBlob[604], /* orig 0x800e4824 */
    &sUnitAnimDataBlob[612], /* orig 0x800e482c */
    &sUnitAnimDataBlob[620], /* orig 0x800e4834 */
    &sUnitAnimDataBlob[624], /* orig 0x800e4838 */
    &sUnitAnimDataBlob[4316], /* orig 0x800e56a4 */
    &sUnitAnimDataBlob[4352], /* orig 0x800e56c8 */
    &sUnitAnimDataBlob[4400], /* orig 0x800e56f8 */
    &sUnitAnimDataBlob[4404], /* orig 0x800e56fc */
    &sUnitAnimDataBlob[4408], /* orig 0x800e5700 */
    &sUnitAnimDataBlob[4440], /* orig 0x800e5720 */
    &sUnitAnimDataBlob[748], /* orig 0x800e48b4 */
    &sUnitAnimDataBlob[756], /* orig 0x800e48bc */
    &sUnitAnimDataBlob[228], /* orig 0x800e46ac */
    &sUnitAnimDataBlob[232], /* orig 0x800e46b0 */
    &sUnitAnimDataBlob[4], /* orig 0x800e45cc */
    &sUnitAnimDataBlob[60], /* orig 0x800e4604 */
    &sUnitAnimDataBlob[764], /* orig 0x800e48c4 */
    &sUnitAnimDataBlob[772], /* orig 0x800e48cc */
};

static const u8 *sUnitAnimSet_35[30] = {
    &sUnitAnimDataBlob[244], /* orig 0x800e46bc */
    &sUnitAnimDataBlob[256], /* orig 0x800e46c8 */
    &sUnitAnimDataBlob[340], /* orig 0x800e471c */
    &sUnitAnimDataBlob[404], /* orig 0x800e475c */
    &sUnitAnimDataBlob[468], /* orig 0x800e479c */
    &sUnitAnimDataBlob[512], /* orig 0x800e47c8 */
    &sUnitAnimDataBlob[556], /* orig 0x800e47f4 */
    &sUnitAnimDataBlob[568], /* orig 0x800e4800 */
    &sUnitAnimDataBlob[604], /* orig 0x800e4824 */
    &sUnitAnimDataBlob[612], /* orig 0x800e482c */
    &sUnitAnimDataBlob[620], /* orig 0x800e4834 */
    &sUnitAnimDataBlob[624], /* orig 0x800e4838 */
    &sUnitAnimDataBlob[4480], /* orig 0x800e5748 */
    &sUnitAnimDataBlob[4472], /* orig 0x800e5740 */
    &sUnitAnimDataBlob[4492], /* orig 0x800e5754 */
    &sUnitAnimDataBlob[4488], /* orig 0x800e5750 */
    &sUnitAnimDataBlob[676], /* orig 0x800e486c */
    &sUnitAnimDataBlob[712], /* orig 0x800e4890 */
    &sUnitAnimDataBlob[748], /* orig 0x800e48b4 */
    &sUnitAnimDataBlob[756], /* orig 0x800e48bc */
    &sUnitAnimDataBlob[228], /* orig 0x800e46ac */
    &sUnitAnimDataBlob[232], /* orig 0x800e46b0 */
    &sUnitAnimDataBlob[4], /* orig 0x800e45cc */
    &sUnitAnimDataBlob[60], /* orig 0x800e4604 */
    &sUnitAnimDataBlob[764], /* orig 0x800e48c4 */
    &sUnitAnimDataBlob[772], /* orig 0x800e48cc */
    &sUnitAnimDataBlob[4480], /* orig 0x800e5748 */
    &sUnitAnimDataBlob[4472], /* orig 0x800e5740 */
    &sUnitAnimDataBlob[4492], /* orig 0x800e5754 */
    &sUnitAnimDataBlob[4488], /* orig 0x800e5750 */
};

static const u8 *sUnitAnimSet_36[26] = {
    &sUnitAnimDataBlob[244], /* orig 0x800e46bc */
    &sUnitAnimDataBlob[256], /* orig 0x800e46c8 */
    &sUnitAnimDataBlob[340], /* orig 0x800e471c */
    &sUnitAnimDataBlob[404], /* orig 0x800e475c */
    &sUnitAnimDataBlob[468], /* orig 0x800e479c */
    &sUnitAnimDataBlob[512], /* orig 0x800e47c8 */
    &sUnitAnimDataBlob[556], /* orig 0x800e47f4 */
    &sUnitAnimDataBlob[568], /* orig 0x800e4800 */
    &sUnitAnimDataBlob[604], /* orig 0x800e4824 */
    &sUnitAnimDataBlob[612], /* orig 0x800e482c */
    &sUnitAnimDataBlob[620], /* orig 0x800e4834 */
    &sUnitAnimDataBlob[624], /* orig 0x800e4838 */
    &sUnitAnimDataBlob[4496], /* orig 0x800e5758 */
    &sUnitAnimDataBlob[4512], /* orig 0x800e5768 */
    &sUnitAnimDataBlob[4524], /* orig 0x800e5774 */
    &sUnitAnimDataBlob[4544], /* orig 0x800e5788 */
    &sUnitAnimDataBlob[676], /* orig 0x800e486c */
    &sUnitAnimDataBlob[712], /* orig 0x800e4890 */
    &sUnitAnimDataBlob[748], /* orig 0x800e48b4 */
    &sUnitAnimDataBlob[756], /* orig 0x800e48bc */
    &sUnitAnimDataBlob[228], /* orig 0x800e46ac */
    &sUnitAnimDataBlob[232], /* orig 0x800e46b0 */
    &sUnitAnimDataBlob[4], /* orig 0x800e45cc */
    &sUnitAnimDataBlob[60], /* orig 0x800e4604 */
    &sUnitAnimDataBlob[764], /* orig 0x800e48c4 */
    &sUnitAnimDataBlob[772], /* orig 0x800e48cc */
};

static const u8 *sUnitAnimSet_37[26] = {
    &sUnitAnimDataBlob[244], /* orig 0x800e46bc */
    &sUnitAnimDataBlob[256], /* orig 0x800e46c8 */
    &sUnitAnimDataBlob[340], /* orig 0x800e471c */
    &sUnitAnimDataBlob[404], /* orig 0x800e475c */
    &sUnitAnimDataBlob[468], /* orig 0x800e479c */
    &sUnitAnimDataBlob[512], /* orig 0x800e47c8 */
    &sUnitAnimDataBlob[556], /* orig 0x800e47f4 */
    &sUnitAnimDataBlob[568], /* orig 0x800e4800 */
    &sUnitAnimDataBlob[604], /* orig 0x800e4824 */
    &sUnitAnimDataBlob[612], /* orig 0x800e482c */
    &sUnitAnimDataBlob[620], /* orig 0x800e4834 */
    &sUnitAnimDataBlob[624], /* orig 0x800e4838 */
    &sUnitAnimDataBlob[4556], /* orig 0x800e5794 */
    &sUnitAnimDataBlob[4572], /* orig 0x800e57a4 */
    &sUnitAnimDataBlob[4584], /* orig 0x800e57b0 */
    &sUnitAnimDataBlob[4592], /* orig 0x800e57b8 */
    &sUnitAnimDataBlob[676], /* orig 0x800e486c */
    &sUnitAnimDataBlob[712], /* orig 0x800e4890 */
    &sUnitAnimDataBlob[748], /* orig 0x800e48b4 */
    &sUnitAnimDataBlob[756], /* orig 0x800e48bc */
    &sUnitAnimDataBlob[228], /* orig 0x800e46ac */
    &sUnitAnimDataBlob[232], /* orig 0x800e46b0 */
    &sUnitAnimDataBlob[4], /* orig 0x800e45cc */
    &sUnitAnimDataBlob[60], /* orig 0x800e4604 */
    &sUnitAnimDataBlob[764], /* orig 0x800e48c4 */
    &sUnitAnimDataBlob[772], /* orig 0x800e48cc */
};

static const u8 *sUnitAnimSet_38[26] = {
    &sUnitAnimDataBlob[244], /* orig 0x800e46bc */
    &sUnitAnimDataBlob[256], /* orig 0x800e46c8 */
    &sUnitAnimDataBlob[340], /* orig 0x800e471c */
    &sUnitAnimDataBlob[404], /* orig 0x800e475c */
    &sUnitAnimDataBlob[468], /* orig 0x800e479c */
    &sUnitAnimDataBlob[512], /* orig 0x800e47c8 */
    &sUnitAnimDataBlob[556], /* orig 0x800e47f4 */
    &sUnitAnimDataBlob[568], /* orig 0x800e4800 */
    &sUnitAnimDataBlob[604], /* orig 0x800e4824 */
    &sUnitAnimDataBlob[612], /* orig 0x800e482c */
    &sUnitAnimDataBlob[620], /* orig 0x800e4834 */
    &sUnitAnimDataBlob[624], /* orig 0x800e4838 */
    &sUnitAnimDataBlob[4596], /* orig 0x800e57bc */
    &sUnitAnimDataBlob[4612], /* orig 0x800e57cc */
    &sUnitAnimDataBlob[4628], /* orig 0x800e57dc */
    &sUnitAnimDataBlob[4636], /* orig 0x800e57e4 */
    &sUnitAnimDataBlob[4644], /* orig 0x800e57ec */
    &sUnitAnimDataBlob[4672], /* orig 0x800e5808 */
    &sUnitAnimDataBlob[748], /* orig 0x800e48b4 */
    &sUnitAnimDataBlob[756], /* orig 0x800e48bc */
    &sUnitAnimDataBlob[228], /* orig 0x800e46ac */
    &sUnitAnimDataBlob[232], /* orig 0x800e46b0 */
    &sUnitAnimDataBlob[4], /* orig 0x800e45cc */
    &sUnitAnimDataBlob[60], /* orig 0x800e4604 */
    &sUnitAnimDataBlob[780], /* orig 0x800e48d4 */
    &sUnitAnimDataBlob[788], /* orig 0x800e48dc */
};

static const u8 *sUnitAnimSet_39[26] = {
    &sUnitAnimDataBlob[244], /* orig 0x800e46bc */
    &sUnitAnimDataBlob[256], /* orig 0x800e46c8 */
    &sUnitAnimDataBlob[340], /* orig 0x800e471c */
    &sUnitAnimDataBlob[404], /* orig 0x800e475c */
    &sUnitAnimDataBlob[468], /* orig 0x800e479c */
    &sUnitAnimDataBlob[512], /* orig 0x800e47c8 */
    &sUnitAnimDataBlob[556], /* orig 0x800e47f4 */
    &sUnitAnimDataBlob[568], /* orig 0x800e4800 */
    &sUnitAnimDataBlob[604], /* orig 0x800e4824 */
    &sUnitAnimDataBlob[612], /* orig 0x800e482c */
    &sUnitAnimDataBlob[620], /* orig 0x800e4834 */
    &sUnitAnimDataBlob[624], /* orig 0x800e4838 */
    &sUnitAnimDataBlob[4700], /* orig 0x800e5824 */
    &sUnitAnimDataBlob[4720], /* orig 0x800e5838 */
    &sUnitAnimDataBlob[4744], /* orig 0x800e5850 */
    &sUnitAnimDataBlob[4752], /* orig 0x800e5858 */
    &sUnitAnimDataBlob[4756], /* orig 0x800e585c */
    &sUnitAnimDataBlob[4788], /* orig 0x800e587c */
    &sUnitAnimDataBlob[748], /* orig 0x800e48b4 */
    &sUnitAnimDataBlob[756], /* orig 0x800e48bc */
    &sUnitAnimDataBlob[228], /* orig 0x800e46ac */
    &sUnitAnimDataBlob[232], /* orig 0x800e46b0 */
    &sUnitAnimDataBlob[4], /* orig 0x800e45cc */
    &sUnitAnimDataBlob[60], /* orig 0x800e4604 */
    &sUnitAnimDataBlob[796], /* orig 0x800e48e4 */
    &sUnitAnimDataBlob[804], /* orig 0x800e48ec */
};

static const u8 *sUnitAnimSet_40[26] = {
    &sUnitAnimDataBlob[316], /* orig 0x800e4704 */
    &sUnitAnimDataBlob[328], /* orig 0x800e4710 */
    &sUnitAnimDataBlob[340], /* orig 0x800e471c */
    &sUnitAnimDataBlob[404], /* orig 0x800e475c */
    &sUnitAnimDataBlob[468], /* orig 0x800e479c */
    &sUnitAnimDataBlob[512], /* orig 0x800e47c8 */
    &sUnitAnimDataBlob[556], /* orig 0x800e47f4 */
    &sUnitAnimDataBlob[568], /* orig 0x800e4800 */
    &sUnitAnimDataBlob[604], /* orig 0x800e4824 */
    &sUnitAnimDataBlob[612], /* orig 0x800e482c */
    &sUnitAnimDataBlob[620], /* orig 0x800e4834 */
    &sUnitAnimDataBlob[624], /* orig 0x800e4838 */
    &sUnitAnimDataBlob[4820], /* orig 0x800e589c */
    &sUnitAnimDataBlob[4832], /* orig 0x800e58a8 */
    &sUnitAnimDataBlob[4844], /* orig 0x800e58b4 */
    &sUnitAnimDataBlob[4848], /* orig 0x800e58b8 */
    &sUnitAnimDataBlob[676], /* orig 0x800e486c */
    &sUnitAnimDataBlob[712], /* orig 0x800e4890 */
    &sUnitAnimDataBlob[748], /* orig 0x800e48b4 */
    &sUnitAnimDataBlob[756], /* orig 0x800e48bc */
    &sUnitAnimDataBlob[228], /* orig 0x800e46ac */
    &sUnitAnimDataBlob[232], /* orig 0x800e46b0 */
    &sUnitAnimDataBlob[4], /* orig 0x800e45cc */
    &sUnitAnimDataBlob[60], /* orig 0x800e4604 */
    &sUnitAnimDataBlob[764], /* orig 0x800e48c4 */
    &sUnitAnimDataBlob[772], /* orig 0x800e48cc */
};

static const u8 *sUnitAnimSet_41[26] = {
    &sUnitAnimDataBlob[244], /* orig 0x800e46bc */
    &sUnitAnimDataBlob[256], /* orig 0x800e46c8 */
    &sUnitAnimDataBlob[340], /* orig 0x800e471c */
    &sUnitAnimDataBlob[404], /* orig 0x800e475c */
    &sUnitAnimDataBlob[468], /* orig 0x800e479c */
    &sUnitAnimDataBlob[512], /* orig 0x800e47c8 */
    &sUnitAnimDataBlob[556], /* orig 0x800e47f4 */
    &sUnitAnimDataBlob[568], /* orig 0x800e4800 */
    &sUnitAnimDataBlob[604], /* orig 0x800e4824 */
    &sUnitAnimDataBlob[612], /* orig 0x800e482c */
    &sUnitAnimDataBlob[620], /* orig 0x800e4834 */
    &sUnitAnimDataBlob[624], /* orig 0x800e4838 */
    &sUnitAnimDataBlob[4852], /* orig 0x800e58bc */
    &sUnitAnimDataBlob[4888], /* orig 0x800e58e0 */
    &sUnitAnimDataBlob[4924], /* orig 0x800e5904 */
    &sUnitAnimDataBlob[4928], /* orig 0x800e5908 */
    &sUnitAnimDataBlob[676], /* orig 0x800e486c */
    &sUnitAnimDataBlob[712], /* orig 0x800e4890 */
    &sUnitAnimDataBlob[748], /* orig 0x800e48b4 */
    &sUnitAnimDataBlob[756], /* orig 0x800e48bc */
    &sUnitAnimDataBlob[228], /* orig 0x800e46ac */
    &sUnitAnimDataBlob[232], /* orig 0x800e46b0 */
    &sUnitAnimDataBlob[116], /* orig 0x800e463c */
    &sUnitAnimDataBlob[172], /* orig 0x800e4674 */
    &sUnitAnimDataBlob[812], /* orig 0x800e48f4 */
    &sUnitAnimDataBlob[844], /* orig 0x800e4914 */
};

static const u8 *sUnitAnimSet_42[26] = {
    &sUnitAnimDataBlob[268], /* orig 0x800e46d4 */
    &sUnitAnimDataBlob[280], /* orig 0x800e46e0 */
    &sUnitAnimDataBlob[340], /* orig 0x800e471c */
    &sUnitAnimDataBlob[404], /* orig 0x800e475c */
    &sUnitAnimDataBlob[468], /* orig 0x800e479c */
    &sUnitAnimDataBlob[512], /* orig 0x800e47c8 */
    &sUnitAnimDataBlob[556], /* orig 0x800e47f4 */
    &sUnitAnimDataBlob[568], /* orig 0x800e4800 */
    &sUnitAnimDataBlob[604], /* orig 0x800e4824 */
    &sUnitAnimDataBlob[612], /* orig 0x800e482c */
    &sUnitAnimDataBlob[620], /* orig 0x800e4834 */
    &sUnitAnimDataBlob[624], /* orig 0x800e4838 */
    &sUnitAnimDataBlob[4932], /* orig 0x800e590c */
    &sUnitAnimDataBlob[4976], /* orig 0x800e5938 */
    &sUnitAnimDataBlob[5020], /* orig 0x800e5964 */
    &sUnitAnimDataBlob[5024], /* orig 0x800e5968 */
    &sUnitAnimDataBlob[5028], /* orig 0x800e596c */
    &sUnitAnimDataBlob[5056], /* orig 0x800e5988 */
    &sUnitAnimDataBlob[748], /* orig 0x800e48b4 */
    &sUnitAnimDataBlob[756], /* orig 0x800e48bc */
    &sUnitAnimDataBlob[228], /* orig 0x800e46ac */
    &sUnitAnimDataBlob[232], /* orig 0x800e46b0 */
    &sUnitAnimDataBlob[4], /* orig 0x800e45cc */
    &sUnitAnimDataBlob[60], /* orig 0x800e4604 */
    &sUnitAnimDataBlob[764], /* orig 0x800e48c4 */
    &sUnitAnimDataBlob[772], /* orig 0x800e48cc */
};

static const u8 *sUnitAnimSet_43[26] = {
    &sUnitAnimDataBlob[268], /* orig 0x800e46d4 */
    &sUnitAnimDataBlob[280], /* orig 0x800e46e0 */
    &sUnitAnimDataBlob[340], /* orig 0x800e471c */
    &sUnitAnimDataBlob[404], /* orig 0x800e475c */
    &sUnitAnimDataBlob[468], /* orig 0x800e479c */
    &sUnitAnimDataBlob[512], /* orig 0x800e47c8 */
    &sUnitAnimDataBlob[556], /* orig 0x800e47f4 */
    &sUnitAnimDataBlob[568], /* orig 0x800e4800 */
    &sUnitAnimDataBlob[604], /* orig 0x800e4824 */
    &sUnitAnimDataBlob[612], /* orig 0x800e482c */
    &sUnitAnimDataBlob[620], /* orig 0x800e4834 */
    &sUnitAnimDataBlob[624], /* orig 0x800e4838 */
    &sUnitAnimDataBlob[5088], /* orig 0x800e59a8 */
    &sUnitAnimDataBlob[5108], /* orig 0x800e59bc */
    &sUnitAnimDataBlob[5124], /* orig 0x800e59cc */
    &sUnitAnimDataBlob[5136], /* orig 0x800e59d8 */
    &sUnitAnimDataBlob[5144], /* orig 0x800e59e0 */
    &sUnitAnimDataBlob[5180], /* orig 0x800e5a04 */
    &sUnitAnimDataBlob[748], /* orig 0x800e48b4 */
    &sUnitAnimDataBlob[756], /* orig 0x800e48bc */
    &sUnitAnimDataBlob[228], /* orig 0x800e46ac */
    &sUnitAnimDataBlob[232], /* orig 0x800e46b0 */
    &sUnitAnimDataBlob[4], /* orig 0x800e45cc */
    &sUnitAnimDataBlob[60], /* orig 0x800e4604 */
    &sUnitAnimDataBlob[764], /* orig 0x800e48c4 */
    &sUnitAnimDataBlob[772], /* orig 0x800e48cc */
};

static const u8 *sUnitAnimSet_44[26] = {
    &sUnitAnimDataBlob[244], /* orig 0x800e46bc */
    &sUnitAnimDataBlob[256], /* orig 0x800e46c8 */
    &sUnitAnimDataBlob[340], /* orig 0x800e471c */
    &sUnitAnimDataBlob[404], /* orig 0x800e475c */
    &sUnitAnimDataBlob[468], /* orig 0x800e479c */
    &sUnitAnimDataBlob[512], /* orig 0x800e47c8 */
    &sUnitAnimDataBlob[556], /* orig 0x800e47f4 */
    &sUnitAnimDataBlob[568], /* orig 0x800e4800 */
    &sUnitAnimDataBlob[604], /* orig 0x800e4824 */
    &sUnitAnimDataBlob[612], /* orig 0x800e482c */
    &sUnitAnimDataBlob[620], /* orig 0x800e4834 */
    &sUnitAnimDataBlob[624], /* orig 0x800e4838 */
    &sUnitAnimDataBlob[5216], /* orig 0x800e5a28 */
    &sUnitAnimDataBlob[5232], /* orig 0x800e5a38 */
    &sUnitAnimDataBlob[5248], /* orig 0x800e5a48 */
    &sUnitAnimDataBlob[5252], /* orig 0x800e5a4c */
    &sUnitAnimDataBlob[676], /* orig 0x800e486c */
    &sUnitAnimDataBlob[712], /* orig 0x800e4890 */
    &sUnitAnimDataBlob[748], /* orig 0x800e48b4 */
    &sUnitAnimDataBlob[756], /* orig 0x800e48bc */
    &sUnitAnimDataBlob[228], /* orig 0x800e46ac */
    &sUnitAnimDataBlob[232], /* orig 0x800e46b0 */
    &sUnitAnimDataBlob[116], /* orig 0x800e463c */
    &sUnitAnimDataBlob[172], /* orig 0x800e4674 */
    &sUnitAnimDataBlob[812], /* orig 0x800e48f4 */
    &sUnitAnimDataBlob[844], /* orig 0x800e4914 */
};

static const u8 *sUnitAnimSet_45[26] = {
    &sUnitAnimDataBlob[244], /* orig 0x800e46bc */
    &sUnitAnimDataBlob[256], /* orig 0x800e46c8 */
    &sUnitAnimDataBlob[340], /* orig 0x800e471c */
    &sUnitAnimDataBlob[404], /* orig 0x800e475c */
    &sUnitAnimDataBlob[468], /* orig 0x800e479c */
    &sUnitAnimDataBlob[512], /* orig 0x800e47c8 */
    &sUnitAnimDataBlob[556], /* orig 0x800e47f4 */
    &sUnitAnimDataBlob[568], /* orig 0x800e4800 */
    &sUnitAnimDataBlob[604], /* orig 0x800e4824 */
    &sUnitAnimDataBlob[612], /* orig 0x800e482c */
    &sUnitAnimDataBlob[620], /* orig 0x800e4834 */
    &sUnitAnimDataBlob[624], /* orig 0x800e4838 */
    &sUnitAnimDataBlob[5256], /* orig 0x800e5a50 */
    &sUnitAnimDataBlob[5280], /* orig 0x800e5a68 */
    &sUnitAnimDataBlob[5300], /* orig 0x800e5a7c */
    &sUnitAnimDataBlob[5324], /* orig 0x800e5a94 */
    &sUnitAnimDataBlob[676], /* orig 0x800e486c */
    &sUnitAnimDataBlob[712], /* orig 0x800e4890 */
    &sUnitAnimDataBlob[748], /* orig 0x800e48b4 */
    &sUnitAnimDataBlob[756], /* orig 0x800e48bc */
    &sUnitAnimDataBlob[228], /* orig 0x800e46ac */
    &sUnitAnimDataBlob[232], /* orig 0x800e46b0 */
    &sUnitAnimDataBlob[4], /* orig 0x800e45cc */
    &sUnitAnimDataBlob[60], /* orig 0x800e4604 */
    &sUnitAnimDataBlob[764], /* orig 0x800e48c4 */
    &sUnitAnimDataBlob[772], /* orig 0x800e48cc */
};

static const u8 *sUnitAnimSet_46[26] = {
    &sUnitAnimDataBlob[316], /* orig 0x800e4704 */
    &sUnitAnimDataBlob[328], /* orig 0x800e4710 */
    &sUnitAnimDataBlob[340], /* orig 0x800e471c */
    &sUnitAnimDataBlob[404], /* orig 0x800e475c */
    &sUnitAnimDataBlob[468], /* orig 0x800e479c */
    &sUnitAnimDataBlob[512], /* orig 0x800e47c8 */
    &sUnitAnimDataBlob[556], /* orig 0x800e47f4 */
    &sUnitAnimDataBlob[568], /* orig 0x800e4800 */
    &sUnitAnimDataBlob[604], /* orig 0x800e4824 */
    &sUnitAnimDataBlob[612], /* orig 0x800e482c */
    &sUnitAnimDataBlob[620], /* orig 0x800e4834 */
    &sUnitAnimDataBlob[624], /* orig 0x800e4838 */
    &sUnitAnimDataBlob[5344], /* orig 0x800e5aa8 */
    &sUnitAnimDataBlob[5360], /* orig 0x800e5ab8 */
    &sUnitAnimDataBlob[5376], /* orig 0x800e5ac8 */
    &sUnitAnimDataBlob[5388], /* orig 0x800e5ad4 */
    &sUnitAnimDataBlob[676], /* orig 0x800e486c */
    &sUnitAnimDataBlob[712], /* orig 0x800e4890 */
    &sUnitAnimDataBlob[748], /* orig 0x800e48b4 */
    &sUnitAnimDataBlob[756], /* orig 0x800e48bc */
    &sUnitAnimDataBlob[228], /* orig 0x800e46ac */
    &sUnitAnimDataBlob[232], /* orig 0x800e46b0 */
    &sUnitAnimDataBlob[4], /* orig 0x800e45cc */
    &sUnitAnimDataBlob[60], /* orig 0x800e4604 */
    &sUnitAnimDataBlob[764], /* orig 0x800e48c4 */
    &sUnitAnimDataBlob[772], /* orig 0x800e48cc */
};

static const u8 *sUnitAnimSet_47[26] = {
    &sUnitAnimDataBlob[304], /* orig 0x800e46f8 */
    &sUnitAnimDataBlob[292], /* orig 0x800e46ec */
    &sUnitAnimDataBlob[340], /* orig 0x800e471c */
    &sUnitAnimDataBlob[404], /* orig 0x800e475c */
    &sUnitAnimDataBlob[468], /* orig 0x800e479c */
    &sUnitAnimDataBlob[512], /* orig 0x800e47c8 */
    &sUnitAnimDataBlob[580], /* orig 0x800e480c */
    &sUnitAnimDataBlob[592], /* orig 0x800e4818 */
    &sUnitAnimDataBlob[604], /* orig 0x800e4824 */
    &sUnitAnimDataBlob[612], /* orig 0x800e482c */
    &sUnitAnimDataBlob[620], /* orig 0x800e4834 */
    &sUnitAnimDataBlob[624], /* orig 0x800e4838 */
    &sUnitAnimDataBlob[5400], /* orig 0x800e5ae0 */
    &sUnitAnimDataBlob[5436], /* orig 0x800e5b04 */
    &sUnitAnimDataBlob[5468], /* orig 0x800e5b24 */
    &sUnitAnimDataBlob[5480], /* orig 0x800e5b30 */
    &sUnitAnimDataBlob[676], /* orig 0x800e486c */
    &sUnitAnimDataBlob[712], /* orig 0x800e4890 */
    &sUnitAnimDataBlob[748], /* orig 0x800e48b4 */
    &sUnitAnimDataBlob[756], /* orig 0x800e48bc */
    &sUnitAnimDataBlob[228], /* orig 0x800e46ac */
    &sUnitAnimDataBlob[232], /* orig 0x800e46b0 */
    &sUnitAnimDataBlob[116], /* orig 0x800e463c */
    &sUnitAnimDataBlob[172], /* orig 0x800e4674 */
    &sUnitAnimDataBlob[812], /* orig 0x800e48f4 */
    &sUnitAnimDataBlob[844], /* orig 0x800e4914 */
};

static const u8 *sUnitAnimSet_48[26] = {
    &sUnitAnimDataBlob[244], /* orig 0x800e46bc */
    &sUnitAnimDataBlob[256], /* orig 0x800e46c8 */
    &sUnitAnimDataBlob[340], /* orig 0x800e471c */
    &sUnitAnimDataBlob[404], /* orig 0x800e475c */
    &sUnitAnimDataBlob[468], /* orig 0x800e479c */
    &sUnitAnimDataBlob[512], /* orig 0x800e47c8 */
    &sUnitAnimDataBlob[556], /* orig 0x800e47f4 */
    &sUnitAnimDataBlob[568], /* orig 0x800e4800 */
    &sUnitAnimDataBlob[604], /* orig 0x800e4824 */
    &sUnitAnimDataBlob[612], /* orig 0x800e482c */
    &sUnitAnimDataBlob[620], /* orig 0x800e4834 */
    &sUnitAnimDataBlob[624], /* orig 0x800e4838 */
    &sUnitAnimDataBlob[5488], /* orig 0x800e5b38 */
    &sUnitAnimDataBlob[5532], /* orig 0x800e5b64 */
    &sUnitAnimDataBlob[5576], /* orig 0x800e5b90 */
    &sUnitAnimDataBlob[5584], /* orig 0x800e5b98 */
    &sUnitAnimDataBlob[5592], /* orig 0x800e5ba0 */
    &sUnitAnimDataBlob[5620], /* orig 0x800e5bbc */
    &sUnitAnimDataBlob[748], /* orig 0x800e48b4 */
    &sUnitAnimDataBlob[756], /* orig 0x800e48bc */
    &sUnitAnimDataBlob[228], /* orig 0x800e46ac */
    &sUnitAnimDataBlob[232], /* orig 0x800e46b0 */
    &sUnitAnimDataBlob[4], /* orig 0x800e45cc */
    &sUnitAnimDataBlob[60], /* orig 0x800e4604 */
    &sUnitAnimDataBlob[764], /* orig 0x800e48c4 */
    &sUnitAnimDataBlob[772], /* orig 0x800e48cc */
};

static const u8 *sUnitAnimSet_49[26] = {
    &sUnitAnimDataBlob[244], /* orig 0x800e46bc */
    &sUnitAnimDataBlob[256], /* orig 0x800e46c8 */
    &sUnitAnimDataBlob[340], /* orig 0x800e471c */
    &sUnitAnimDataBlob[404], /* orig 0x800e475c */
    &sUnitAnimDataBlob[468], /* orig 0x800e479c */
    &sUnitAnimDataBlob[512], /* orig 0x800e47c8 */
    &sUnitAnimDataBlob[556], /* orig 0x800e47f4 */
    &sUnitAnimDataBlob[568], /* orig 0x800e4800 */
    &sUnitAnimDataBlob[604], /* orig 0x800e4824 */
    &sUnitAnimDataBlob[612], /* orig 0x800e482c */
    &sUnitAnimDataBlob[620], /* orig 0x800e4834 */
    &sUnitAnimDataBlob[624], /* orig 0x800e4838 */
    &sUnitAnimDataBlob[5648], /* orig 0x800e5bd8 */
    &sUnitAnimDataBlob[5684], /* orig 0x800e5bfc */
    &sUnitAnimDataBlob[5720], /* orig 0x800e5c20 */
    &sUnitAnimDataBlob[5732], /* orig 0x800e5c2c */
    &sUnitAnimDataBlob[5748], /* orig 0x800e5c3c */
    &sUnitAnimDataBlob[5780], /* orig 0x800e5c5c */
    &sUnitAnimDataBlob[748], /* orig 0x800e48b4 */
    &sUnitAnimDataBlob[756], /* orig 0x800e48bc */
    &sUnitAnimDataBlob[228], /* orig 0x800e46ac */
    &sUnitAnimDataBlob[232], /* orig 0x800e46b0 */
    &sUnitAnimDataBlob[4], /* orig 0x800e45cc */
    &sUnitAnimDataBlob[60], /* orig 0x800e4604 */
    &sUnitAnimDataBlob[780], /* orig 0x800e48d4 */
    &sUnitAnimDataBlob[788], /* orig 0x800e48dc */
};

static const u8 *sUnitAnimSet_50[26] = {
    &sUnitAnimDataBlob[244], /* orig 0x800e46bc */
    &sUnitAnimDataBlob[256], /* orig 0x800e46c8 */
    &sUnitAnimDataBlob[340], /* orig 0x800e471c */
    &sUnitAnimDataBlob[404], /* orig 0x800e475c */
    &sUnitAnimDataBlob[468], /* orig 0x800e479c */
    &sUnitAnimDataBlob[512], /* orig 0x800e47c8 */
    &sUnitAnimDataBlob[580], /* orig 0x800e480c */
    &sUnitAnimDataBlob[592], /* orig 0x800e4818 */
    &sUnitAnimDataBlob[604], /* orig 0x800e4824 */
    &sUnitAnimDataBlob[612], /* orig 0x800e482c */
    &sUnitAnimDataBlob[620], /* orig 0x800e4834 */
    &sUnitAnimDataBlob[624], /* orig 0x800e4838 */
    &sUnitAnimDataBlob[5808], /* orig 0x800e5c78 */
    &sUnitAnimDataBlob[5836], /* orig 0x800e5c94 */
    &sUnitAnimDataBlob[5864], /* orig 0x800e5cb0 */
    &sUnitAnimDataBlob[5872], /* orig 0x800e5cb8 */
    &sUnitAnimDataBlob[676], /* orig 0x800e486c */
    &sUnitAnimDataBlob[712], /* orig 0x800e4890 */
    &sUnitAnimDataBlob[748], /* orig 0x800e48b4 */
    &sUnitAnimDataBlob[756], /* orig 0x800e48bc */
    &sUnitAnimDataBlob[228], /* orig 0x800e46ac */
    &sUnitAnimDataBlob[232], /* orig 0x800e46b0 */
    &sUnitAnimDataBlob[116], /* orig 0x800e463c */
    &sUnitAnimDataBlob[172], /* orig 0x800e4674 */
    &sUnitAnimDataBlob[812], /* orig 0x800e48f4 */
    &sUnitAnimDataBlob[844], /* orig 0x800e4914 */
};

static const u8 *sUnitAnimSet_51[24] = {
    &sUnitAnimDataBlob[244], /* orig 0x800e46bc */
    &sUnitAnimDataBlob[256], /* orig 0x800e46c8 */
    &sUnitAnimDataBlob[340], /* orig 0x800e471c */
    &sUnitAnimDataBlob[404], /* orig 0x800e475c */
    &sUnitAnimDataBlob[468], /* orig 0x800e479c */
    &sUnitAnimDataBlob[512], /* orig 0x800e47c8 */
    &sUnitAnimDataBlob[556], /* orig 0x800e47f4 */
    &sUnitAnimDataBlob[568], /* orig 0x800e4800 */
    &sUnitAnimDataBlob[604], /* orig 0x800e4824 */
    &sUnitAnimDataBlob[612], /* orig 0x800e482c */
    &sUnitAnimDataBlob[620], /* orig 0x800e4834 */
    &sUnitAnimDataBlob[624], /* orig 0x800e4838 */
    &sUnitAnimDataBlob[5880], /* orig 0x800e5cc0 */
    &sUnitAnimDataBlob[5892], /* orig 0x800e5ccc */
    &sUnitAnimDataBlob[5904], /* orig 0x800e5cd8 */
    &sUnitAnimDataBlob[5908], /* orig 0x800e5cdc */
    &sUnitAnimDataBlob[5912], /* orig 0x800e5ce0 */
    &sUnitAnimDataBlob[5924], /* orig 0x800e5cec */
    &sUnitAnimDataBlob[748], /* orig 0x800e48b4 */
    &sUnitAnimDataBlob[756], /* orig 0x800e48bc */
    &sUnitAnimDataBlob[228], /* orig 0x800e46ac */
    &sUnitAnimDataBlob[232], /* orig 0x800e46b0 */
    &sUnitAnimDataBlob[4], /* orig 0x800e45cc */
    &sUnitAnimDataBlob[60], /* orig 0x800e4604 */
};

static const u8 *sUnitAnimSet_52[24] = {
    &sUnitAnimDataBlob[244], /* orig 0x800e46bc */
    &sUnitAnimDataBlob[256], /* orig 0x800e46c8 */
    &sUnitAnimDataBlob[340], /* orig 0x800e471c */
    &sUnitAnimDataBlob[404], /* orig 0x800e475c */
    &sUnitAnimDataBlob[468], /* orig 0x800e479c */
    &sUnitAnimDataBlob[512], /* orig 0x800e47c8 */
    &sUnitAnimDataBlob[556], /* orig 0x800e47f4 */
    &sUnitAnimDataBlob[568], /* orig 0x800e4800 */
    &sUnitAnimDataBlob[604], /* orig 0x800e4824 */
    &sUnitAnimDataBlob[612], /* orig 0x800e482c */
    &sUnitAnimDataBlob[620], /* orig 0x800e4834 */
    &sUnitAnimDataBlob[624], /* orig 0x800e4838 */
    &sUnitAnimDataBlob[5936], /* orig 0x800e5cf8 */
    &sUnitAnimDataBlob[6016], /* orig 0x800e5d48 */
    &sUnitAnimDataBlob[6096], /* orig 0x800e5d98 */
    &sUnitAnimDataBlob[6116], /* orig 0x800e5dac */
    &sUnitAnimDataBlob[676], /* orig 0x800e486c */
    &sUnitAnimDataBlob[712], /* orig 0x800e4890 */
    &sUnitAnimDataBlob[748], /* orig 0x800e48b4 */
    &sUnitAnimDataBlob[756], /* orig 0x800e48bc */
    &sUnitAnimDataBlob[228], /* orig 0x800e46ac */
    &sUnitAnimDataBlob[232], /* orig 0x800e46b0 */
    &sUnitAnimDataBlob[4], /* orig 0x800e45cc */
    &sUnitAnimDataBlob[60], /* orig 0x800e4604 */
};

static const u8 *sUnitAnimSet_53[30] = {
    &sUnitAnimDataBlob[244], /* orig 0x800e46bc */
    &sUnitAnimDataBlob[256], /* orig 0x800e46c8 */
    &sUnitAnimDataBlob[340], /* orig 0x800e471c */
    &sUnitAnimDataBlob[404], /* orig 0x800e475c */
    &sUnitAnimDataBlob[468], /* orig 0x800e479c */
    &sUnitAnimDataBlob[512], /* orig 0x800e47c8 */
    &sUnitAnimDataBlob[556], /* orig 0x800e47f4 */
    &sUnitAnimDataBlob[568], /* orig 0x800e4800 */
    &sUnitAnimDataBlob[604], /* orig 0x800e4824 */
    &sUnitAnimDataBlob[612], /* orig 0x800e482c */
    &sUnitAnimDataBlob[620], /* orig 0x800e4834 */
    &sUnitAnimDataBlob[624], /* orig 0x800e4838 */
    &sUnitAnimDataBlob[6136], /* orig 0x800e5dc0 */
    &sUnitAnimDataBlob[6148], /* orig 0x800e5dcc */
    &sUnitAnimDataBlob[6160], /* orig 0x800e5dd8 */
    &sUnitAnimDataBlob[6168], /* orig 0x800e5de0 */
    &sUnitAnimDataBlob[676], /* orig 0x800e486c */
    &sUnitAnimDataBlob[712], /* orig 0x800e4890 */
    &sUnitAnimDataBlob[748], /* orig 0x800e48b4 */
    &sUnitAnimDataBlob[756], /* orig 0x800e48bc */
    &sUnitAnimDataBlob[228], /* orig 0x800e46ac */
    &sUnitAnimDataBlob[232], /* orig 0x800e46b0 */
    &sUnitAnimDataBlob[4], /* orig 0x800e45cc */
    &sUnitAnimDataBlob[60], /* orig 0x800e4604 */
    (const u8 *)0, /* orig 0x00000000 (real NULL -- no animation for this state) */
    (const u8 *)0, /* orig 0x00000000 (real NULL -- no animation for this state) */
    &sUnitAnimDataBlob[6136], /* orig 0x800e5dc0 */
    &sUnitAnimDataBlob[6148], /* orig 0x800e5dcc */
    &sUnitAnimDataBlob[6160], /* orig 0x800e5dd8 */
    &sUnitAnimDataBlob[6168], /* orig 0x800e5de0 */
};

static const u8 *sUnitAnimSet_54[24] = {
    &sUnitAnimDataBlob[244], /* orig 0x800e46bc */
    &sUnitAnimDataBlob[256], /* orig 0x800e46c8 */
    &sUnitAnimDataBlob[340], /* orig 0x800e471c */
    &sUnitAnimDataBlob[404], /* orig 0x800e475c */
    &sUnitAnimDataBlob[468], /* orig 0x800e479c */
    &sUnitAnimDataBlob[512], /* orig 0x800e47c8 */
    &sUnitAnimDataBlob[556], /* orig 0x800e47f4 */
    &sUnitAnimDataBlob[568], /* orig 0x800e4800 */
    &sUnitAnimDataBlob[604], /* orig 0x800e4824 */
    &sUnitAnimDataBlob[612], /* orig 0x800e482c */
    &sUnitAnimDataBlob[620], /* orig 0x800e4834 */
    &sUnitAnimDataBlob[624], /* orig 0x800e4838 */
    &sUnitAnimDataBlob[6176], /* orig 0x800e5de8 */
    &sUnitAnimDataBlob[6204], /* orig 0x800e5e04 */
    &sUnitAnimDataBlob[6232], /* orig 0x800e5e20 */
    &sUnitAnimDataBlob[6236], /* orig 0x800e5e24 */
    &sUnitAnimDataBlob[676], /* orig 0x800e486c */
    &sUnitAnimDataBlob[712], /* orig 0x800e4890 */
    &sUnitAnimDataBlob[748], /* orig 0x800e48b4 */
    &sUnitAnimDataBlob[756], /* orig 0x800e48bc */
    &sUnitAnimDataBlob[228], /* orig 0x800e46ac */
    &sUnitAnimDataBlob[232], /* orig 0x800e46b0 */
    &sUnitAnimDataBlob[4], /* orig 0x800e45cc */
    &sUnitAnimDataBlob[60], /* orig 0x800e4604 */
};

static const u8 *sUnitAnimSet_55[24] = {
    &sUnitAnimDataBlob[244], /* orig 0x800e46bc */
    &sUnitAnimDataBlob[256], /* orig 0x800e46c8 */
    &sUnitAnimDataBlob[340], /* orig 0x800e471c */
    &sUnitAnimDataBlob[404], /* orig 0x800e475c */
    &sUnitAnimDataBlob[468], /* orig 0x800e479c */
    &sUnitAnimDataBlob[512], /* orig 0x800e47c8 */
    &sUnitAnimDataBlob[556], /* orig 0x800e47f4 */
    &sUnitAnimDataBlob[568], /* orig 0x800e4800 */
    &sUnitAnimDataBlob[604], /* orig 0x800e4824 */
    &sUnitAnimDataBlob[612], /* orig 0x800e482c */
    &sUnitAnimDataBlob[620], /* orig 0x800e4834 */
    &sUnitAnimDataBlob[624], /* orig 0x800e4838 */
    &sUnitAnimDataBlob[6240], /* orig 0x800e5e28 */
    &sUnitAnimDataBlob[6268], /* orig 0x800e5e44 */
    &sUnitAnimDataBlob[6296], /* orig 0x800e5e60 */
    &sUnitAnimDataBlob[6304], /* orig 0x800e5e68 */
    &sUnitAnimDataBlob[676], /* orig 0x800e486c */
    &sUnitAnimDataBlob[712], /* orig 0x800e4890 */
    &sUnitAnimDataBlob[748], /* orig 0x800e48b4 */
    &sUnitAnimDataBlob[756], /* orig 0x800e48bc */
    &sUnitAnimDataBlob[228], /* orig 0x800e46ac */
    &sUnitAnimDataBlob[232], /* orig 0x800e46b0 */
    &sUnitAnimDataBlob[4], /* orig 0x800e45cc */
    &sUnitAnimDataBlob[60], /* orig 0x800e4604 */
};

static const u8 *sUnitAnimSet_56[24] = {
    &sUnitAnimDataBlob[244], /* orig 0x800e46bc */
    &sUnitAnimDataBlob[256], /* orig 0x800e46c8 */
    &sUnitAnimDataBlob[340], /* orig 0x800e471c */
    &sUnitAnimDataBlob[404], /* orig 0x800e475c */
    &sUnitAnimDataBlob[468], /* orig 0x800e479c */
    &sUnitAnimDataBlob[512], /* orig 0x800e47c8 */
    &sUnitAnimDataBlob[556], /* orig 0x800e47f4 */
    &sUnitAnimDataBlob[568], /* orig 0x800e4800 */
    &sUnitAnimDataBlob[604], /* orig 0x800e4824 */
    &sUnitAnimDataBlob[612], /* orig 0x800e482c */
    &sUnitAnimDataBlob[620], /* orig 0x800e4834 */
    &sUnitAnimDataBlob[624], /* orig 0x800e4838 */
    &sUnitAnimDataBlob[6312], /* orig 0x800e5e70 */
    &sUnitAnimDataBlob[6344], /* orig 0x800e5e90 */
    &sUnitAnimDataBlob[6376], /* orig 0x800e5eb0 */
    &sUnitAnimDataBlob[6384], /* orig 0x800e5eb8 */
    &sUnitAnimDataBlob[676], /* orig 0x800e486c */
    &sUnitAnimDataBlob[712], /* orig 0x800e4890 */
    &sUnitAnimDataBlob[748], /* orig 0x800e48b4 */
    &sUnitAnimDataBlob[756], /* orig 0x800e48bc */
    &sUnitAnimDataBlob[228], /* orig 0x800e46ac */
    &sUnitAnimDataBlob[232], /* orig 0x800e46b0 */
    &sUnitAnimDataBlob[4], /* orig 0x800e45cc */
    &sUnitAnimDataBlob[60], /* orig 0x800e4604 */
};

static const u8 *sUnitAnimSet_57[24] = {
    &sUnitAnimDataBlob[244], /* orig 0x800e46bc */
    &sUnitAnimDataBlob[256], /* orig 0x800e46c8 */
    &sUnitAnimDataBlob[340], /* orig 0x800e471c */
    &sUnitAnimDataBlob[404], /* orig 0x800e475c */
    &sUnitAnimDataBlob[468], /* orig 0x800e479c */
    &sUnitAnimDataBlob[512], /* orig 0x800e47c8 */
    &sUnitAnimDataBlob[556], /* orig 0x800e47f4 */
    &sUnitAnimDataBlob[568], /* orig 0x800e4800 */
    &sUnitAnimDataBlob[604], /* orig 0x800e4824 */
    &sUnitAnimDataBlob[612], /* orig 0x800e482c */
    &sUnitAnimDataBlob[620], /* orig 0x800e4834 */
    &sUnitAnimDataBlob[624], /* orig 0x800e4838 */
    &sUnitAnimDataBlob[6392], /* orig 0x800e5ec0 */
    &sUnitAnimDataBlob[6400], /* orig 0x800e5ec8 */
    &sUnitAnimDataBlob[6408], /* orig 0x800e5ed0 */
    &sUnitAnimDataBlob[6412], /* orig 0x800e5ed4 */
    &sUnitAnimDataBlob[6416], /* orig 0x800e5ed8 */
    &sUnitAnimDataBlob[6464], /* orig 0x800e5f08 */
    &sUnitAnimDataBlob[748], /* orig 0x800e48b4 */
    &sUnitAnimDataBlob[756], /* orig 0x800e48bc */
    &sUnitAnimDataBlob[228], /* orig 0x800e46ac */
    &sUnitAnimDataBlob[232], /* orig 0x800e46b0 */
    &sUnitAnimDataBlob[4], /* orig 0x800e45cc */
    &sUnitAnimDataBlob[60], /* orig 0x800e4604 */
};

static const u8 *sUnitAnimSet_58[24] = {
    &sUnitAnimDataBlob[244], /* orig 0x800e46bc */
    &sUnitAnimDataBlob[256], /* orig 0x800e46c8 */
    &sUnitAnimDataBlob[340], /* orig 0x800e471c */
    &sUnitAnimDataBlob[404], /* orig 0x800e475c */
    &sUnitAnimDataBlob[468], /* orig 0x800e479c */
    &sUnitAnimDataBlob[512], /* orig 0x800e47c8 */
    &sUnitAnimDataBlob[556], /* orig 0x800e47f4 */
    &sUnitAnimDataBlob[568], /* orig 0x800e4800 */
    &sUnitAnimDataBlob[604], /* orig 0x800e4824 */
    &sUnitAnimDataBlob[612], /* orig 0x800e482c */
    &sUnitAnimDataBlob[620], /* orig 0x800e4834 */
    &sUnitAnimDataBlob[624], /* orig 0x800e4838 */
    &sUnitAnimDataBlob[6512], /* orig 0x800e5f38 */
    &sUnitAnimDataBlob[6552], /* orig 0x800e5f60 */
    &sUnitAnimDataBlob[6592], /* orig 0x800e5f88 */
    &sUnitAnimDataBlob[6596], /* orig 0x800e5f8c */
    &sUnitAnimDataBlob[676], /* orig 0x800e486c */
    &sUnitAnimDataBlob[712], /* orig 0x800e4890 */
    &sUnitAnimDataBlob[748], /* orig 0x800e48b4 */
    &sUnitAnimDataBlob[756], /* orig 0x800e48bc */
    &sUnitAnimDataBlob[228], /* orig 0x800e46ac */
    &sUnitAnimDataBlob[232], /* orig 0x800e46b0 */
    &sUnitAnimDataBlob[4], /* orig 0x800e45cc */
    &sUnitAnimDataBlob[60], /* orig 0x800e4604 */
};

static const u8 *sUnitAnimSet_59[24] = {
    &sUnitAnimDataBlob[244], /* orig 0x800e46bc */
    &sUnitAnimDataBlob[256], /* orig 0x800e46c8 */
    &sUnitAnimDataBlob[340], /* orig 0x800e471c */
    &sUnitAnimDataBlob[404], /* orig 0x800e475c */
    &sUnitAnimDataBlob[468], /* orig 0x800e479c */
    &sUnitAnimDataBlob[512], /* orig 0x800e47c8 */
    &sUnitAnimDataBlob[556], /* orig 0x800e47f4 */
    &sUnitAnimDataBlob[568], /* orig 0x800e4800 */
    &sUnitAnimDataBlob[604], /* orig 0x800e4824 */
    &sUnitAnimDataBlob[612], /* orig 0x800e482c */
    &sUnitAnimDataBlob[620], /* orig 0x800e4834 */
    &sUnitAnimDataBlob[624], /* orig 0x800e4838 */
    &sUnitAnimDataBlob[6600], /* orig 0x800e5f90 */
    &sUnitAnimDataBlob[6612], /* orig 0x800e5f9c */
    &sUnitAnimDataBlob[6624], /* orig 0x800e5fa8 */
    &sUnitAnimDataBlob[6628], /* orig 0x800e5fac */
    &sUnitAnimDataBlob[676], /* orig 0x800e486c */
    &sUnitAnimDataBlob[712], /* orig 0x800e4890 */
    &sUnitAnimDataBlob[748], /* orig 0x800e48b4 */
    &sUnitAnimDataBlob[756], /* orig 0x800e48bc */
    &sUnitAnimDataBlob[228], /* orig 0x800e46ac */
    &sUnitAnimDataBlob[232], /* orig 0x800e46b0 */
    &sUnitAnimDataBlob[4], /* orig 0x800e45cc */
    &sUnitAnimDataBlob[60], /* orig 0x800e4604 */
};

static const u8 *sUnitAnimSet_60[30] = {
    &sUnitAnimDataBlob[244], /* orig 0x800e46bc */
    &sUnitAnimDataBlob[256], /* orig 0x800e46c8 */
    &sUnitAnimDataBlob[340], /* orig 0x800e471c */
    &sUnitAnimDataBlob[404], /* orig 0x800e475c */
    &sUnitAnimDataBlob[468], /* orig 0x800e479c */
    &sUnitAnimDataBlob[512], /* orig 0x800e47c8 */
    &sUnitAnimDataBlob[556], /* orig 0x800e47f4 */
    &sUnitAnimDataBlob[568], /* orig 0x800e4800 */
    &sUnitAnimDataBlob[604], /* orig 0x800e4824 */
    &sUnitAnimDataBlob[612], /* orig 0x800e482c */
    &sUnitAnimDataBlob[620], /* orig 0x800e4834 */
    &sUnitAnimDataBlob[624], /* orig 0x800e4838 */
    &sUnitAnimDataBlob[6632], /* orig 0x800e5fb0 */
    &sUnitAnimDataBlob[6640], /* orig 0x800e5fb8 */
    &sUnitAnimDataBlob[6648], /* orig 0x800e5fc0 */
    &sUnitAnimDataBlob[6656], /* orig 0x800e5fc8 */
    &sUnitAnimDataBlob[676], /* orig 0x800e486c */
    &sUnitAnimDataBlob[712], /* orig 0x800e4890 */
    &sUnitAnimDataBlob[748], /* orig 0x800e48b4 */
    &sUnitAnimDataBlob[756], /* orig 0x800e48bc */
    &sUnitAnimDataBlob[228], /* orig 0x800e46ac */
    &sUnitAnimDataBlob[232], /* orig 0x800e46b0 */
    &sUnitAnimDataBlob[4], /* orig 0x800e45cc */
    &sUnitAnimDataBlob[60], /* orig 0x800e4604 */
    &sUnitAnimDataBlob[764], /* orig 0x800e48c4 */
    &sUnitAnimDataBlob[772], /* orig 0x800e48cc */
    &sUnitAnimDataBlob[6664], /* orig 0x800e5fd0 */
    &sUnitAnimDataBlob[6672], /* orig 0x800e5fd8 */
    &sUnitAnimDataBlob[6680], /* orig 0x800e5fe0 */
    &sUnitAnimDataBlob[6688], /* orig 0x800e5fe8 */
};

static const u8 *sUnitAnimSet_61[30] = {
    &sUnitAnimDataBlob[244], /* orig 0x800e46bc */
    &sUnitAnimDataBlob[256], /* orig 0x800e46c8 */
    &sUnitAnimDataBlob[340], /* orig 0x800e471c */
    &sUnitAnimDataBlob[404], /* orig 0x800e475c */
    &sUnitAnimDataBlob[468], /* orig 0x800e479c */
    &sUnitAnimDataBlob[512], /* orig 0x800e47c8 */
    &sUnitAnimDataBlob[556], /* orig 0x800e47f4 */
    &sUnitAnimDataBlob[568], /* orig 0x800e4800 */
    &sUnitAnimDataBlob[604], /* orig 0x800e4824 */
    &sUnitAnimDataBlob[612], /* orig 0x800e482c */
    &sUnitAnimDataBlob[620], /* orig 0x800e4834 */
    &sUnitAnimDataBlob[624], /* orig 0x800e4838 */
    &sUnitAnimDataBlob[6696], /* orig 0x800e5ff0 */
    &sUnitAnimDataBlob[6704], /* orig 0x800e5ff8 */
    &sUnitAnimDataBlob[6712], /* orig 0x800e6000 */
    &sUnitAnimDataBlob[6720], /* orig 0x800e6008 */
    &sUnitAnimDataBlob[676], /* orig 0x800e486c */
    &sUnitAnimDataBlob[712], /* orig 0x800e4890 */
    &sUnitAnimDataBlob[748], /* orig 0x800e48b4 */
    &sUnitAnimDataBlob[756], /* orig 0x800e48bc */
    &sUnitAnimDataBlob[228], /* orig 0x800e46ac */
    &sUnitAnimDataBlob[232], /* orig 0x800e46b0 */
    &sUnitAnimDataBlob[4], /* orig 0x800e45cc */
    &sUnitAnimDataBlob[60], /* orig 0x800e4604 */
    &sUnitAnimDataBlob[764], /* orig 0x800e48c4 */
    &sUnitAnimDataBlob[772], /* orig 0x800e48cc */
    &sUnitAnimDataBlob[6728], /* orig 0x800e6010 */
    &sUnitAnimDataBlob[6740], /* orig 0x800e601c */
    &sUnitAnimDataBlob[6752], /* orig 0x800e6028 */
    &sUnitAnimDataBlob[6760], /* orig 0x800e6030 */
};

static const u8 *sUnitAnimSet_62[24] = {
    &sUnitAnimDataBlob[244], /* orig 0x800e46bc */
    &sUnitAnimDataBlob[256], /* orig 0x800e46c8 */
    &sUnitAnimDataBlob[340], /* orig 0x800e471c */
    &sUnitAnimDataBlob[404], /* orig 0x800e475c */
    &sUnitAnimDataBlob[468], /* orig 0x800e479c */
    &sUnitAnimDataBlob[512], /* orig 0x800e47c8 */
    &sUnitAnimDataBlob[556], /* orig 0x800e47f4 */
    &sUnitAnimDataBlob[568], /* orig 0x800e4800 */
    &sUnitAnimDataBlob[604], /* orig 0x800e4824 */
    &sUnitAnimDataBlob[612], /* orig 0x800e482c */
    &sUnitAnimDataBlob[620], /* orig 0x800e4834 */
    &sUnitAnimDataBlob[624], /* orig 0x800e4838 */
    &sUnitAnimDataBlob[6768], /* orig 0x800e6038 */
    &sUnitAnimDataBlob[6780], /* orig 0x800e6044 */
    &sUnitAnimDataBlob[6792], /* orig 0x800e6050 */
    &sUnitAnimDataBlob[6796], /* orig 0x800e6054 */
    &sUnitAnimDataBlob[6800], /* orig 0x800e6058 */
    &sUnitAnimDataBlob[6824], /* orig 0x800e6070 */
    &sUnitAnimDataBlob[748], /* orig 0x800e48b4 */
    &sUnitAnimDataBlob[756], /* orig 0x800e48bc */
    &sUnitAnimDataBlob[228], /* orig 0x800e46ac */
    &sUnitAnimDataBlob[232], /* orig 0x800e46b0 */
    &sUnitAnimDataBlob[4], /* orig 0x800e45cc */
    &sUnitAnimDataBlob[60], /* orig 0x800e4604 */
};

static const u8 *sUnitAnimSet_63[24] = {
    &sUnitAnimDataBlob[244], /* orig 0x800e46bc */
    &sUnitAnimDataBlob[256], /* orig 0x800e46c8 */
    &sUnitAnimDataBlob[340], /* orig 0x800e471c */
    &sUnitAnimDataBlob[404], /* orig 0x800e475c */
    &sUnitAnimDataBlob[468], /* orig 0x800e479c */
    &sUnitAnimDataBlob[512], /* orig 0x800e47c8 */
    &sUnitAnimDataBlob[556], /* orig 0x800e47f4 */
    &sUnitAnimDataBlob[568], /* orig 0x800e4800 */
    &sUnitAnimDataBlob[604], /* orig 0x800e4824 */
    &sUnitAnimDataBlob[612], /* orig 0x800e482c */
    &sUnitAnimDataBlob[620], /* orig 0x800e4834 */
    &sUnitAnimDataBlob[624], /* orig 0x800e4838 */
    &sUnitAnimDataBlob[6848], /* orig 0x800e6088 */
    &sUnitAnimDataBlob[6868], /* orig 0x800e609c */
    &sUnitAnimDataBlob[6888], /* orig 0x800e60b0 */
    &sUnitAnimDataBlob[6896], /* orig 0x800e60b8 */
    &sUnitAnimDataBlob[676], /* orig 0x800e486c */
    &sUnitAnimDataBlob[712], /* orig 0x800e4890 */
    &sUnitAnimDataBlob[748], /* orig 0x800e48b4 */
    &sUnitAnimDataBlob[756], /* orig 0x800e48bc */
    &sUnitAnimDataBlob[228], /* orig 0x800e46ac */
    &sUnitAnimDataBlob[232], /* orig 0x800e46b0 */
    &sUnitAnimDataBlob[4], /* orig 0x800e45cc */
    &sUnitAnimDataBlob[60], /* orig 0x800e4604 */
};

static const u8 *sUnitAnimSet_64[30] = {
    &sUnitAnimDataBlob[244], /* orig 0x800e46bc */
    &sUnitAnimDataBlob[256], /* orig 0x800e46c8 */
    &sUnitAnimDataBlob[340], /* orig 0x800e471c */
    &sUnitAnimDataBlob[404], /* orig 0x800e475c */
    &sUnitAnimDataBlob[468], /* orig 0x800e479c */
    &sUnitAnimDataBlob[512], /* orig 0x800e47c8 */
    &sUnitAnimDataBlob[556], /* orig 0x800e47f4 */
    &sUnitAnimDataBlob[568], /* orig 0x800e4800 */
    &sUnitAnimDataBlob[604], /* orig 0x800e4824 */
    &sUnitAnimDataBlob[612], /* orig 0x800e482c */
    &sUnitAnimDataBlob[620], /* orig 0x800e4834 */
    &sUnitAnimDataBlob[624], /* orig 0x800e4838 */
    &sUnitAnimDataBlob[6904], /* orig 0x800e60c0 */
    &sUnitAnimDataBlob[6912], /* orig 0x800e60c8 */
    &sUnitAnimDataBlob[6920], /* orig 0x800e60d0 */
    &sUnitAnimDataBlob[6928], /* orig 0x800e60d8 */
    &sUnitAnimDataBlob[676], /* orig 0x800e486c */
    &sUnitAnimDataBlob[712], /* orig 0x800e4890 */
    &sUnitAnimDataBlob[748], /* orig 0x800e48b4 */
    &sUnitAnimDataBlob[756], /* orig 0x800e48bc */
    &sUnitAnimDataBlob[228], /* orig 0x800e46ac */
    &sUnitAnimDataBlob[232], /* orig 0x800e46b0 */
    &sUnitAnimDataBlob[4], /* orig 0x800e45cc */
    &sUnitAnimDataBlob[60], /* orig 0x800e4604 */
    &sUnitAnimDataBlob[764], /* orig 0x800e48c4 */
    &sUnitAnimDataBlob[772], /* orig 0x800e48cc */
    &sUnitAnimDataBlob[6936], /* orig 0x800e60e0 */
    &sUnitAnimDataBlob[6944], /* orig 0x800e60e8 */
    &sUnitAnimDataBlob[6952], /* orig 0x800e60f0 */
    &sUnitAnimDataBlob[6960], /* orig 0x800e60f8 */
};

static const u8 *sUnitAnimSet_65[30] = {
    &sUnitAnimDataBlob[244], /* orig 0x800e46bc */
    &sUnitAnimDataBlob[256], /* orig 0x800e46c8 */
    &sUnitAnimDataBlob[340], /* orig 0x800e471c */
    &sUnitAnimDataBlob[404], /* orig 0x800e475c */
    &sUnitAnimDataBlob[468], /* orig 0x800e479c */
    &sUnitAnimDataBlob[512], /* orig 0x800e47c8 */
    &sUnitAnimDataBlob[556], /* orig 0x800e47f4 */
    &sUnitAnimDataBlob[568], /* orig 0x800e4800 */
    &sUnitAnimDataBlob[604], /* orig 0x800e4824 */
    &sUnitAnimDataBlob[612], /* orig 0x800e482c */
    &sUnitAnimDataBlob[620], /* orig 0x800e4834 */
    &sUnitAnimDataBlob[624], /* orig 0x800e4838 */
    &sUnitAnimDataBlob[6968], /* orig 0x800e6100 */
    &sUnitAnimDataBlob[6984], /* orig 0x800e6110 */
    &sUnitAnimDataBlob[7000], /* orig 0x800e6120 */
    &sUnitAnimDataBlob[7004], /* orig 0x800e6124 */
    &sUnitAnimDataBlob[676], /* orig 0x800e486c */
    &sUnitAnimDataBlob[712], /* orig 0x800e4890 */
    &sUnitAnimDataBlob[748], /* orig 0x800e48b4 */
    &sUnitAnimDataBlob[756], /* orig 0x800e48bc */
    &sUnitAnimDataBlob[228], /* orig 0x800e46ac */
    &sUnitAnimDataBlob[232], /* orig 0x800e46b0 */
    &sUnitAnimDataBlob[4], /* orig 0x800e45cc */
    &sUnitAnimDataBlob[60], /* orig 0x800e4604 */
    &sUnitAnimDataBlob[764], /* orig 0x800e48c4 */
    &sUnitAnimDataBlob[772], /* orig 0x800e48cc */
    &sUnitAnimDataBlob[6968], /* orig 0x800e6100 */
    &sUnitAnimDataBlob[6984], /* orig 0x800e6110 */
    &sUnitAnimDataBlob[7000], /* orig 0x800e6120 */
    &sUnitAnimDataBlob[7004], /* orig 0x800e6124 */
};

static const u8 *sUnitAnimSet_66[24] = {
    &sUnitAnimDataBlob[244], /* orig 0x800e46bc */
    &sUnitAnimDataBlob[256], /* orig 0x800e46c8 */
    &sUnitAnimDataBlob[340], /* orig 0x800e471c */
    &sUnitAnimDataBlob[404], /* orig 0x800e475c */
    &sUnitAnimDataBlob[468], /* orig 0x800e479c */
    &sUnitAnimDataBlob[512], /* orig 0x800e47c8 */
    &sUnitAnimDataBlob[556], /* orig 0x800e47f4 */
    &sUnitAnimDataBlob[568], /* orig 0x800e4800 */
    &sUnitAnimDataBlob[604], /* orig 0x800e4824 */
    &sUnitAnimDataBlob[612], /* orig 0x800e482c */
    &sUnitAnimDataBlob[620], /* orig 0x800e4834 */
    &sUnitAnimDataBlob[624], /* orig 0x800e4838 */
    &sUnitAnimDataBlob[7008], /* orig 0x800e6128 */
    &sUnitAnimDataBlob[7040], /* orig 0x800e6148 */
    &sUnitAnimDataBlob[7072], /* orig 0x800e6168 */
    &sUnitAnimDataBlob[7076], /* orig 0x800e616c */
    &sUnitAnimDataBlob[676], /* orig 0x800e486c */
    &sUnitAnimDataBlob[712], /* orig 0x800e4890 */
    &sUnitAnimDataBlob[748], /* orig 0x800e48b4 */
    &sUnitAnimDataBlob[756], /* orig 0x800e48bc */
    &sUnitAnimDataBlob[228], /* orig 0x800e46ac */
    &sUnitAnimDataBlob[232], /* orig 0x800e46b0 */
    &sUnitAnimDataBlob[4], /* orig 0x800e45cc */
    &sUnitAnimDataBlob[60], /* orig 0x800e4604 */
};

static const u8 *sUnitAnimSet_67[24] = {
    &sUnitAnimDataBlob[244], /* orig 0x800e46bc */
    &sUnitAnimDataBlob[256], /* orig 0x800e46c8 */
    &sUnitAnimDataBlob[340], /* orig 0x800e471c */
    &sUnitAnimDataBlob[404], /* orig 0x800e475c */
    &sUnitAnimDataBlob[468], /* orig 0x800e479c */
    &sUnitAnimDataBlob[512], /* orig 0x800e47c8 */
    &sUnitAnimDataBlob[556], /* orig 0x800e47f4 */
    &sUnitAnimDataBlob[568], /* orig 0x800e4800 */
    &sUnitAnimDataBlob[604], /* orig 0x800e4824 */
    &sUnitAnimDataBlob[612], /* orig 0x800e482c */
    &sUnitAnimDataBlob[620], /* orig 0x800e4834 */
    &sUnitAnimDataBlob[624], /* orig 0x800e4838 */
    &sUnitAnimDataBlob[7080], /* orig 0x800e6170 */
    &sUnitAnimDataBlob[7096], /* orig 0x800e6180 */
    &sUnitAnimDataBlob[7112], /* orig 0x800e6190 */
    &sUnitAnimDataBlob[7116], /* orig 0x800e6194 */
    &sUnitAnimDataBlob[7120], /* orig 0x800e6198 */
    &sUnitAnimDataBlob[7136], /* orig 0x800e61a8 */
    &sUnitAnimDataBlob[748], /* orig 0x800e48b4 */
    &sUnitAnimDataBlob[756], /* orig 0x800e48bc */
    &sUnitAnimDataBlob[228], /* orig 0x800e46ac */
    &sUnitAnimDataBlob[232], /* orig 0x800e46b0 */
    &sUnitAnimDataBlob[4], /* orig 0x800e45cc */
    &sUnitAnimDataBlob[60], /* orig 0x800e4604 */
};

static const u8 *sUnitAnimSet_68[24] = {
    &sUnitAnimDataBlob[244], /* orig 0x800e46bc */
    &sUnitAnimDataBlob[256], /* orig 0x800e46c8 */
    &sUnitAnimDataBlob[340], /* orig 0x800e471c */
    &sUnitAnimDataBlob[404], /* orig 0x800e475c */
    &sUnitAnimDataBlob[468], /* orig 0x800e479c */
    &sUnitAnimDataBlob[512], /* orig 0x800e47c8 */
    &sUnitAnimDataBlob[556], /* orig 0x800e47f4 */
    &sUnitAnimDataBlob[568], /* orig 0x800e4800 */
    &sUnitAnimDataBlob[604], /* orig 0x800e4824 */
    &sUnitAnimDataBlob[612], /* orig 0x800e482c */
    &sUnitAnimDataBlob[620], /* orig 0x800e4834 */
    &sUnitAnimDataBlob[624], /* orig 0x800e4838 */
    &sUnitAnimDataBlob[7152], /* orig 0x800e61b8 */
    &sUnitAnimDataBlob[7192], /* orig 0x800e61e0 */
    &sUnitAnimDataBlob[7228], /* orig 0x800e6204 */
    &sUnitAnimDataBlob[7236], /* orig 0x800e620c */
    &sUnitAnimDataBlob[7240], /* orig 0x800e6210 */
    &sUnitAnimDataBlob[7276], /* orig 0x800e6234 */
    &sUnitAnimDataBlob[748], /* orig 0x800e48b4 */
    &sUnitAnimDataBlob[756], /* orig 0x800e48bc */
    &sUnitAnimDataBlob[228], /* orig 0x800e46ac */
    &sUnitAnimDataBlob[232], /* orig 0x800e46b0 */
    &sUnitAnimDataBlob[4], /* orig 0x800e45cc */
    &sUnitAnimDataBlob[60], /* orig 0x800e4604 */
};

static const u8 *sUnitAnimSet_69[24] = {
    &sUnitAnimDataBlob[244], /* orig 0x800e46bc */
    &sUnitAnimDataBlob[256], /* orig 0x800e46c8 */
    &sUnitAnimDataBlob[340], /* orig 0x800e471c */
    &sUnitAnimDataBlob[404], /* orig 0x800e475c */
    &sUnitAnimDataBlob[468], /* orig 0x800e479c */
    &sUnitAnimDataBlob[512], /* orig 0x800e47c8 */
    &sUnitAnimDataBlob[556], /* orig 0x800e47f4 */
    &sUnitAnimDataBlob[568], /* orig 0x800e4800 */
    &sUnitAnimDataBlob[604], /* orig 0x800e4824 */
    &sUnitAnimDataBlob[612], /* orig 0x800e482c */
    &sUnitAnimDataBlob[620], /* orig 0x800e4834 */
    &sUnitAnimDataBlob[624], /* orig 0x800e4838 */
    &sUnitAnimDataBlob[7312], /* orig 0x800e6258 */
    &sUnitAnimDataBlob[7324], /* orig 0x800e6264 */
    &sUnitAnimDataBlob[7336], /* orig 0x800e6270 */
    &sUnitAnimDataBlob[7340], /* orig 0x800e6274 */
    &sUnitAnimDataBlob[7344], /* orig 0x800e6278 */
    &sUnitAnimDataBlob[7364], /* orig 0x800e628c */
    &sUnitAnimDataBlob[748], /* orig 0x800e48b4 */
    &sUnitAnimDataBlob[756], /* orig 0x800e48bc */
    &sUnitAnimDataBlob[228], /* orig 0x800e46ac */
    &sUnitAnimDataBlob[232], /* orig 0x800e46b0 */
    &sUnitAnimDataBlob[4], /* orig 0x800e45cc */
    &sUnitAnimDataBlob[60], /* orig 0x800e4604 */
};

static const u8 *sUnitAnimSet_70[24] = {
    &sUnitAnimDataBlob[244], /* orig 0x800e46bc */
    &sUnitAnimDataBlob[256], /* orig 0x800e46c8 */
    &sUnitAnimDataBlob[340], /* orig 0x800e471c */
    &sUnitAnimDataBlob[404], /* orig 0x800e475c */
    &sUnitAnimDataBlob[468], /* orig 0x800e479c */
    &sUnitAnimDataBlob[512], /* orig 0x800e47c8 */
    &sUnitAnimDataBlob[556], /* orig 0x800e47f4 */
    &sUnitAnimDataBlob[568], /* orig 0x800e4800 */
    &sUnitAnimDataBlob[604], /* orig 0x800e4824 */
    &sUnitAnimDataBlob[612], /* orig 0x800e482c */
    &sUnitAnimDataBlob[620], /* orig 0x800e4834 */
    &sUnitAnimDataBlob[624], /* orig 0x800e4838 */
    &sUnitAnimDataBlob[7384], /* orig 0x800e62a0 */
    &sUnitAnimDataBlob[7396], /* orig 0x800e62ac */
    &sUnitAnimDataBlob[7408], /* orig 0x800e62b8 */
    &sUnitAnimDataBlob[7416], /* orig 0x800e62c0 */
    &sUnitAnimDataBlob[676], /* orig 0x800e486c */
    &sUnitAnimDataBlob[712], /* orig 0x800e4890 */
    &sUnitAnimDataBlob[748], /* orig 0x800e48b4 */
    &sUnitAnimDataBlob[756], /* orig 0x800e48bc */
    &sUnitAnimDataBlob[228], /* orig 0x800e46ac */
    &sUnitAnimDataBlob[232], /* orig 0x800e46b0 */
    &sUnitAnimDataBlob[4], /* orig 0x800e45cc */
    &sUnitAnimDataBlob[60], /* orig 0x800e4604 */
};

static const u8 *sUnitAnimSet_71[24] = {
    &sUnitAnimDataBlob[244], /* orig 0x800e46bc */
    &sUnitAnimDataBlob[256], /* orig 0x800e46c8 */
    &sUnitAnimDataBlob[340], /* orig 0x800e471c */
    &sUnitAnimDataBlob[404], /* orig 0x800e475c */
    &sUnitAnimDataBlob[468], /* orig 0x800e479c */
    &sUnitAnimDataBlob[512], /* orig 0x800e47c8 */
    &sUnitAnimDataBlob[556], /* orig 0x800e47f4 */
    &sUnitAnimDataBlob[568], /* orig 0x800e4800 */
    &sUnitAnimDataBlob[604], /* orig 0x800e4824 */
    &sUnitAnimDataBlob[612], /* orig 0x800e482c */
    &sUnitAnimDataBlob[620], /* orig 0x800e4834 */
    &sUnitAnimDataBlob[624], /* orig 0x800e4838 */
    &sUnitAnimDataBlob[7440], /* orig 0x800e62d8 */
    &sUnitAnimDataBlob[7424], /* orig 0x800e62c8 */
    &sUnitAnimDataBlob[7464], /* orig 0x800e62f0 */
    &sUnitAnimDataBlob[7456], /* orig 0x800e62e8 */
    &sUnitAnimDataBlob[676], /* orig 0x800e486c */
    &sUnitAnimDataBlob[712], /* orig 0x800e4890 */
    &sUnitAnimDataBlob[748], /* orig 0x800e48b4 */
    &sUnitAnimDataBlob[756], /* orig 0x800e48bc */
    &sUnitAnimDataBlob[228], /* orig 0x800e46ac */
    &sUnitAnimDataBlob[232], /* orig 0x800e46b0 */
    &sUnitAnimDataBlob[4], /* orig 0x800e45cc */
    &sUnitAnimDataBlob[60], /* orig 0x800e4604 */
};

static const u8 *sUnitAnimSet_72[24] = {
    &sUnitAnimDataBlob[244], /* orig 0x800e46bc */
    &sUnitAnimDataBlob[256], /* orig 0x800e46c8 */
    &sUnitAnimDataBlob[340], /* orig 0x800e471c */
    &sUnitAnimDataBlob[404], /* orig 0x800e475c */
    &sUnitAnimDataBlob[468], /* orig 0x800e479c */
    &sUnitAnimDataBlob[512], /* orig 0x800e47c8 */
    &sUnitAnimDataBlob[556], /* orig 0x800e47f4 */
    &sUnitAnimDataBlob[568], /* orig 0x800e4800 */
    &sUnitAnimDataBlob[604], /* orig 0x800e4824 */
    &sUnitAnimDataBlob[612], /* orig 0x800e482c */
    &sUnitAnimDataBlob[620], /* orig 0x800e4834 */
    &sUnitAnimDataBlob[624], /* orig 0x800e4838 */
    &sUnitAnimDataBlob[7472], /* orig 0x800e62f8 */
    &sUnitAnimDataBlob[7512], /* orig 0x800e6320 */
    &sUnitAnimDataBlob[7552], /* orig 0x800e6348 */
    &sUnitAnimDataBlob[7556], /* orig 0x800e634c */
    &sUnitAnimDataBlob[7560], /* orig 0x800e6350 */
    &sUnitAnimDataBlob[7604], /* orig 0x800e637c */
    &sUnitAnimDataBlob[748], /* orig 0x800e48b4 */
    &sUnitAnimDataBlob[756], /* orig 0x800e48bc */
    &sUnitAnimDataBlob[228], /* orig 0x800e46ac */
    &sUnitAnimDataBlob[232], /* orig 0x800e46b0 */
    &sUnitAnimDataBlob[4], /* orig 0x800e45cc */
    &sUnitAnimDataBlob[60], /* orig 0x800e4604 */
};

static const u8 *sUnitAnimSet_73[24] = {
    &sUnitAnimDataBlob[244], /* orig 0x800e46bc */
    &sUnitAnimDataBlob[256], /* orig 0x800e46c8 */
    &sUnitAnimDataBlob[340], /* orig 0x800e471c */
    &sUnitAnimDataBlob[404], /* orig 0x800e475c */
    &sUnitAnimDataBlob[468], /* orig 0x800e479c */
    &sUnitAnimDataBlob[512], /* orig 0x800e47c8 */
    &sUnitAnimDataBlob[556], /* orig 0x800e47f4 */
    &sUnitAnimDataBlob[568], /* orig 0x800e4800 */
    &sUnitAnimDataBlob[604], /* orig 0x800e4824 */
    &sUnitAnimDataBlob[612], /* orig 0x800e482c */
    &sUnitAnimDataBlob[620], /* orig 0x800e4834 */
    &sUnitAnimDataBlob[624], /* orig 0x800e4838 */
    &sUnitAnimDataBlob[7648], /* orig 0x800e63a8 */
    &sUnitAnimDataBlob[7676], /* orig 0x800e63c4 */
    &sUnitAnimDataBlob[7700], /* orig 0x800e63dc */
    &sUnitAnimDataBlob[7712], /* orig 0x800e63e8 */
    &sUnitAnimDataBlob[676], /* orig 0x800e486c */
    &sUnitAnimDataBlob[712], /* orig 0x800e4890 */
    &sUnitAnimDataBlob[748], /* orig 0x800e48b4 */
    &sUnitAnimDataBlob[756], /* orig 0x800e48bc */
    &sUnitAnimDataBlob[228], /* orig 0x800e46ac */
    &sUnitAnimDataBlob[232], /* orig 0x800e46b0 */
    &sUnitAnimDataBlob[4], /* orig 0x800e45cc */
    &sUnitAnimDataBlob[60], /* orig 0x800e4604 */
};

static const u8 *sUnitAnimSet_74[30] = {
    &sUnitAnimDataBlob[244], /* orig 0x800e46bc */
    &sUnitAnimDataBlob[256], /* orig 0x800e46c8 */
    &sUnitAnimDataBlob[340], /* orig 0x800e471c */
    &sUnitAnimDataBlob[404], /* orig 0x800e475c */
    &sUnitAnimDataBlob[468], /* orig 0x800e479c */
    &sUnitAnimDataBlob[512], /* orig 0x800e47c8 */
    &sUnitAnimDataBlob[556], /* orig 0x800e47f4 */
    &sUnitAnimDataBlob[568], /* orig 0x800e4800 */
    &sUnitAnimDataBlob[604], /* orig 0x800e4824 */
    &sUnitAnimDataBlob[612], /* orig 0x800e482c */
    &sUnitAnimDataBlob[620], /* orig 0x800e4834 */
    &sUnitAnimDataBlob[624], /* orig 0x800e4838 */
    &sUnitAnimDataBlob[7724], /* orig 0x800e63f4 */
    &sUnitAnimDataBlob[7732], /* orig 0x800e63fc */
    &sUnitAnimDataBlob[7740], /* orig 0x800e6404 */
    &sUnitAnimDataBlob[7748], /* orig 0x800e640c */
    &sUnitAnimDataBlob[676], /* orig 0x800e486c */
    &sUnitAnimDataBlob[712], /* orig 0x800e4890 */
    &sUnitAnimDataBlob[748], /* orig 0x800e48b4 */
    &sUnitAnimDataBlob[756], /* orig 0x800e48bc */
    &sUnitAnimDataBlob[228], /* orig 0x800e46ac */
    &sUnitAnimDataBlob[232], /* orig 0x800e46b0 */
    &sUnitAnimDataBlob[4], /* orig 0x800e45cc */
    &sUnitAnimDataBlob[60], /* orig 0x800e4604 */
    &sUnitAnimDataBlob[764], /* orig 0x800e48c4 */
    &sUnitAnimDataBlob[772], /* orig 0x800e48cc */
    &sUnitAnimDataBlob[7756], /* orig 0x800e6414 */
    &sUnitAnimDataBlob[7764], /* orig 0x800e641c */
    &sUnitAnimDataBlob[7772], /* orig 0x800e6424 */
    &sUnitAnimDataBlob[7780], /* orig 0x800e642c */
};

static const u8 *sUnitAnimSet_75[24] = {
    &sUnitAnimDataBlob[244], /* orig 0x800e46bc */
    &sUnitAnimDataBlob[256], /* orig 0x800e46c8 */
    &sUnitAnimDataBlob[340], /* orig 0x800e471c */
    &sUnitAnimDataBlob[404], /* orig 0x800e475c */
    &sUnitAnimDataBlob[468], /* orig 0x800e479c */
    &sUnitAnimDataBlob[512], /* orig 0x800e47c8 */
    &sUnitAnimDataBlob[556], /* orig 0x800e47f4 */
    &sUnitAnimDataBlob[568], /* orig 0x800e4800 */
    &sUnitAnimDataBlob[604], /* orig 0x800e4824 */
    &sUnitAnimDataBlob[612], /* orig 0x800e482c */
    &sUnitAnimDataBlob[620], /* orig 0x800e4834 */
    &sUnitAnimDataBlob[624], /* orig 0x800e4838 */
    &sUnitAnimDataBlob[7788], /* orig 0x800e6434 */
    &sUnitAnimDataBlob[7804], /* orig 0x800e6444 */
    &sUnitAnimDataBlob[7820], /* orig 0x800e6454 */
    &sUnitAnimDataBlob[7840], /* orig 0x800e6468 */
    &sUnitAnimDataBlob[7860], /* orig 0x800e647c */
    &sUnitAnimDataBlob[7896], /* orig 0x800e64a0 */
    &sUnitAnimDataBlob[748], /* orig 0x800e48b4 */
    &sUnitAnimDataBlob[756], /* orig 0x800e48bc */
    &sUnitAnimDataBlob[228], /* orig 0x800e46ac */
    &sUnitAnimDataBlob[232], /* orig 0x800e46b0 */
    &sUnitAnimDataBlob[4], /* orig 0x800e45cc */
    &sUnitAnimDataBlob[60], /* orig 0x800e4604 */
};

static const u8 *sUnitAnimSet_76[24] = {
    &sUnitAnimDataBlob[244], /* orig 0x800e46bc */
    &sUnitAnimDataBlob[256], /* orig 0x800e46c8 */
    &sUnitAnimDataBlob[340], /* orig 0x800e471c */
    &sUnitAnimDataBlob[404], /* orig 0x800e475c */
    &sUnitAnimDataBlob[468], /* orig 0x800e479c */
    &sUnitAnimDataBlob[512], /* orig 0x800e47c8 */
    &sUnitAnimDataBlob[556], /* orig 0x800e47f4 */
    &sUnitAnimDataBlob[568], /* orig 0x800e4800 */
    &sUnitAnimDataBlob[604], /* orig 0x800e4824 */
    &sUnitAnimDataBlob[612], /* orig 0x800e482c */
    &sUnitAnimDataBlob[620], /* orig 0x800e4834 */
    &sUnitAnimDataBlob[624], /* orig 0x800e4838 */
    &sUnitAnimDataBlob[7932], /* orig 0x800e64c4 */
    &sUnitAnimDataBlob[7952], /* orig 0x800e64d8 */
    &sUnitAnimDataBlob[7972], /* orig 0x800e64ec */
    &sUnitAnimDataBlob[8000], /* orig 0x800e6508 */
    &sUnitAnimDataBlob[8028], /* orig 0x800e6524 */
    &sUnitAnimDataBlob[8060], /* orig 0x800e6544 */
    &sUnitAnimDataBlob[748], /* orig 0x800e48b4 */
    &sUnitAnimDataBlob[756], /* orig 0x800e48bc */
    &sUnitAnimDataBlob[228], /* orig 0x800e46ac */
    &sUnitAnimDataBlob[232], /* orig 0x800e46b0 */
    &sUnitAnimDataBlob[4], /* orig 0x800e45cc */
    &sUnitAnimDataBlob[60], /* orig 0x800e4604 */
};

static const u8 *sUnitAnimSet_77[30] = {
    &sUnitAnimDataBlob[244], /* orig 0x800e46bc */
    &sUnitAnimDataBlob[256], /* orig 0x800e46c8 */
    &sUnitAnimDataBlob[340], /* orig 0x800e471c */
    &sUnitAnimDataBlob[404], /* orig 0x800e475c */
    &sUnitAnimDataBlob[468], /* orig 0x800e479c */
    &sUnitAnimDataBlob[512], /* orig 0x800e47c8 */
    &sUnitAnimDataBlob[556], /* orig 0x800e47f4 */
    &sUnitAnimDataBlob[568], /* orig 0x800e4800 */
    &sUnitAnimDataBlob[604], /* orig 0x800e4824 */
    &sUnitAnimDataBlob[612], /* orig 0x800e482c */
    &sUnitAnimDataBlob[620], /* orig 0x800e4834 */
    &sUnitAnimDataBlob[624], /* orig 0x800e4838 */
    &sUnitAnimDataBlob[8092], /* orig 0x800e6564 */
    &sUnitAnimDataBlob[8100], /* orig 0x800e656c */
    &sUnitAnimDataBlob[8108], /* orig 0x800e6574 */
    &sUnitAnimDataBlob[8112], /* orig 0x800e6578 */
    &sUnitAnimDataBlob[8116], /* orig 0x800e657c */
    &sUnitAnimDataBlob[8152], /* orig 0x800e65a0 */
    &sUnitAnimDataBlob[748], /* orig 0x800e48b4 */
    &sUnitAnimDataBlob[756], /* orig 0x800e48bc */
    &sUnitAnimDataBlob[228], /* orig 0x800e46ac */
    &sUnitAnimDataBlob[232], /* orig 0x800e46b0 */
    &sUnitAnimDataBlob[4], /* orig 0x800e45cc */
    &sUnitAnimDataBlob[60], /* orig 0x800e4604 */
    &sUnitAnimDataBlob[764], /* orig 0x800e48c4 */
    &sUnitAnimDataBlob[772], /* orig 0x800e48cc */
    &sUnitAnimDataBlob[8188], /* orig 0x800e65c4 */
    &sUnitAnimDataBlob[8196], /* orig 0x800e65cc */
    &sUnitAnimDataBlob[8204], /* orig 0x800e65d4 */
    &sUnitAnimDataBlob[8208], /* orig 0x800e65d8 */
};

static const u8 *sUnitAnimSet_78[30] = {
    &sUnitAnimDataBlob[244], /* orig 0x800e46bc */
    &sUnitAnimDataBlob[256], /* orig 0x800e46c8 */
    &sUnitAnimDataBlob[340], /* orig 0x800e471c */
    &sUnitAnimDataBlob[404], /* orig 0x800e475c */
    &sUnitAnimDataBlob[468], /* orig 0x800e479c */
    &sUnitAnimDataBlob[512], /* orig 0x800e47c8 */
    &sUnitAnimDataBlob[556], /* orig 0x800e47f4 */
    &sUnitAnimDataBlob[568], /* orig 0x800e4800 */
    &sUnitAnimDataBlob[604], /* orig 0x800e4824 */
    &sUnitAnimDataBlob[612], /* orig 0x800e482c */
    &sUnitAnimDataBlob[620], /* orig 0x800e4834 */
    &sUnitAnimDataBlob[624], /* orig 0x800e4838 */
    &sUnitAnimDataBlob[8212], /* orig 0x800e65dc */
    &sUnitAnimDataBlob[8220], /* orig 0x800e65e4 */
    &sUnitAnimDataBlob[8228], /* orig 0x800e65ec */
    &sUnitAnimDataBlob[8236], /* orig 0x800e65f4 */
    &sUnitAnimDataBlob[8244], /* orig 0x800e65fc */
    &sUnitAnimDataBlob[8288], /* orig 0x800e6628 */
    &sUnitAnimDataBlob[748], /* orig 0x800e48b4 */
    &sUnitAnimDataBlob[756], /* orig 0x800e48bc */
    &sUnitAnimDataBlob[228], /* orig 0x800e46ac */
    &sUnitAnimDataBlob[232], /* orig 0x800e46b0 */
    &sUnitAnimDataBlob[4], /* orig 0x800e45cc */
    &sUnitAnimDataBlob[60], /* orig 0x800e4604 */
    &sUnitAnimDataBlob[764], /* orig 0x800e48c4 */
    &sUnitAnimDataBlob[772], /* orig 0x800e48cc */
    &sUnitAnimDataBlob[8332], /* orig 0x800e6654 */
    &sUnitAnimDataBlob[8344], /* orig 0x800e6660 */
    &sUnitAnimDataBlob[8356], /* orig 0x800e666c */
    &sUnitAnimDataBlob[8360], /* orig 0x800e6670 */
};

static const u8 *sUnitAnimSet_79[24] = {
    &sUnitAnimDataBlob[244], /* orig 0x800e46bc */
    &sUnitAnimDataBlob[256], /* orig 0x800e46c8 */
    &sUnitAnimDataBlob[340], /* orig 0x800e471c */
    &sUnitAnimDataBlob[404], /* orig 0x800e475c */
    &sUnitAnimDataBlob[468], /* orig 0x800e479c */
    &sUnitAnimDataBlob[512], /* orig 0x800e47c8 */
    &sUnitAnimDataBlob[556], /* orig 0x800e47f4 */
    &sUnitAnimDataBlob[568], /* orig 0x800e4800 */
    &sUnitAnimDataBlob[604], /* orig 0x800e4824 */
    &sUnitAnimDataBlob[612], /* orig 0x800e482c */
    &sUnitAnimDataBlob[620], /* orig 0x800e4834 */
    &sUnitAnimDataBlob[624], /* orig 0x800e4838 */
    &sUnitAnimDataBlob[8364], /* orig 0x800e6674 */
    &sUnitAnimDataBlob[8412], /* orig 0x800e66a4 */
    &sUnitAnimDataBlob[8460], /* orig 0x800e66d4 */
    &sUnitAnimDataBlob[8464], /* orig 0x800e66d8 */
    &sUnitAnimDataBlob[676], /* orig 0x800e486c */
    &sUnitAnimDataBlob[676], /* orig 0x800e486c */
    &sUnitAnimDataBlob[748], /* orig 0x800e48b4 */
    &sUnitAnimDataBlob[756], /* orig 0x800e48bc */
    &sUnitAnimDataBlob[228], /* orig 0x800e46ac */
    &sUnitAnimDataBlob[232], /* orig 0x800e46b0 */
    &sUnitAnimDataBlob[4], /* orig 0x800e45cc */
    &sUnitAnimDataBlob[60], /* orig 0x800e4604 */
};

static const u8 *sUnitAnimSet_80[26] = {
    &sUnitAnimDataBlob[244], /* orig 0x800e46bc */
    &sUnitAnimDataBlob[256], /* orig 0x800e46c8 */
    &sUnitAnimDataBlob[340], /* orig 0x800e471c */
    &sUnitAnimDataBlob[404], /* orig 0x800e475c */
    &sUnitAnimDataBlob[468], /* orig 0x800e479c */
    &sUnitAnimDataBlob[512], /* orig 0x800e47c8 */
    &sUnitAnimDataBlob[556], /* orig 0x800e47f4 */
    &sUnitAnimDataBlob[568], /* orig 0x800e4800 */
    &sUnitAnimDataBlob[604], /* orig 0x800e4824 */
    &sUnitAnimDataBlob[612], /* orig 0x800e482c */
    &sUnitAnimDataBlob[620], /* orig 0x800e4834 */
    &sUnitAnimDataBlob[624], /* orig 0x800e4838 */
    &sUnitAnimDataBlob[876], /* orig 0x800e4934 */
    &sUnitAnimDataBlob[892], /* orig 0x800e4944 */
    &sUnitAnimDataBlob[908], /* orig 0x800e4954 */
    &sUnitAnimDataBlob[912], /* orig 0x800e4958 */
    &sUnitAnimDataBlob[916], /* orig 0x800e495c */
    &sUnitAnimDataBlob[944], /* orig 0x800e4978 */
    &sUnitAnimDataBlob[748], /* orig 0x800e48b4 */
    &sUnitAnimDataBlob[756], /* orig 0x800e48bc */
    &sUnitAnimDataBlob[236], /* orig 0x800e46b4 */
    &sUnitAnimDataBlob[240], /* orig 0x800e46b8 */
    &sUnitAnimDataBlob[4], /* orig 0x800e45cc */
    &sUnitAnimDataBlob[60], /* orig 0x800e4604 */
    &sUnitAnimDataBlob[764], /* orig 0x800e48c4 */
    &sUnitAnimDataBlob[772], /* orig 0x800e48cc */
};

static const u8 *sUnitAnimSet_81[24] = {
    &sUnitAnimDataBlob[244], /* orig 0x800e46bc */
    &sUnitAnimDataBlob[256], /* orig 0x800e46c8 */
    &sUnitAnimDataBlob[340], /* orig 0x800e471c */
    &sUnitAnimDataBlob[404], /* orig 0x800e475c */
    &sUnitAnimDataBlob[468], /* orig 0x800e479c */
    &sUnitAnimDataBlob[512], /* orig 0x800e47c8 */
    &sUnitAnimDataBlob[556], /* orig 0x800e47f4 */
    &sUnitAnimDataBlob[568], /* orig 0x800e4800 */
    &sUnitAnimDataBlob[604], /* orig 0x800e4824 */
    &sUnitAnimDataBlob[612], /* orig 0x800e482c */
    &sUnitAnimDataBlob[620], /* orig 0x800e4834 */
    &sUnitAnimDataBlob[624], /* orig 0x800e4838 */
    &sUnitAnimDataBlob[8468], /* orig 0x800e66dc */
    &sUnitAnimDataBlob[8476], /* orig 0x800e66e4 */
    &sUnitAnimDataBlob[8484], /* orig 0x800e66ec */
    &sUnitAnimDataBlob[8492], /* orig 0x800e66f4 */
    &sUnitAnimDataBlob[676], /* orig 0x800e486c */
    &sUnitAnimDataBlob[712], /* orig 0x800e4890 */
    &sUnitAnimDataBlob[748], /* orig 0x800e48b4 */
    &sUnitAnimDataBlob[756], /* orig 0x800e48bc */
    &sUnitAnimDataBlob[228], /* orig 0x800e46ac */
    &sUnitAnimDataBlob[232], /* orig 0x800e46b0 */
    &sUnitAnimDataBlob[4], /* orig 0x800e45cc */
    &sUnitAnimDataBlob[60], /* orig 0x800e4604 */
};

static const u8 *sUnitAnimSet_82[24] = {
    &sUnitAnimDataBlob[244], /* orig 0x800e46bc */
    &sUnitAnimDataBlob[256], /* orig 0x800e46c8 */
    &sUnitAnimDataBlob[340], /* orig 0x800e471c */
    &sUnitAnimDataBlob[404], /* orig 0x800e475c */
    &sUnitAnimDataBlob[468], /* orig 0x800e479c */
    &sUnitAnimDataBlob[512], /* orig 0x800e47c8 */
    &sUnitAnimDataBlob[556], /* orig 0x800e47f4 */
    &sUnitAnimDataBlob[568], /* orig 0x800e4800 */
    &sUnitAnimDataBlob[604], /* orig 0x800e4824 */
    &sUnitAnimDataBlob[612], /* orig 0x800e482c */
    &sUnitAnimDataBlob[620], /* orig 0x800e4834 */
    &sUnitAnimDataBlob[624], /* orig 0x800e4838 */
    &sUnitAnimDataBlob[8504], /* orig 0x800e6700 */
    &sUnitAnimDataBlob[8516], /* orig 0x800e670c */
    &sUnitAnimDataBlob[8528], /* orig 0x800e6718 */
    &sUnitAnimDataBlob[8536], /* orig 0x800e6720 */
    &sUnitAnimDataBlob[8544], /* orig 0x800e6728 */
    &sUnitAnimDataBlob[8576], /* orig 0x800e6748 */
    &sUnitAnimDataBlob[748], /* orig 0x800e48b4 */
    &sUnitAnimDataBlob[756], /* orig 0x800e48bc */
    &sUnitAnimDataBlob[228], /* orig 0x800e46ac */
    &sUnitAnimDataBlob[232], /* orig 0x800e46b0 */
    &sUnitAnimDataBlob[4], /* orig 0x800e45cc */
    &sUnitAnimDataBlob[60], /* orig 0x800e4604 */
};

static const u8 *sUnitAnimSet_83[24] = {
    &sUnitAnimDataBlob[244], /* orig 0x800e46bc */
    &sUnitAnimDataBlob[256], /* orig 0x800e46c8 */
    &sUnitAnimDataBlob[340], /* orig 0x800e471c */
    &sUnitAnimDataBlob[404], /* orig 0x800e475c */
    &sUnitAnimDataBlob[468], /* orig 0x800e479c */
    &sUnitAnimDataBlob[512], /* orig 0x800e47c8 */
    &sUnitAnimDataBlob[556], /* orig 0x800e47f4 */
    &sUnitAnimDataBlob[568], /* orig 0x800e4800 */
    &sUnitAnimDataBlob[604], /* orig 0x800e4824 */
    &sUnitAnimDataBlob[612], /* orig 0x800e482c */
    &sUnitAnimDataBlob[620], /* orig 0x800e4834 */
    &sUnitAnimDataBlob[624], /* orig 0x800e4838 */
    &sUnitAnimDataBlob[8608], /* orig 0x800e6768 */
    &sUnitAnimDataBlob[8616], /* orig 0x800e6770 */
    &sUnitAnimDataBlob[8624], /* orig 0x800e6778 */
    &sUnitAnimDataBlob[8628], /* orig 0x800e677c */
    &sUnitAnimDataBlob[8632], /* orig 0x800e6780 */
    &sUnitAnimDataBlob[8648], /* orig 0x800e6790 */
    &sUnitAnimDataBlob[748], /* orig 0x800e48b4 */
    &sUnitAnimDataBlob[756], /* orig 0x800e48bc */
    &sUnitAnimDataBlob[228], /* orig 0x800e46ac */
    &sUnitAnimDataBlob[232], /* orig 0x800e46b0 */
    &sUnitAnimDataBlob[4], /* orig 0x800e45cc */
    &sUnitAnimDataBlob[60], /* orig 0x800e4604 */
};

static const u8 *sUnitAnimSet_84[24] = {
    &sUnitAnimDataBlob[244], /* orig 0x800e46bc */
    &sUnitAnimDataBlob[256], /* orig 0x800e46c8 */
    &sUnitAnimDataBlob[340], /* orig 0x800e471c */
    &sUnitAnimDataBlob[404], /* orig 0x800e475c */
    &sUnitAnimDataBlob[468], /* orig 0x800e479c */
    &sUnitAnimDataBlob[512], /* orig 0x800e47c8 */
    &sUnitAnimDataBlob[556], /* orig 0x800e47f4 */
    &sUnitAnimDataBlob[568], /* orig 0x800e4800 */
    &sUnitAnimDataBlob[604], /* orig 0x800e4824 */
    &sUnitAnimDataBlob[612], /* orig 0x800e482c */
    &sUnitAnimDataBlob[620], /* orig 0x800e4834 */
    &sUnitAnimDataBlob[624], /* orig 0x800e4838 */
    &sUnitAnimDataBlob[8664], /* orig 0x800e67a0 */
    &sUnitAnimDataBlob[8676], /* orig 0x800e67ac */
    &sUnitAnimDataBlob[8688], /* orig 0x800e67b8 */
    &sUnitAnimDataBlob[8696], /* orig 0x800e67c0 */
    &sUnitAnimDataBlob[8700], /* orig 0x800e67c4 */
    &sUnitAnimDataBlob[8744], /* orig 0x800e67f0 */
    &sUnitAnimDataBlob[748], /* orig 0x800e48b4 */
    &sUnitAnimDataBlob[756], /* orig 0x800e48bc */
    &sUnitAnimDataBlob[228], /* orig 0x800e46ac */
    &sUnitAnimDataBlob[232], /* orig 0x800e46b0 */
    &sUnitAnimDataBlob[4], /* orig 0x800e45cc */
    &sUnitAnimDataBlob[60], /* orig 0x800e4604 */
};

static const u8 *sUnitAnimSet_85[24] = {
    &sUnitAnimDataBlob[244], /* orig 0x800e46bc */
    &sUnitAnimDataBlob[256], /* orig 0x800e46c8 */
    &sUnitAnimDataBlob[340], /* orig 0x800e471c */
    &sUnitAnimDataBlob[404], /* orig 0x800e475c */
    &sUnitAnimDataBlob[468], /* orig 0x800e479c */
    &sUnitAnimDataBlob[512], /* orig 0x800e47c8 */
    &sUnitAnimDataBlob[556], /* orig 0x800e47f4 */
    &sUnitAnimDataBlob[568], /* orig 0x800e4800 */
    &sUnitAnimDataBlob[604], /* orig 0x800e4824 */
    &sUnitAnimDataBlob[612], /* orig 0x800e482c */
    &sUnitAnimDataBlob[620], /* orig 0x800e4834 */
    &sUnitAnimDataBlob[624], /* orig 0x800e4838 */
    &sUnitAnimDataBlob[8788], /* orig 0x800e681c */
    &sUnitAnimDataBlob[8820], /* orig 0x800e683c */
    &sUnitAnimDataBlob[8852], /* orig 0x800e685c */
    &sUnitAnimDataBlob[8860], /* orig 0x800e6864 */
    &sUnitAnimDataBlob[676], /* orig 0x800e486c */
    &sUnitAnimDataBlob[712], /* orig 0x800e4890 */
    &sUnitAnimDataBlob[748], /* orig 0x800e48b4 */
    &sUnitAnimDataBlob[756], /* orig 0x800e48bc */
    &sUnitAnimDataBlob[228], /* orig 0x800e46ac */
    &sUnitAnimDataBlob[232], /* orig 0x800e46b0 */
    &sUnitAnimDataBlob[4], /* orig 0x800e45cc */
    &sUnitAnimDataBlob[60], /* orig 0x800e4604 */
};

static const u8 *sUnitAnimSet_86[24] = {
    &sUnitAnimDataBlob[244], /* orig 0x800e46bc */
    &sUnitAnimDataBlob[256], /* orig 0x800e46c8 */
    &sUnitAnimDataBlob[340], /* orig 0x800e471c */
    &sUnitAnimDataBlob[404], /* orig 0x800e475c */
    &sUnitAnimDataBlob[468], /* orig 0x800e479c */
    &sUnitAnimDataBlob[512], /* orig 0x800e47c8 */
    &sUnitAnimDataBlob[556], /* orig 0x800e47f4 */
    &sUnitAnimDataBlob[568], /* orig 0x800e4800 */
    &sUnitAnimDataBlob[604], /* orig 0x800e4824 */
    &sUnitAnimDataBlob[612], /* orig 0x800e482c */
    &sUnitAnimDataBlob[620], /* orig 0x800e4834 */
    &sUnitAnimDataBlob[624], /* orig 0x800e4838 */
    &sUnitAnimDataBlob[8868], /* orig 0x800e686c */
    &sUnitAnimDataBlob[8904], /* orig 0x800e6890 */
    &sUnitAnimDataBlob[8940], /* orig 0x800e68b4 */
    &sUnitAnimDataBlob[8952], /* orig 0x800e68c0 */
    &sUnitAnimDataBlob[676], /* orig 0x800e486c */
    &sUnitAnimDataBlob[712], /* orig 0x800e4890 */
    &sUnitAnimDataBlob[748], /* orig 0x800e48b4 */
    &sUnitAnimDataBlob[756], /* orig 0x800e48bc */
    &sUnitAnimDataBlob[228], /* orig 0x800e46ac */
    &sUnitAnimDataBlob[232], /* orig 0x800e46b0 */
    &sUnitAnimDataBlob[4], /* orig 0x800e45cc */
    &sUnitAnimDataBlob[60], /* orig 0x800e4604 */
};

static const u8 *sUnitAnimSet_87[24] = {
    &sUnitAnimDataBlob[244], /* orig 0x800e46bc */
    &sUnitAnimDataBlob[256], /* orig 0x800e46c8 */
    &sUnitAnimDataBlob[340], /* orig 0x800e471c */
    &sUnitAnimDataBlob[404], /* orig 0x800e475c */
    &sUnitAnimDataBlob[468], /* orig 0x800e479c */
    &sUnitAnimDataBlob[512], /* orig 0x800e47c8 */
    &sUnitAnimDataBlob[556], /* orig 0x800e47f4 */
    &sUnitAnimDataBlob[568], /* orig 0x800e4800 */
    &sUnitAnimDataBlob[604], /* orig 0x800e4824 */
    &sUnitAnimDataBlob[612], /* orig 0x800e482c */
    &sUnitAnimDataBlob[620], /* orig 0x800e4834 */
    &sUnitAnimDataBlob[624], /* orig 0x800e4838 */
    &sUnitAnimDataBlob[8964], /* orig 0x800e68cc */
    &sUnitAnimDataBlob[8976], /* orig 0x800e68d8 */
    &sUnitAnimDataBlob[8988], /* orig 0x800e68e4 */
    &sUnitAnimDataBlob[8996], /* orig 0x800e68ec */
    &sUnitAnimDataBlob[676], /* orig 0x800e486c */
    &sUnitAnimDataBlob[712], /* orig 0x800e4890 */
    &sUnitAnimDataBlob[748], /* orig 0x800e48b4 */
    &sUnitAnimDataBlob[756], /* orig 0x800e48bc */
    &sUnitAnimDataBlob[228], /* orig 0x800e46ac */
    &sUnitAnimDataBlob[232], /* orig 0x800e46b0 */
    &sUnitAnimDataBlob[4], /* orig 0x800e45cc */
    &sUnitAnimDataBlob[60], /* orig 0x800e4604 */
};

static const u8 *sUnitAnimSet_88[24] = {
    &sUnitAnimDataBlob[244], /* orig 0x800e46bc */
    &sUnitAnimDataBlob[256], /* orig 0x800e46c8 */
    &sUnitAnimDataBlob[340], /* orig 0x800e471c */
    &sUnitAnimDataBlob[404], /* orig 0x800e475c */
    &sUnitAnimDataBlob[468], /* orig 0x800e479c */
    &sUnitAnimDataBlob[512], /* orig 0x800e47c8 */
    &sUnitAnimDataBlob[556], /* orig 0x800e47f4 */
    &sUnitAnimDataBlob[568], /* orig 0x800e4800 */
    &sUnitAnimDataBlob[604], /* orig 0x800e4824 */
    &sUnitAnimDataBlob[612], /* orig 0x800e482c */
    &sUnitAnimDataBlob[620], /* orig 0x800e4834 */
    &sUnitAnimDataBlob[624], /* orig 0x800e4838 */
    &sUnitAnimDataBlob[9004], /* orig 0x800e68f4 */
    &sUnitAnimDataBlob[9048], /* orig 0x800e6920 */
    &sUnitAnimDataBlob[9092], /* orig 0x800e694c */
    &sUnitAnimDataBlob[9100], /* orig 0x800e6954 */
    &sUnitAnimDataBlob[676], /* orig 0x800e486c */
    &sUnitAnimDataBlob[712], /* orig 0x800e4890 */
    &sUnitAnimDataBlob[748], /* orig 0x800e48b4 */
    &sUnitAnimDataBlob[756], /* orig 0x800e48bc */
    &sUnitAnimDataBlob[228], /* orig 0x800e46ac */
    &sUnitAnimDataBlob[232], /* orig 0x800e46b0 */
    &sUnitAnimDataBlob[4], /* orig 0x800e45cc */
    &sUnitAnimDataBlob[60], /* orig 0x800e4604 */
};

static const u8 *sUnitAnimSet_89[24] = {
    &sUnitAnimDataBlob[244], /* orig 0x800e46bc */
    &sUnitAnimDataBlob[256], /* orig 0x800e46c8 */
    &sUnitAnimDataBlob[340], /* orig 0x800e471c */
    &sUnitAnimDataBlob[404], /* orig 0x800e475c */
    &sUnitAnimDataBlob[468], /* orig 0x800e479c */
    &sUnitAnimDataBlob[512], /* orig 0x800e47c8 */
    &sUnitAnimDataBlob[556], /* orig 0x800e47f4 */
    &sUnitAnimDataBlob[568], /* orig 0x800e4800 */
    &sUnitAnimDataBlob[604], /* orig 0x800e4824 */
    &sUnitAnimDataBlob[612], /* orig 0x800e482c */
    &sUnitAnimDataBlob[620], /* orig 0x800e4834 */
    &sUnitAnimDataBlob[624], /* orig 0x800e4838 */
    &sUnitAnimDataBlob[9108], /* orig 0x800e695c */
    &sUnitAnimDataBlob[9128], /* orig 0x800e6970 */
    &sUnitAnimDataBlob[9152], /* orig 0x800e6988 */
    &sUnitAnimDataBlob[9156], /* orig 0x800e698c */
    &sUnitAnimDataBlob[9160], /* orig 0x800e6990 */
    &sUnitAnimDataBlob[9204], /* orig 0x800e69bc */
    &sUnitAnimDataBlob[748], /* orig 0x800e48b4 */
    &sUnitAnimDataBlob[756], /* orig 0x800e48bc */
    &sUnitAnimDataBlob[228], /* orig 0x800e46ac */
    &sUnitAnimDataBlob[232], /* orig 0x800e46b0 */
    &sUnitAnimDataBlob[4], /* orig 0x800e45cc */
    &sUnitAnimDataBlob[60], /* orig 0x800e4604 */
};

static const u8 *sUnitAnimSet_90[24] = {
    &sUnitAnimDataBlob[244], /* orig 0x800e46bc */
    &sUnitAnimDataBlob[256], /* orig 0x800e46c8 */
    &sUnitAnimDataBlob[340], /* orig 0x800e471c */
    &sUnitAnimDataBlob[404], /* orig 0x800e475c */
    &sUnitAnimDataBlob[468], /* orig 0x800e479c */
    &sUnitAnimDataBlob[512], /* orig 0x800e47c8 */
    &sUnitAnimDataBlob[556], /* orig 0x800e47f4 */
    &sUnitAnimDataBlob[568], /* orig 0x800e4800 */
    &sUnitAnimDataBlob[604], /* orig 0x800e4824 */
    &sUnitAnimDataBlob[612], /* orig 0x800e482c */
    &sUnitAnimDataBlob[620], /* orig 0x800e4834 */
    &sUnitAnimDataBlob[624], /* orig 0x800e4838 */
    &sUnitAnimDataBlob[9248], /* orig 0x800e69e8 */
    &sUnitAnimDataBlob[9296], /* orig 0x800e6a18 */
    &sUnitAnimDataBlob[9344], /* orig 0x800e6a48 */
    &sUnitAnimDataBlob[9348], /* orig 0x800e6a4c */
    &sUnitAnimDataBlob[9352], /* orig 0x800e6a50 */
    &sUnitAnimDataBlob[9388], /* orig 0x800e6a74 */
    &sUnitAnimDataBlob[748], /* orig 0x800e48b4 */
    &sUnitAnimDataBlob[756], /* orig 0x800e48bc */
    &sUnitAnimDataBlob[228], /* orig 0x800e46ac */
    &sUnitAnimDataBlob[232], /* orig 0x800e46b0 */
    &sUnitAnimDataBlob[4], /* orig 0x800e45cc */
    &sUnitAnimDataBlob[60], /* orig 0x800e4604 */
};

static const u8 *sUnitAnimSet_91[24] = {
    &sUnitAnimDataBlob[244], /* orig 0x800e46bc */
    &sUnitAnimDataBlob[256], /* orig 0x800e46c8 */
    &sUnitAnimDataBlob[340], /* orig 0x800e471c */
    &sUnitAnimDataBlob[404], /* orig 0x800e475c */
    &sUnitAnimDataBlob[468], /* orig 0x800e479c */
    &sUnitAnimDataBlob[512], /* orig 0x800e47c8 */
    &sUnitAnimDataBlob[556], /* orig 0x800e47f4 */
    &sUnitAnimDataBlob[568], /* orig 0x800e4800 */
    &sUnitAnimDataBlob[604], /* orig 0x800e4824 */
    &sUnitAnimDataBlob[612], /* orig 0x800e482c */
    &sUnitAnimDataBlob[620], /* orig 0x800e4834 */
    &sUnitAnimDataBlob[624], /* orig 0x800e4838 */
    &sUnitAnimDataBlob[9424], /* orig 0x800e6a98 */
    &sUnitAnimDataBlob[9460], /* orig 0x800e6abc */
    &sUnitAnimDataBlob[9496], /* orig 0x800e6ae0 */
    &sUnitAnimDataBlob[9508], /* orig 0x800e6aec */
    &sUnitAnimDataBlob[9520], /* orig 0x800e6af8 */
    &sUnitAnimDataBlob[9552], /* orig 0x800e6b18 */
    &sUnitAnimDataBlob[748], /* orig 0x800e48b4 */
    &sUnitAnimDataBlob[756], /* orig 0x800e48bc */
    &sUnitAnimDataBlob[228], /* orig 0x800e46ac */
    &sUnitAnimDataBlob[232], /* orig 0x800e46b0 */
    &sUnitAnimDataBlob[4], /* orig 0x800e45cc */
    &sUnitAnimDataBlob[60], /* orig 0x800e4604 */
};

static const u8 *sUnitAnimSet_92[24] = {
    &sUnitAnimDataBlob[244], /* orig 0x800e46bc */
    &sUnitAnimDataBlob[256], /* orig 0x800e46c8 */
    &sUnitAnimDataBlob[340], /* orig 0x800e471c */
    &sUnitAnimDataBlob[404], /* orig 0x800e475c */
    &sUnitAnimDataBlob[468], /* orig 0x800e479c */
    &sUnitAnimDataBlob[512], /* orig 0x800e47c8 */
    &sUnitAnimDataBlob[556], /* orig 0x800e47f4 */
    &sUnitAnimDataBlob[568], /* orig 0x800e4800 */
    &sUnitAnimDataBlob[604], /* orig 0x800e4824 */
    &sUnitAnimDataBlob[612], /* orig 0x800e482c */
    &sUnitAnimDataBlob[620], /* orig 0x800e4834 */
    &sUnitAnimDataBlob[624], /* orig 0x800e4838 */
    &sUnitAnimDataBlob[9584], /* orig 0x800e6b38 */
    &sUnitAnimDataBlob[9596], /* orig 0x800e6b44 */
    &sUnitAnimDataBlob[9608], /* orig 0x800e6b50 */
    &sUnitAnimDataBlob[9612], /* orig 0x800e6b54 */
    &sUnitAnimDataBlob[9616], /* orig 0x800e6b58 */
    &sUnitAnimDataBlob[9624], /* orig 0x800e6b60 */
    &sUnitAnimDataBlob[748], /* orig 0x800e48b4 */
    &sUnitAnimDataBlob[756], /* orig 0x800e48bc */
    &sUnitAnimDataBlob[228], /* orig 0x800e46ac */
    &sUnitAnimDataBlob[232], /* orig 0x800e46b0 */
    &sUnitAnimDataBlob[4], /* orig 0x800e45cc */
    &sUnitAnimDataBlob[60], /* orig 0x800e4604 */
};

static const u8 *sUnitAnimSet_93[24] = {
    &sUnitAnimDataBlob[244], /* orig 0x800e46bc */
    &sUnitAnimDataBlob[256], /* orig 0x800e46c8 */
    &sUnitAnimDataBlob[340], /* orig 0x800e471c */
    &sUnitAnimDataBlob[404], /* orig 0x800e475c */
    &sUnitAnimDataBlob[468], /* orig 0x800e479c */
    &sUnitAnimDataBlob[512], /* orig 0x800e47c8 */
    &sUnitAnimDataBlob[556], /* orig 0x800e47f4 */
    &sUnitAnimDataBlob[568], /* orig 0x800e4800 */
    &sUnitAnimDataBlob[604], /* orig 0x800e4824 */
    &sUnitAnimDataBlob[612], /* orig 0x800e482c */
    &sUnitAnimDataBlob[620], /* orig 0x800e4834 */
    &sUnitAnimDataBlob[624], /* orig 0x800e4838 */
    &sUnitAnimDataBlob[9632], /* orig 0x800e6b68 */
    &sUnitAnimDataBlob[9644], /* orig 0x800e6b74 */
    &sUnitAnimDataBlob[9656], /* orig 0x800e6b80 */
    &sUnitAnimDataBlob[9668], /* orig 0x800e6b8c */
    &sUnitAnimDataBlob[9680], /* orig 0x800e6b98 */
    &sUnitAnimDataBlob[9688], /* orig 0x800e6ba0 */
    &sUnitAnimDataBlob[748], /* orig 0x800e48b4 */
    &sUnitAnimDataBlob[756], /* orig 0x800e48bc */
    &sUnitAnimDataBlob[228], /* orig 0x800e46ac */
    &sUnitAnimDataBlob[232], /* orig 0x800e46b0 */
    &sUnitAnimDataBlob[4], /* orig 0x800e45cc */
    &sUnitAnimDataBlob[60], /* orig 0x800e4604 */
};

static const u8 *sUnitAnimSet_94[24] = {
    &sUnitAnimDataBlob[244], /* orig 0x800e46bc */
    &sUnitAnimDataBlob[256], /* orig 0x800e46c8 */
    &sUnitAnimDataBlob[340], /* orig 0x800e471c */
    &sUnitAnimDataBlob[404], /* orig 0x800e475c */
    &sUnitAnimDataBlob[468], /* orig 0x800e479c */
    &sUnitAnimDataBlob[512], /* orig 0x800e47c8 */
    &sUnitAnimDataBlob[556], /* orig 0x800e47f4 */
    &sUnitAnimDataBlob[568], /* orig 0x800e4800 */
    &sUnitAnimDataBlob[604], /* orig 0x800e4824 */
    &sUnitAnimDataBlob[612], /* orig 0x800e482c */
    &sUnitAnimDataBlob[620], /* orig 0x800e4834 */
    &sUnitAnimDataBlob[624], /* orig 0x800e4838 */
    &sUnitAnimDataBlob[9696], /* orig 0x800e6ba8 */
    &sUnitAnimDataBlob[9728], /* orig 0x800e6bc8 */
    &sUnitAnimDataBlob[9760], /* orig 0x800e6be8 */
    &sUnitAnimDataBlob[9768], /* orig 0x800e6bf0 */
    &sUnitAnimDataBlob[676], /* orig 0x800e486c */
    &sUnitAnimDataBlob[712], /* orig 0x800e4890 */
    &sUnitAnimDataBlob[748], /* orig 0x800e48b4 */
    &sUnitAnimDataBlob[756], /* orig 0x800e48bc */
    &sUnitAnimDataBlob[228], /* orig 0x800e46ac */
    &sUnitAnimDataBlob[232], /* orig 0x800e46b0 */
    &sUnitAnimDataBlob[4], /* orig 0x800e45cc */
    &sUnitAnimDataBlob[60], /* orig 0x800e4604 */
};

static const u8 *sUnitAnimSet_95[30] = {
    &sUnitAnimDataBlob[244], /* orig 0x800e46bc */
    &sUnitAnimDataBlob[256], /* orig 0x800e46c8 */
    &sUnitAnimDataBlob[340], /* orig 0x800e471c */
    &sUnitAnimDataBlob[404], /* orig 0x800e475c */
    &sUnitAnimDataBlob[468], /* orig 0x800e479c */
    &sUnitAnimDataBlob[512], /* orig 0x800e47c8 */
    &sUnitAnimDataBlob[556], /* orig 0x800e47f4 */
    &sUnitAnimDataBlob[568], /* orig 0x800e4800 */
    &sUnitAnimDataBlob[604], /* orig 0x800e4824 */
    &sUnitAnimDataBlob[612], /* orig 0x800e482c */
    &sUnitAnimDataBlob[620], /* orig 0x800e4834 */
    &sUnitAnimDataBlob[624], /* orig 0x800e4838 */
    &sUnitAnimDataBlob[9776], /* orig 0x800e6bf8 */
    &sUnitAnimDataBlob[9788], /* orig 0x800e6c04 */
    &sUnitAnimDataBlob[9800], /* orig 0x800e6c10 */
    &sUnitAnimDataBlob[9804], /* orig 0x800e6c14 */
    &sUnitAnimDataBlob[676], /* orig 0x800e486c */
    &sUnitAnimDataBlob[712], /* orig 0x800e4890 */
    &sUnitAnimDataBlob[748], /* orig 0x800e48b4 */
    &sUnitAnimDataBlob[756], /* orig 0x800e48bc */
    &sUnitAnimDataBlob[228], /* orig 0x800e46ac */
    &sUnitAnimDataBlob[232], /* orig 0x800e46b0 */
    &sUnitAnimDataBlob[4], /* orig 0x800e45cc */
    &sUnitAnimDataBlob[60], /* orig 0x800e4604 */
    &sUnitAnimDataBlob[764], /* orig 0x800e48c4 */
    &sUnitAnimDataBlob[772], /* orig 0x800e48cc */
    &sUnitAnimDataBlob[9776], /* orig 0x800e6bf8 */
    &sUnitAnimDataBlob[9788], /* orig 0x800e6c04 */
    &sUnitAnimDataBlob[9800], /* orig 0x800e6c10 */
    &sUnitAnimDataBlob[9804], /* orig 0x800e6c14 */
};

static const u8 *sUnitAnimSet_96[24] = {
    &sUnitAnimDataBlob[244], /* orig 0x800e46bc */
    &sUnitAnimDataBlob[256], /* orig 0x800e46c8 */
    &sUnitAnimDataBlob[340], /* orig 0x800e471c */
    &sUnitAnimDataBlob[404], /* orig 0x800e475c */
    &sUnitAnimDataBlob[468], /* orig 0x800e479c */
    &sUnitAnimDataBlob[512], /* orig 0x800e47c8 */
    &sUnitAnimDataBlob[556], /* orig 0x800e47f4 */
    &sUnitAnimDataBlob[568], /* orig 0x800e4800 */
    &sUnitAnimDataBlob[604], /* orig 0x800e4824 */
    &sUnitAnimDataBlob[612], /* orig 0x800e482c */
    &sUnitAnimDataBlob[620], /* orig 0x800e4834 */
    &sUnitAnimDataBlob[624], /* orig 0x800e4838 */
    &sUnitAnimDataBlob[9808], /* orig 0x800e6c18 */
    &sUnitAnimDataBlob[9836], /* orig 0x800e6c34 */
    &sUnitAnimDataBlob[9864], /* orig 0x800e6c50 */
    &sUnitAnimDataBlob[9892], /* orig 0x800e6c6c */
    &sUnitAnimDataBlob[676], /* orig 0x800e486c */
    &sUnitAnimDataBlob[712], /* orig 0x800e4890 */
    &sUnitAnimDataBlob[748], /* orig 0x800e48b4 */
    &sUnitAnimDataBlob[756], /* orig 0x800e48bc */
    &sUnitAnimDataBlob[228], /* orig 0x800e46ac */
    &sUnitAnimDataBlob[232], /* orig 0x800e46b0 */
    &sUnitAnimDataBlob[4], /* orig 0x800e45cc */
    &sUnitAnimDataBlob[60], /* orig 0x800e4604 */
};

static const u8 *sUnitAnimSet_97[24] = {
    &sUnitAnimDataBlob[244], /* orig 0x800e46bc */
    &sUnitAnimDataBlob[256], /* orig 0x800e46c8 */
    &sUnitAnimDataBlob[340], /* orig 0x800e471c */
    &sUnitAnimDataBlob[404], /* orig 0x800e475c */
    &sUnitAnimDataBlob[468], /* orig 0x800e479c */
    &sUnitAnimDataBlob[512], /* orig 0x800e47c8 */
    &sUnitAnimDataBlob[556], /* orig 0x800e47f4 */
    &sUnitAnimDataBlob[568], /* orig 0x800e4800 */
    &sUnitAnimDataBlob[604], /* orig 0x800e4824 */
    &sUnitAnimDataBlob[612], /* orig 0x800e482c */
    &sUnitAnimDataBlob[620], /* orig 0x800e4834 */
    &sUnitAnimDataBlob[624], /* orig 0x800e4838 */
    &sUnitAnimDataBlob[9920], /* orig 0x800e6c88 */
    &sUnitAnimDataBlob[9960], /* orig 0x800e6cb0 */
    &sUnitAnimDataBlob[10000], /* orig 0x800e6cd8 */
    &sUnitAnimDataBlob[10012], /* orig 0x800e6ce4 */
    &sUnitAnimDataBlob[676], /* orig 0x800e486c */
    &sUnitAnimDataBlob[712], /* orig 0x800e4890 */
    &sUnitAnimDataBlob[748], /* orig 0x800e48b4 */
    &sUnitAnimDataBlob[756], /* orig 0x800e48bc */
    &sUnitAnimDataBlob[228], /* orig 0x800e46ac */
    &sUnitAnimDataBlob[232], /* orig 0x800e46b0 */
    &sUnitAnimDataBlob[4], /* orig 0x800e45cc */
    &sUnitAnimDataBlob[60], /* orig 0x800e4604 */
};

static const u8 *sUnitAnimSet_98[24] = {
    &sUnitAnimDataBlob[244], /* orig 0x800e46bc */
    &sUnitAnimDataBlob[256], /* orig 0x800e46c8 */
    &sUnitAnimDataBlob[340], /* orig 0x800e471c */
    &sUnitAnimDataBlob[404], /* orig 0x800e475c */
    &sUnitAnimDataBlob[468], /* orig 0x800e479c */
    &sUnitAnimDataBlob[512], /* orig 0x800e47c8 */
    &sUnitAnimDataBlob[556], /* orig 0x800e47f4 */
    &sUnitAnimDataBlob[568], /* orig 0x800e4800 */
    &sUnitAnimDataBlob[604], /* orig 0x800e4824 */
    &sUnitAnimDataBlob[612], /* orig 0x800e482c */
    &sUnitAnimDataBlob[620], /* orig 0x800e4834 */
    &sUnitAnimDataBlob[624], /* orig 0x800e4838 */
    &sUnitAnimDataBlob[10024], /* orig 0x800e6cf0 */
    &sUnitAnimDataBlob[10076], /* orig 0x800e6d24 */
    &sUnitAnimDataBlob[10128], /* orig 0x800e6d58 */
    &sUnitAnimDataBlob[10152], /* orig 0x800e6d70 */
    &sUnitAnimDataBlob[676], /* orig 0x800e486c */
    &sUnitAnimDataBlob[712], /* orig 0x800e4890 */
    &sUnitAnimDataBlob[748], /* orig 0x800e48b4 */
    &sUnitAnimDataBlob[756], /* orig 0x800e48bc */
    &sUnitAnimDataBlob[228], /* orig 0x800e46ac */
    &sUnitAnimDataBlob[232], /* orig 0x800e46b0 */
    &sUnitAnimDataBlob[4], /* orig 0x800e45cc */
    &sUnitAnimDataBlob[60], /* orig 0x800e4604 */
};

static const u8 *sUnitAnimSet_99[24] = {
    &sUnitAnimDataBlob[244], /* orig 0x800e46bc */
    &sUnitAnimDataBlob[256], /* orig 0x800e46c8 */
    &sUnitAnimDataBlob[340], /* orig 0x800e471c */
    &sUnitAnimDataBlob[404], /* orig 0x800e475c */
    &sUnitAnimDataBlob[468], /* orig 0x800e479c */
    &sUnitAnimDataBlob[512], /* orig 0x800e47c8 */
    &sUnitAnimDataBlob[10176], /* orig 0x800e6d88 */
    &sUnitAnimDataBlob[10176], /* orig 0x800e6d88 */
    &sUnitAnimDataBlob[10176], /* orig 0x800e6d88 */
    &sUnitAnimDataBlob[10176], /* orig 0x800e6d88 */
    &sUnitAnimDataBlob[10176], /* orig 0x800e6d88 */
    &sUnitAnimDataBlob[10176], /* orig 0x800e6d88 */
    &sUnitAnimDataBlob[10180], /* orig 0x800e6d8c */
    &sUnitAnimDataBlob[10192], /* orig 0x800e6d98 */
    &sUnitAnimDataBlob[10204], /* orig 0x800e6da4 */
    &sUnitAnimDataBlob[10208], /* orig 0x800e6da8 */
    &sUnitAnimDataBlob[10212], /* orig 0x800e6dac */
    &sUnitAnimDataBlob[10256], /* orig 0x800e6dd8 */
    &sUnitAnimDataBlob[748], /* orig 0x800e48b4 */
    &sUnitAnimDataBlob[756], /* orig 0x800e48bc */
    &sUnitAnimDataBlob[228], /* orig 0x800e46ac */
    &sUnitAnimDataBlob[232], /* orig 0x800e46b0 */
    &sUnitAnimDataBlob[10300], /* orig 0x800e6e04 */
    &sUnitAnimDataBlob[10344], /* orig 0x800e6e30 */
};

static const u8 *sUnitAnimSet_100[24] = {
    &sUnitAnimDataBlob[244], /* orig 0x800e46bc */
    &sUnitAnimDataBlob[256], /* orig 0x800e46c8 */
    &sUnitAnimDataBlob[340], /* orig 0x800e471c */
    &sUnitAnimDataBlob[404], /* orig 0x800e475c */
    &sUnitAnimDataBlob[468], /* orig 0x800e479c */
    &sUnitAnimDataBlob[512], /* orig 0x800e47c8 */
    &sUnitAnimDataBlob[556], /* orig 0x800e47f4 */
    &sUnitAnimDataBlob[568], /* orig 0x800e4800 */
    &sUnitAnimDataBlob[604], /* orig 0x800e4824 */
    &sUnitAnimDataBlob[612], /* orig 0x800e482c */
    &sUnitAnimDataBlob[620], /* orig 0x800e4834 */
    &sUnitAnimDataBlob[624], /* orig 0x800e4838 */
    &sUnitAnimDataBlob[10388], /* orig 0x800e6e5c */
    &sUnitAnimDataBlob[10404], /* orig 0x800e6e6c */
    &sUnitAnimDataBlob[10420], /* orig 0x800e6e7c */
    &sUnitAnimDataBlob[10424], /* orig 0x800e6e80 */
    &sUnitAnimDataBlob[10428], /* orig 0x800e6e84 */
    &sUnitAnimDataBlob[10444], /* orig 0x800e6e94 */
    &sUnitAnimDataBlob[748], /* orig 0x800e48b4 */
    &sUnitAnimDataBlob[756], /* orig 0x800e48bc */
    &sUnitAnimDataBlob[228], /* orig 0x800e46ac */
    &sUnitAnimDataBlob[232], /* orig 0x800e46b0 */
    &sUnitAnimDataBlob[4], /* orig 0x800e45cc */
    &sUnitAnimDataBlob[60], /* orig 0x800e4604 */
};

static const u8 *sUnitAnimSet_101[24] = {
    &sUnitAnimDataBlob[244], /* orig 0x800e46bc */
    &sUnitAnimDataBlob[256], /* orig 0x800e46c8 */
    &sUnitAnimDataBlob[340], /* orig 0x800e471c */
    &sUnitAnimDataBlob[404], /* orig 0x800e475c */
    &sUnitAnimDataBlob[468], /* orig 0x800e479c */
    &sUnitAnimDataBlob[512], /* orig 0x800e47c8 */
    &sUnitAnimDataBlob[556], /* orig 0x800e47f4 */
    &sUnitAnimDataBlob[568], /* orig 0x800e4800 */
    &sUnitAnimDataBlob[604], /* orig 0x800e4824 */
    &sUnitAnimDataBlob[612], /* orig 0x800e482c */
    &sUnitAnimDataBlob[620], /* orig 0x800e4834 */
    &sUnitAnimDataBlob[624], /* orig 0x800e4838 */
    &sUnitAnimDataBlob[10460], /* orig 0x800e6ea4 */
    &sUnitAnimDataBlob[10488], /* orig 0x800e6ec0 */
    &sUnitAnimDataBlob[10516], /* orig 0x800e6edc */
    &sUnitAnimDataBlob[10528], /* orig 0x800e6ee8 */
    &sUnitAnimDataBlob[676], /* orig 0x800e486c */
    &sUnitAnimDataBlob[712], /* orig 0x800e4890 */
    &sUnitAnimDataBlob[748], /* orig 0x800e48b4 */
    &sUnitAnimDataBlob[756], /* orig 0x800e48bc */
    &sUnitAnimDataBlob[228], /* orig 0x800e46ac */
    &sUnitAnimDataBlob[232], /* orig 0x800e46b0 */
    &sUnitAnimDataBlob[4], /* orig 0x800e45cc */
    &sUnitAnimDataBlob[60], /* orig 0x800e4604 */
};

static const u8 *sUnitAnimSet_102[24] = {
    &sUnitAnimDataBlob[244], /* orig 0x800e46bc */
    &sUnitAnimDataBlob[256], /* orig 0x800e46c8 */
    &sUnitAnimDataBlob[340], /* orig 0x800e471c */
    &sUnitAnimDataBlob[404], /* orig 0x800e475c */
    &sUnitAnimDataBlob[468], /* orig 0x800e479c */
    &sUnitAnimDataBlob[512], /* orig 0x800e47c8 */
    &sUnitAnimDataBlob[556], /* orig 0x800e47f4 */
    &sUnitAnimDataBlob[568], /* orig 0x800e4800 */
    &sUnitAnimDataBlob[604], /* orig 0x800e4824 */
    &sUnitAnimDataBlob[612], /* orig 0x800e482c */
    &sUnitAnimDataBlob[620], /* orig 0x800e4834 */
    &sUnitAnimDataBlob[624], /* orig 0x800e4838 */
    &sUnitAnimDataBlob[10540], /* orig 0x800e6ef4 */
    &sUnitAnimDataBlob[10572], /* orig 0x800e6f14 */
    &sUnitAnimDataBlob[10600], /* orig 0x800e6f30 */
    &sUnitAnimDataBlob[10616], /* orig 0x800e6f40 */
    &sUnitAnimDataBlob[676], /* orig 0x800e486c */
    &sUnitAnimDataBlob[712], /* orig 0x800e4890 */
    &sUnitAnimDataBlob[748], /* orig 0x800e48b4 */
    &sUnitAnimDataBlob[756], /* orig 0x800e48bc */
    &sUnitAnimDataBlob[228], /* orig 0x800e46ac */
    &sUnitAnimDataBlob[232], /* orig 0x800e46b0 */
    &sUnitAnimDataBlob[4], /* orig 0x800e45cc */
    &sUnitAnimDataBlob[60], /* orig 0x800e4604 */
};

static const u8 *sUnitAnimSet_103[24] = {
    &sUnitAnimDataBlob[244], /* orig 0x800e46bc */
    &sUnitAnimDataBlob[256], /* orig 0x800e46c8 */
    &sUnitAnimDataBlob[340], /* orig 0x800e471c */
    &sUnitAnimDataBlob[404], /* orig 0x800e475c */
    &sUnitAnimDataBlob[468], /* orig 0x800e479c */
    &sUnitAnimDataBlob[512], /* orig 0x800e47c8 */
    &sUnitAnimDataBlob[556], /* orig 0x800e47f4 */
    &sUnitAnimDataBlob[568], /* orig 0x800e4800 */
    &sUnitAnimDataBlob[604], /* orig 0x800e4824 */
    &sUnitAnimDataBlob[612], /* orig 0x800e482c */
    &sUnitAnimDataBlob[620], /* orig 0x800e4834 */
    &sUnitAnimDataBlob[624], /* orig 0x800e4838 */
    &sUnitAnimDataBlob[10636], /* orig 0x800e6f54 */
    &sUnitAnimDataBlob[10660], /* orig 0x800e6f6c */
    &sUnitAnimDataBlob[10684], /* orig 0x800e6f84 */
    &sUnitAnimDataBlob[10700], /* orig 0x800e6f94 */
    &sUnitAnimDataBlob[676], /* orig 0x800e486c */
    &sUnitAnimDataBlob[712], /* orig 0x800e4890 */
    &sUnitAnimDataBlob[748], /* orig 0x800e48b4 */
    &sUnitAnimDataBlob[756], /* orig 0x800e48bc */
    &sUnitAnimDataBlob[228], /* orig 0x800e46ac */
    &sUnitAnimDataBlob[232], /* orig 0x800e46b0 */
    &sUnitAnimDataBlob[4], /* orig 0x800e45cc */
    &sUnitAnimDataBlob[60], /* orig 0x800e4604 */
};

static const u8 *sUnitAnimSet_104[24] = {
    &sUnitAnimDataBlob[244], /* orig 0x800e46bc */
    &sUnitAnimDataBlob[256], /* orig 0x800e46c8 */
    &sUnitAnimDataBlob[340], /* orig 0x800e471c */
    &sUnitAnimDataBlob[404], /* orig 0x800e475c */
    &sUnitAnimDataBlob[468], /* orig 0x800e479c */
    &sUnitAnimDataBlob[512], /* orig 0x800e47c8 */
    &sUnitAnimDataBlob[556], /* orig 0x800e47f4 */
    &sUnitAnimDataBlob[568], /* orig 0x800e4800 */
    &sUnitAnimDataBlob[604], /* orig 0x800e4824 */
    &sUnitAnimDataBlob[612], /* orig 0x800e482c */
    &sUnitAnimDataBlob[620], /* orig 0x800e4834 */
    &sUnitAnimDataBlob[624], /* orig 0x800e4838 */
    &sUnitAnimDataBlob[10716], /* orig 0x800e6fa4 */
    &sUnitAnimDataBlob[10800], /* orig 0x800e6ff8 */
    &sUnitAnimDataBlob[10884], /* orig 0x800e704c */
    &sUnitAnimDataBlob[10892], /* orig 0x800e7054 */
    &sUnitAnimDataBlob[676], /* orig 0x800e486c */
    &sUnitAnimDataBlob[712], /* orig 0x800e4890 */
    &sUnitAnimDataBlob[748], /* orig 0x800e48b4 */
    &sUnitAnimDataBlob[756], /* orig 0x800e48bc */
    &sUnitAnimDataBlob[228], /* orig 0x800e46ac */
    &sUnitAnimDataBlob[232], /* orig 0x800e46b0 */
    &sUnitAnimDataBlob[4], /* orig 0x800e45cc */
    &sUnitAnimDataBlob[60], /* orig 0x800e4604 */
};

static const u8 *sUnitAnimSet_105[30] = {
    &sUnitAnimDataBlob[244], /* orig 0x800e46bc */
    &sUnitAnimDataBlob[256], /* orig 0x800e46c8 */
    &sUnitAnimDataBlob[340], /* orig 0x800e471c */
    &sUnitAnimDataBlob[404], /* orig 0x800e475c */
    &sUnitAnimDataBlob[468], /* orig 0x800e479c */
    &sUnitAnimDataBlob[512], /* orig 0x800e47c8 */
    &sUnitAnimDataBlob[556], /* orig 0x800e47f4 */
    &sUnitAnimDataBlob[568], /* orig 0x800e4800 */
    &sUnitAnimDataBlob[604], /* orig 0x800e4824 */
    &sUnitAnimDataBlob[612], /* orig 0x800e482c */
    &sUnitAnimDataBlob[620], /* orig 0x800e4834 */
    &sUnitAnimDataBlob[624], /* orig 0x800e4838 */
    &sUnitAnimDataBlob[10900], /* orig 0x800e705c */
    &sUnitAnimDataBlob[10908], /* orig 0x800e7064 */
    &sUnitAnimDataBlob[10916], /* orig 0x800e706c */
    &sUnitAnimDataBlob[10924], /* orig 0x800e7074 */
    &sUnitAnimDataBlob[676], /* orig 0x800e486c */
    &sUnitAnimDataBlob[712], /* orig 0x800e4890 */
    &sUnitAnimDataBlob[748], /* orig 0x800e48b4 */
    &sUnitAnimDataBlob[756], /* orig 0x800e48bc */
    &sUnitAnimDataBlob[228], /* orig 0x800e46ac */
    &sUnitAnimDataBlob[232], /* orig 0x800e46b0 */
    &sUnitAnimDataBlob[4], /* orig 0x800e45cc */
    &sUnitAnimDataBlob[60], /* orig 0x800e4604 */
    &sUnitAnimDataBlob[764], /* orig 0x800e48c4 */
    &sUnitAnimDataBlob[772], /* orig 0x800e48cc */
    &sUnitAnimDataBlob[10932], /* orig 0x800e707c */
    &sUnitAnimDataBlob[10940], /* orig 0x800e7084 */
    &sUnitAnimDataBlob[10948], /* orig 0x800e708c */
    &sUnitAnimDataBlob[10956], /* orig 0x800e7094 */
};

static const u8 *sUnitAnimSet_106[24] = {
    &sUnitAnimDataBlob[244], /* orig 0x800e46bc */
    &sUnitAnimDataBlob[256], /* orig 0x800e46c8 */
    &sUnitAnimDataBlob[340], /* orig 0x800e471c */
    &sUnitAnimDataBlob[404], /* orig 0x800e475c */
    &sUnitAnimDataBlob[468], /* orig 0x800e479c */
    &sUnitAnimDataBlob[512], /* orig 0x800e47c8 */
    &sUnitAnimDataBlob[556], /* orig 0x800e47f4 */
    &sUnitAnimDataBlob[568], /* orig 0x800e4800 */
    &sUnitAnimDataBlob[604], /* orig 0x800e4824 */
    &sUnitAnimDataBlob[612], /* orig 0x800e482c */
    &sUnitAnimDataBlob[620], /* orig 0x800e4834 */
    &sUnitAnimDataBlob[624], /* orig 0x800e4838 */
    &sUnitAnimDataBlob[10964], /* orig 0x800e709c */
    &sUnitAnimDataBlob[10972], /* orig 0x800e70a4 */
    &sUnitAnimDataBlob[10980], /* orig 0x800e70ac */
    &sUnitAnimDataBlob[10988], /* orig 0x800e70b4 */
    &sUnitAnimDataBlob[676], /* orig 0x800e486c */
    &sUnitAnimDataBlob[712], /* orig 0x800e4890 */
    &sUnitAnimDataBlob[748], /* orig 0x800e48b4 */
    &sUnitAnimDataBlob[756], /* orig 0x800e48bc */
    &sUnitAnimDataBlob[228], /* orig 0x800e46ac */
    &sUnitAnimDataBlob[232], /* orig 0x800e46b0 */
    &sUnitAnimDataBlob[4], /* orig 0x800e45cc */
    &sUnitAnimDataBlob[60], /* orig 0x800e4604 */
};

static const u8 *sUnitAnimSet_107[24] = {
    &sUnitAnimDataBlob[244], /* orig 0x800e46bc */
    &sUnitAnimDataBlob[256], /* orig 0x800e46c8 */
    &sUnitAnimDataBlob[340], /* orig 0x800e471c */
    &sUnitAnimDataBlob[404], /* orig 0x800e475c */
    &sUnitAnimDataBlob[468], /* orig 0x800e479c */
    &sUnitAnimDataBlob[512], /* orig 0x800e47c8 */
    &sUnitAnimDataBlob[556], /* orig 0x800e47f4 */
    &sUnitAnimDataBlob[568], /* orig 0x800e4800 */
    &sUnitAnimDataBlob[604], /* orig 0x800e4824 */
    &sUnitAnimDataBlob[612], /* orig 0x800e482c */
    &sUnitAnimDataBlob[620], /* orig 0x800e4834 */
    &sUnitAnimDataBlob[624], /* orig 0x800e4838 */
    &sUnitAnimDataBlob[10996], /* orig 0x800e70bc */
    &sUnitAnimDataBlob[11008], /* orig 0x800e70c8 */
    &sUnitAnimDataBlob[11020], /* orig 0x800e70d4 */
    &sUnitAnimDataBlob[11024], /* orig 0x800e70d8 */
    &sUnitAnimDataBlob[676], /* orig 0x800e486c */
    &sUnitAnimDataBlob[712], /* orig 0x800e4890 */
    &sUnitAnimDataBlob[748], /* orig 0x800e48b4 */
    &sUnitAnimDataBlob[756], /* orig 0x800e48bc */
    &sUnitAnimDataBlob[228], /* orig 0x800e46ac */
    &sUnitAnimDataBlob[232], /* orig 0x800e46b0 */
    &sUnitAnimDataBlob[4], /* orig 0x800e45cc */
    &sUnitAnimDataBlob[60], /* orig 0x800e4604 */
};

static const u8 *sUnitAnimSet_108[24] = {
    &sUnitAnimDataBlob[244], /* orig 0x800e46bc */
    &sUnitAnimDataBlob[256], /* orig 0x800e46c8 */
    &sUnitAnimDataBlob[340], /* orig 0x800e471c */
    &sUnitAnimDataBlob[404], /* orig 0x800e475c */
    &sUnitAnimDataBlob[468], /* orig 0x800e479c */
    &sUnitAnimDataBlob[512], /* orig 0x800e47c8 */
    &sUnitAnimDataBlob[556], /* orig 0x800e47f4 */
    &sUnitAnimDataBlob[568], /* orig 0x800e4800 */
    &sUnitAnimDataBlob[604], /* orig 0x800e4824 */
    &sUnitAnimDataBlob[612], /* orig 0x800e482c */
    &sUnitAnimDataBlob[620], /* orig 0x800e4834 */
    &sUnitAnimDataBlob[624], /* orig 0x800e4838 */
    &sUnitAnimDataBlob[11028], /* orig 0x800e70dc */
    &sUnitAnimDataBlob[11040], /* orig 0x800e70e8 */
    &sUnitAnimDataBlob[11052], /* orig 0x800e70f4 */
    &sUnitAnimDataBlob[11060], /* orig 0x800e70fc */
    &sUnitAnimDataBlob[11068], /* orig 0x800e7104 */
    &sUnitAnimDataBlob[11092], /* orig 0x800e711c */
    &sUnitAnimDataBlob[748], /* orig 0x800e48b4 */
    &sUnitAnimDataBlob[756], /* orig 0x800e48bc */
    &sUnitAnimDataBlob[228], /* orig 0x800e46ac */
    &sUnitAnimDataBlob[232], /* orig 0x800e46b0 */
    &sUnitAnimDataBlob[4], /* orig 0x800e45cc */
    &sUnitAnimDataBlob[60], /* orig 0x800e4604 */
};

static const u8 *sUnitAnimSet_109[24] = {
    &sUnitAnimDataBlob[244], /* orig 0x800e46bc */
    &sUnitAnimDataBlob[256], /* orig 0x800e46c8 */
    &sUnitAnimDataBlob[340], /* orig 0x800e471c */
    &sUnitAnimDataBlob[404], /* orig 0x800e475c */
    &sUnitAnimDataBlob[468], /* orig 0x800e479c */
    &sUnitAnimDataBlob[512], /* orig 0x800e47c8 */
    &sUnitAnimDataBlob[556], /* orig 0x800e47f4 */
    &sUnitAnimDataBlob[568], /* orig 0x800e4800 */
    &sUnitAnimDataBlob[604], /* orig 0x800e4824 */
    &sUnitAnimDataBlob[612], /* orig 0x800e482c */
    &sUnitAnimDataBlob[620], /* orig 0x800e4834 */
    &sUnitAnimDataBlob[624], /* orig 0x800e4838 */
    &sUnitAnimDataBlob[11116], /* orig 0x800e7134 */
    &sUnitAnimDataBlob[11132], /* orig 0x800e7144 */
    &sUnitAnimDataBlob[11148], /* orig 0x800e7154 */
    &sUnitAnimDataBlob[11160], /* orig 0x800e7160 */
    &sUnitAnimDataBlob[676], /* orig 0x800e486c */
    &sUnitAnimDataBlob[712], /* orig 0x800e4890 */
    &sUnitAnimDataBlob[748], /* orig 0x800e48b4 */
    &sUnitAnimDataBlob[756], /* orig 0x800e48bc */
    &sUnitAnimDataBlob[228], /* orig 0x800e46ac */
    &sUnitAnimDataBlob[232], /* orig 0x800e46b0 */
    &sUnitAnimDataBlob[4], /* orig 0x800e45cc */
    &sUnitAnimDataBlob[60], /* orig 0x800e4604 */
};

static const u8 *sUnitAnimSet_110[24] = {
    &sUnitAnimDataBlob[244], /* orig 0x800e46bc */
    &sUnitAnimDataBlob[256], /* orig 0x800e46c8 */
    &sUnitAnimDataBlob[340], /* orig 0x800e471c */
    &sUnitAnimDataBlob[404], /* orig 0x800e475c */
    &sUnitAnimDataBlob[468], /* orig 0x800e479c */
    &sUnitAnimDataBlob[512], /* orig 0x800e47c8 */
    &sUnitAnimDataBlob[556], /* orig 0x800e47f4 */
    &sUnitAnimDataBlob[568], /* orig 0x800e4800 */
    &sUnitAnimDataBlob[604], /* orig 0x800e4824 */
    &sUnitAnimDataBlob[612], /* orig 0x800e482c */
    &sUnitAnimDataBlob[620], /* orig 0x800e4834 */
    &sUnitAnimDataBlob[624], /* orig 0x800e4838 */
    &sUnitAnimDataBlob[11212], /* orig 0x800e7194 */
    &sUnitAnimDataBlob[11228], /* orig 0x800e71a4 */
    &sUnitAnimDataBlob[11244], /* orig 0x800e71b4 */
    &sUnitAnimDataBlob[11252], /* orig 0x800e71bc */
    &sUnitAnimDataBlob[676], /* orig 0x800e486c */
    &sUnitAnimDataBlob[712], /* orig 0x800e4890 */
    &sUnitAnimDataBlob[748], /* orig 0x800e48b4 */
    &sUnitAnimDataBlob[756], /* orig 0x800e48bc */
    &sUnitAnimDataBlob[228], /* orig 0x800e46ac */
    &sUnitAnimDataBlob[232], /* orig 0x800e46b0 */
    &sUnitAnimDataBlob[4], /* orig 0x800e45cc */
    &sUnitAnimDataBlob[60], /* orig 0x800e4604 */
};

static const u8 *sUnitAnimSet_111[30] = {
    &sUnitAnimDataBlob[244], /* orig 0x800e46bc */
    &sUnitAnimDataBlob[256], /* orig 0x800e46c8 */
    &sUnitAnimDataBlob[340], /* orig 0x800e471c */
    &sUnitAnimDataBlob[404], /* orig 0x800e475c */
    &sUnitAnimDataBlob[468], /* orig 0x800e479c */
    &sUnitAnimDataBlob[512], /* orig 0x800e47c8 */
    &sUnitAnimDataBlob[556], /* orig 0x800e47f4 */
    &sUnitAnimDataBlob[568], /* orig 0x800e4800 */
    &sUnitAnimDataBlob[604], /* orig 0x800e4824 */
    &sUnitAnimDataBlob[612], /* orig 0x800e482c */
    &sUnitAnimDataBlob[620], /* orig 0x800e4834 */
    &sUnitAnimDataBlob[624], /* orig 0x800e4838 */
    &sUnitAnimDataBlob[11260], /* orig 0x800e71c4 */
    &sUnitAnimDataBlob[11296], /* orig 0x800e71e8 */
    &sUnitAnimDataBlob[11332], /* orig 0x800e720c */
    &sUnitAnimDataBlob[11336], /* orig 0x800e7210 */
    &sUnitAnimDataBlob[676], /* orig 0x800e486c */
    &sUnitAnimDataBlob[712], /* orig 0x800e4890 */
    &sUnitAnimDataBlob[748], /* orig 0x800e48b4 */
    &sUnitAnimDataBlob[756], /* orig 0x800e48bc */
    &sUnitAnimDataBlob[228], /* orig 0x800e46ac */
    &sUnitAnimDataBlob[232], /* orig 0x800e46b0 */
    &sUnitAnimDataBlob[4], /* orig 0x800e45cc */
    &sUnitAnimDataBlob[60], /* orig 0x800e4604 */
    &sUnitAnimDataBlob[764], /* orig 0x800e48c4 */
    &sUnitAnimDataBlob[772], /* orig 0x800e48cc */
    &sUnitAnimDataBlob[11260], /* orig 0x800e71c4 */
    &sUnitAnimDataBlob[11296], /* orig 0x800e71e8 */
    &sUnitAnimDataBlob[11332], /* orig 0x800e720c */
    &sUnitAnimDataBlob[11336], /* orig 0x800e7210 */
};

static const u8 *sUnitAnimSet_112[24] = {
    &sUnitAnimDataBlob[244], /* orig 0x800e46bc */
    &sUnitAnimDataBlob[256], /* orig 0x800e46c8 */
    &sUnitAnimDataBlob[340], /* orig 0x800e471c */
    &sUnitAnimDataBlob[404], /* orig 0x800e475c */
    &sUnitAnimDataBlob[468], /* orig 0x800e479c */
    &sUnitAnimDataBlob[512], /* orig 0x800e47c8 */
    &sUnitAnimDataBlob[556], /* orig 0x800e47f4 */
    &sUnitAnimDataBlob[568], /* orig 0x800e4800 */
    &sUnitAnimDataBlob[604], /* orig 0x800e4824 */
    &sUnitAnimDataBlob[612], /* orig 0x800e482c */
    &sUnitAnimDataBlob[620], /* orig 0x800e4834 */
    &sUnitAnimDataBlob[624], /* orig 0x800e4838 */
    &sUnitAnimDataBlob[11340], /* orig 0x800e7214 */
    &sUnitAnimDataBlob[11376], /* orig 0x800e7238 */
    &sUnitAnimDataBlob[11412], /* orig 0x800e725c */
    &sUnitAnimDataBlob[11428], /* orig 0x800e726c */
    &sUnitAnimDataBlob[676], /* orig 0x800e486c */
    &sUnitAnimDataBlob[712], /* orig 0x800e4890 */
    &sUnitAnimDataBlob[748], /* orig 0x800e48b4 */
    &sUnitAnimDataBlob[756], /* orig 0x800e48bc */
    &sUnitAnimDataBlob[228], /* orig 0x800e46ac */
    &sUnitAnimDataBlob[232], /* orig 0x800e46b0 */
    &sUnitAnimDataBlob[4], /* orig 0x800e45cc */
    &sUnitAnimDataBlob[60], /* orig 0x800e4604 */
};

static const u8 *sUnitAnimSet_113[30] = {
    &sUnitAnimDataBlob[244], /* orig 0x800e46bc */
    &sUnitAnimDataBlob[256], /* orig 0x800e46c8 */
    &sUnitAnimDataBlob[340], /* orig 0x800e471c */
    &sUnitAnimDataBlob[404], /* orig 0x800e475c */
    &sUnitAnimDataBlob[468], /* orig 0x800e479c */
    &sUnitAnimDataBlob[512], /* orig 0x800e47c8 */
    &sUnitAnimDataBlob[556], /* orig 0x800e47f4 */
    &sUnitAnimDataBlob[568], /* orig 0x800e4800 */
    &sUnitAnimDataBlob[604], /* orig 0x800e4824 */
    &sUnitAnimDataBlob[612], /* orig 0x800e482c */
    &sUnitAnimDataBlob[620], /* orig 0x800e4834 */
    &sUnitAnimDataBlob[624], /* orig 0x800e4838 */
    &sUnitAnimDataBlob[11444], /* orig 0x800e727c */
    &sUnitAnimDataBlob[11480], /* orig 0x800e72a0 */
    &sUnitAnimDataBlob[11516], /* orig 0x800e72c4 */
    &sUnitAnimDataBlob[11520], /* orig 0x800e72c8 */
    &sUnitAnimDataBlob[676], /* orig 0x800e486c */
    &sUnitAnimDataBlob[712], /* orig 0x800e4890 */
    &sUnitAnimDataBlob[748], /* orig 0x800e48b4 */
    &sUnitAnimDataBlob[756], /* orig 0x800e48bc */
    &sUnitAnimDataBlob[228], /* orig 0x800e46ac */
    &sUnitAnimDataBlob[232], /* orig 0x800e46b0 */
    &sUnitAnimDataBlob[4], /* orig 0x800e45cc */
    &sUnitAnimDataBlob[60], /* orig 0x800e4604 */
    &sUnitAnimDataBlob[764], /* orig 0x800e48c4 */
    &sUnitAnimDataBlob[772], /* orig 0x800e48cc */
    &sUnitAnimDataBlob[11444], /* orig 0x800e727c */
    &sUnitAnimDataBlob[11480], /* orig 0x800e72a0 */
    &sUnitAnimDataBlob[11516], /* orig 0x800e72c4 */
    &sUnitAnimDataBlob[11520], /* orig 0x800e72c8 */
};

static const u8 *sUnitAnimSet_114[24] = {
    &sUnitAnimDataBlob[244], /* orig 0x800e46bc */
    &sUnitAnimDataBlob[256], /* orig 0x800e46c8 */
    &sUnitAnimDataBlob[340], /* orig 0x800e471c */
    &sUnitAnimDataBlob[404], /* orig 0x800e475c */
    &sUnitAnimDataBlob[468], /* orig 0x800e479c */
    &sUnitAnimDataBlob[512], /* orig 0x800e47c8 */
    &sUnitAnimDataBlob[556], /* orig 0x800e47f4 */
    &sUnitAnimDataBlob[568], /* orig 0x800e4800 */
    &sUnitAnimDataBlob[604], /* orig 0x800e4824 */
    &sUnitAnimDataBlob[612], /* orig 0x800e482c */
    &sUnitAnimDataBlob[620], /* orig 0x800e4834 */
    &sUnitAnimDataBlob[624], /* orig 0x800e4838 */
    &sUnitAnimDataBlob[11172], /* orig 0x800e716c */
    &sUnitAnimDataBlob[11184], /* orig 0x800e7178 */
    &sUnitAnimDataBlob[11196], /* orig 0x800e7184 */
    &sUnitAnimDataBlob[11204], /* orig 0x800e718c */
    &sUnitAnimDataBlob[676], /* orig 0x800e486c */
    &sUnitAnimDataBlob[712], /* orig 0x800e4890 */
    &sUnitAnimDataBlob[748], /* orig 0x800e48b4 */
    &sUnitAnimDataBlob[756], /* orig 0x800e48bc */
    &sUnitAnimDataBlob[228], /* orig 0x800e46ac */
    &sUnitAnimDataBlob[232], /* orig 0x800e46b0 */
    &sUnitAnimDataBlob[4], /* orig 0x800e45cc */
    &sUnitAnimDataBlob[60], /* orig 0x800e4604 */
};

static const u8 *sUnitAnimSet_115[26] = {
    &sUnitAnimDataBlob[244], /* orig 0x800e46bc */
    &sUnitAnimDataBlob[256], /* orig 0x800e46c8 */
    &sUnitAnimDataBlob[340], /* orig 0x800e471c */
    &sUnitAnimDataBlob[404], /* orig 0x800e475c */
    &sUnitAnimDataBlob[468], /* orig 0x800e479c */
    &sUnitAnimDataBlob[512], /* orig 0x800e47c8 */
    &sUnitAnimDataBlob[556], /* orig 0x800e47f4 */
    &sUnitAnimDataBlob[568], /* orig 0x800e4800 */
    &sUnitAnimDataBlob[604], /* orig 0x800e4824 */
    &sUnitAnimDataBlob[612], /* orig 0x800e482c */
    &sUnitAnimDataBlob[620], /* orig 0x800e4834 */
    &sUnitAnimDataBlob[624], /* orig 0x800e4838 */
    &sUnitAnimDataBlob[11524], /* orig 0x800e72cc */
    &sUnitAnimDataBlob[11536], /* orig 0x800e72d8 */
    &sUnitAnimDataBlob[11552], /* orig 0x800e72e8 */
    &sUnitAnimDataBlob[11556], /* orig 0x800e72ec */
    &sUnitAnimDataBlob[676], /* orig 0x800e486c */
    &sUnitAnimDataBlob[712], /* orig 0x800e4890 */
    &sUnitAnimDataBlob[748], /* orig 0x800e48b4 */
    &sUnitAnimDataBlob[756], /* orig 0x800e48bc */
    &sUnitAnimDataBlob[228], /* orig 0x800e46ac */
    &sUnitAnimDataBlob[232], /* orig 0x800e46b0 */
    &sUnitAnimDataBlob[4], /* orig 0x800e45cc */
    &sUnitAnimDataBlob[60], /* orig 0x800e4604 */
    &sUnitAnimDataBlob[764], /* orig 0x800e48c4 */
    &sUnitAnimDataBlob[772], /* orig 0x800e48cc */
};

u8 **gUnitAnimSets[489] = {
    (u8 **)0, /* unit 0, NULL in the original */
    (u8 **)sUnitAnimSet_0, /* unit 1, orig 0x800e72f4 */
    (u8 **)sUnitAnimSet_1, /* unit 2, orig 0x800e735c */
    (u8 **)sUnitAnimSet_2, /* unit 3, orig 0x800e73c4 */
    (u8 **)sUnitAnimSet_3, /* unit 4, orig 0x800e743c */
    (u8 **)sUnitAnimSet_4, /* unit 5, orig 0x800e74a4 */
    (u8 **)sUnitAnimSet_2, /* unit 6, orig 0x800e73c4 */
    (u8 **)sUnitAnimSet_5, /* unit 7, orig 0x800e750c */
    (u8 **)sUnitAnimSet_6, /* unit 8, orig 0x800e7574 */
    (u8 **)sUnitAnimSet_2, /* unit 9, orig 0x800e73c4 */
    (u8 **)sUnitAnimSet_7, /* unit 10, orig 0x800e75dc */
    (u8 **)sUnitAnimSet_8, /* unit 11, orig 0x800e7644 */
    (u8 **)sUnitAnimSet_2, /* unit 12, orig 0x800e73c4 */
    (u8 **)sUnitAnimSet_9, /* unit 13, orig 0x800e76ac */
    (u8 **)sUnitAnimSet_10, /* unit 14, orig 0x800e7714 */
    (u8 **)sUnitAnimSet_11, /* unit 15, orig 0x800e777c */
    (u8 **)sUnitAnimSet_12, /* unit 16, orig 0x800e77f4 */
    (u8 **)sUnitAnimSet_13, /* unit 17, orig 0x800e785c */
    (u8 **)sUnitAnimSet_14, /* unit 18, orig 0x800e78c4 */
    (u8 **)sUnitAnimSet_15, /* unit 19, orig 0x800e793c */
    (u8 **)sUnitAnimSet_16, /* unit 20, orig 0x800e79a4 */
    (u8 **)sUnitAnimSet_17, /* unit 21, orig 0x800e7a0c */
    (u8 **)sUnitAnimSet_18, /* unit 22, orig 0x800e7a84 */
    (u8 **)sUnitAnimSet_19, /* unit 23, orig 0x800e7aec */
    (u8 **)sUnitAnimSet_17, /* unit 24, orig 0x800e7a0c */
    (u8 **)sUnitAnimSet_9, /* unit 25, orig 0x800e76ac */
    (u8 **)sUnitAnimSet_20, /* unit 26, orig 0x800e7b54 */
    (u8 **)sUnitAnimSet_21, /* unit 27, orig 0x800e7bbc */
    (u8 **)sUnitAnimSet_22, /* unit 28, orig 0x800e7c24 */
    (u8 **)sUnitAnimSet_23, /* unit 29, orig 0x800e7c8c */
    (u8 **)sUnitAnimSet_24, /* unit 30, orig 0x800e7cf4 */
    (u8 **)sUnitAnimSet_25, /* unit 31, orig 0x800e7d5c */
    (u8 **)sUnitAnimSet_26, /* unit 32, orig 0x800e7dc4 */
    (u8 **)sUnitAnimSet_27, /* unit 33, orig 0x800e7e2c */
    (u8 **)sUnitAnimSet_28, /* unit 34, orig 0x800e7e94 */
    (u8 **)sUnitAnimSet_29, /* unit 35, orig 0x800e7efc */
    (u8 **)sUnitAnimSet_30, /* unit 36, orig 0x800e7f64 */
    (u8 **)sUnitAnimSet_31, /* unit 37, orig 0x800e7fcc */
    (u8 **)sUnitAnimSet_32, /* unit 38, orig 0x800e8034 */
    (u8 **)sUnitAnimSet_17, /* unit 39, orig 0x800e7a0c */
    (u8 **)sUnitAnimSet_33, /* unit 40, orig 0x800e809c */
    (u8 **)sUnitAnimSet_34, /* unit 41, orig 0x800e8104 */
    (u8 **)sUnitAnimSet_35, /* unit 42, orig 0x800e816c */
    (u8 **)sUnitAnimSet_36, /* unit 43, orig 0x800e81e4 */
    (u8 **)sUnitAnimSet_37, /* unit 44, orig 0x800e824c */
    (u8 **)sUnitAnimSet_14, /* unit 45, orig 0x800e78c4 */
    (u8 **)sUnitAnimSet_18, /* unit 46, orig 0x800e7a84 */
    (u8 **)sUnitAnimSet_38, /* unit 47, orig 0x800e82b4 */
    (u8 **)sUnitAnimSet_17, /* unit 48, orig 0x800e7a0c */
    (u8 **)sUnitAnimSet_39, /* unit 49, orig 0x800e831c */
    (u8 **)sUnitAnimSet_40, /* unit 50, orig 0x800e8384 */
    (u8 **)sUnitAnimSet_41, /* unit 51, orig 0x800e83ec */
    (u8 **)sUnitAnimSet_42, /* unit 52, orig 0x800e8454 */
    (u8 **)sUnitAnimSet_43, /* unit 53, orig 0x800e84bc */
    (u8 **)sUnitAnimSet_44, /* unit 54, orig 0x800e8524 */
    (u8 **)sUnitAnimSet_45, /* unit 55, orig 0x800e858c */
    (u8 **)sUnitAnimSet_46, /* unit 56, orig 0x800e85f4 */
    (u8 **)sUnitAnimSet_47, /* unit 57, orig 0x800e865c */
    (u8 **)sUnitAnimSet_48, /* unit 58, orig 0x800e86c4 */
    (u8 **)sUnitAnimSet_49, /* unit 59, orig 0x800e872c */
    (u8 **)sUnitAnimSet_50, /* unit 60, orig 0x800e8794 */
    (u8 **)sUnitAnimSet_51, /* unit 61, orig 0x800e87fc */
    (u8 **)sUnitAnimSet_52, /* unit 62, orig 0x800e885c */
    (u8 **)sUnitAnimSet_53, /* unit 63, orig 0x800e88bc */
    (u8 **)sUnitAnimSet_54, /* unit 64, orig 0x800e8934 */
    (u8 **)sUnitAnimSet_55, /* unit 65, orig 0x800e8994 */
    (u8 **)sUnitAnimSet_56, /* unit 66, orig 0x800e89f4 */
    (u8 **)sUnitAnimSet_57, /* unit 67, orig 0x800e8a54 */
    (u8 **)sUnitAnimSet_58, /* unit 68, orig 0x800e8ab4 */
    (u8 **)sUnitAnimSet_59, /* unit 69, orig 0x800e8b14 */
    (u8 **)sUnitAnimSet_60, /* unit 70, orig 0x800e8b74 */
    (u8 **)sUnitAnimSet_61, /* unit 71, orig 0x800e8bec */
    (u8 **)sUnitAnimSet_62, /* unit 72, orig 0x800e8c64 */
    (u8 **)sUnitAnimSet_63, /* unit 73, orig 0x800e8cc4 */
    (u8 **)sUnitAnimSet_64, /* unit 74, orig 0x800e8d24 */
    (u8 **)sUnitAnimSet_65, /* unit 75, orig 0x800e8d9c */
    (u8 **)sUnitAnimSet_66, /* unit 76, orig 0x800e8e14 */
    (u8 **)sUnitAnimSet_67, /* unit 77, orig 0x800e8e74 */
    (u8 **)sUnitAnimSet_68, /* unit 78, orig 0x800e8ed4 */
    (u8 **)sUnitAnimSet_69, /* unit 79, orig 0x800e8f34 */
    (u8 **)sUnitAnimSet_70, /* unit 80, orig 0x800e8f94 */
    (u8 **)sUnitAnimSet_71, /* unit 81, orig 0x800e8ff4 */
    (u8 **)sUnitAnimSet_72, /* unit 82, orig 0x800e9054 */
    (u8 **)sUnitAnimSet_73, /* unit 83, orig 0x800e90b4 */
    (u8 **)sUnitAnimSet_74, /* unit 84, orig 0x800e9114 */
    (u8 **)sUnitAnimSet_0, /* unit 85, orig 0x800e72f4 */
    (u8 **)sUnitAnimSet_0, /* unit 86, orig 0x800e72f4 */
    (u8 **)sUnitAnimSet_0, /* unit 87, orig 0x800e72f4 */
    (u8 **)sUnitAnimSet_75, /* unit 88, orig 0x800e918c */
    (u8 **)sUnitAnimSet_76, /* unit 89, orig 0x800e91ec */
    (u8 **)sUnitAnimSet_77, /* unit 90, orig 0x800e924c */
    (u8 **)sUnitAnimSet_78, /* unit 91, orig 0x800e92c4 */
    (u8 **)sUnitAnimSet_79, /* unit 92, orig 0x800e933c */
    (u8 **)sUnitAnimSet_80, /* unit 93, orig 0x800e939c */
    (u8 **)sUnitAnimSet_81, /* unit 94, orig 0x800e9404 */
    (u8 **)sUnitAnimSet_80, /* unit 95, orig 0x800e939c */
    (u8 **)sUnitAnimSet_82, /* unit 96, orig 0x800e9464 */
    (u8 **)sUnitAnimSet_83, /* unit 97, orig 0x800e94c4 */
    (u8 **)sUnitAnimSet_84, /* unit 98, orig 0x800e9524 */
    (u8 **)sUnitAnimSet_85, /* unit 99, orig 0x800e9584 */
    (u8 **)sUnitAnimSet_86, /* unit 100, orig 0x800e95e4 */
    (u8 **)sUnitAnimSet_74, /* unit 101, orig 0x800e9114 */
    (u8 **)sUnitAnimSet_74, /* unit 102, orig 0x800e9114 */
    (u8 **)sUnitAnimSet_87, /* unit 103, orig 0x800e9644 */
    (u8 **)sUnitAnimSet_88, /* unit 104, orig 0x800e96a4 */
    (u8 **)sUnitAnimSet_89, /* unit 105, orig 0x800e9704 */
    (u8 **)sUnitAnimSet_90, /* unit 106, orig 0x800e9764 */
    (u8 **)sUnitAnimSet_91, /* unit 107, orig 0x800e97c4 */
    (u8 **)sUnitAnimSet_92, /* unit 108, orig 0x800e9824 */
    (u8 **)sUnitAnimSet_93, /* unit 109, orig 0x800e9884 */
    (u8 **)sUnitAnimSet_94, /* unit 110, orig 0x800e98e4 */
    (u8 **)sUnitAnimSet_95, /* unit 111, orig 0x800e9944 */
    (u8 **)sUnitAnimSet_96, /* unit 112, orig 0x800e99bc */
    (u8 **)sUnitAnimSet_97, /* unit 113, orig 0x800e9a1c */
    (u8 **)sUnitAnimSet_98, /* unit 114, orig 0x800e9a7c */
    (u8 **)sUnitAnimSet_99, /* unit 115, orig 0x800e9adc */
    (u8 **)sUnitAnimSet_100, /* unit 116, orig 0x800e9b3c */
    (u8 **)sUnitAnimSet_101, /* unit 117, orig 0x800e9b9c */
    (u8 **)sUnitAnimSet_102, /* unit 118, orig 0x800e9bfc */
    (u8 **)sUnitAnimSet_103, /* unit 119, orig 0x800e9c5c */
    (u8 **)sUnitAnimSet_104, /* unit 120, orig 0x800e9cbc */
    (u8 **)sUnitAnimSet_105, /* unit 121, orig 0x800e9d1c */
    (u8 **)sUnitAnimSet_106, /* unit 122, orig 0x800e9d94 */
    (u8 **)sUnitAnimSet_107, /* unit 123, orig 0x800e9df4 */
    (u8 **)sUnitAnimSet_108, /* unit 124, orig 0x800e9e54 */
    (u8 **)sUnitAnimSet_109, /* unit 125, orig 0x800e9eb4 */
    (u8 **)sUnitAnimSet_110, /* unit 126, orig 0x800e9f14 */
    (u8 **)sUnitAnimSet_111, /* unit 127, orig 0x800e9f74 */
    (u8 **)sUnitAnimSet_112, /* unit 128, orig 0x800e9fec */
    (u8 **)sUnitAnimSet_113, /* unit 129, orig 0x800ea04c */
    (u8 **)sUnitAnimSet_114, /* unit 130, orig 0x800ea0c4 */
    (u8 **)sUnitAnimSet_0, /* unit 131, orig 0x800e72f4 */
    (u8 **)sUnitAnimSet_0, /* unit 132, orig 0x800e72f4 */
    (u8 **)sUnitAnimSet_115, /* unit 133, orig 0x800ea124 */
    (u8 **)sUnitAnimSet_0, /* unit 134, orig 0x800e72f4 */
    (u8 **)sUnitAnimSet_0, /* unit 135, orig 0x800e72f4 */
    (u8 **)sUnitAnimSet_78, /* unit 136, orig 0x800e92c4 */
    (u8 **)sUnitAnimSet_78, /* unit 137, orig 0x800e92c4 */
    (u8 **)sUnitAnimSet_51, /* unit 138, orig 0x800e87fc */
    (u8 **)sUnitAnimSet_92, /* unit 139, orig 0x800e9824 */
    (u8 **)sUnitAnimSet_77, /* unit 140, orig 0x800e924c */
    (u8 **)sUnitAnimSet_90, /* unit 141, orig 0x800e9764 */
    (u8 **)sUnitAnimSet_88, /* unit 142, orig 0x800e96a4 */
    (u8 **)sUnitAnimSet_82, /* unit 143, orig 0x800e9464 */
    /* indices 144..488: implicit NULL -- safety widening, see include/graphics.h */
};
