STARTFONT 2.1
FONT -gnu-Unifont-Medium-R-Normal-Sans-16-160-75-75-c-80-iso10646-1
SIZE 16 75 75
FONTBOUNDINGBOX 16 16 0 -2
STARTPROPERTIES 24
COPYRIGHT "Copyright (C) 1998-2025 Roman Czyborra, Paul Hardy, Qianqian Fang, Andrew Miller, Johnnie Weaver, David Corbett, Ælla Chiana Moskopp, Rebecca Bettencourt, Minseo Lee, Ho-Seok Ee, et al. License: SIL Open Font License version 1.1 and GPLv2+: GNU GPL version 2 or later <http://gnu.org/licenses/gpl.html> with the GNU Font Embedding Exception."
FONT_VERSION "17.0.03"
FONT_TYPE "Bitmap"
FOUNDRY "GNU"
FAMILY_NAME "Unifont"
WEIGHT_NAME "Medium"
SLANT "R"
SETWIDTH_NAME "Normal"
ADD_STYLE_NAME "Sans Serif"
PIXEL_SIZE 16
POINT_SIZE 160
RESOLUTION_X 75
RESOLUTION_Y 75
SPACING "C"
AVERAGE_WIDTH 80
CHARSET_REGISTRY "ISO10646"
CHARSET_ENCODING "1"
UNDERLINE_POSITION -2
UNDERLINE_THICKNESS 1
CAP_HEIGHT 10
X_HEIGHT 8
FONT_ASCENT 14
FONT_DESCENT 2
DEFAULT_CHAR 65533
ENDPROPERTIES
CHARS 849
STARTCHAR U+00A0
ENCODING 160
SWIDTH 500 0
DWIDTH 8 0
BBX 8 16 0 -2
BITMAP 
00
00
00
00
00
00
00
00
00
00
00
00
00
00
00
00
ENDCHAR
STARTCHAR U+00A1
ENCODING 161
SWIDTH 500 0
DWIDTH 8 0
BBX 8 16 0 -2
BITMAP 
00
00
00
00
08
08
00
08
08
08
08
08
08
08
00
00
ENDCHAR
STARTCHAR U+00A2
ENCODING 162
SWIDTH 500 0
DWIDTH 8 0
BBX 8 16 0 -2
BITMAP 
00
00
00
00
08
08
3E
49
48
48
49
3E
08
08
00
00
ENDCHAR
STARTCHAR U+00A3
ENCODING 163
SWIDTH 500 0
DWIDTH 8 0
BBX 8 16 0 -2
BITMAP 
00
00
00
00
0E
10
10
10
7C
10
10
10
3E
61
00
00
ENDCHAR
STARTCHAR U+00A4
ENCODING 164
SWIDTH 500 0
DWIDTH 8 0
BBX 8 16 0 -2
BITMAP 
00
00
00
00
00
42
3C
24
42
42
24
3C
42
00
00
00
ENDCHAR
STARTCHAR U+00A5
ENCODING 165
SWIDTH 500 0
DWIDTH 8 0
BBX 8 16 0 -2
BITMAP 
00
00
00
00
41
22
14
08
7F
08
7F
08
08
08
00
00
ENDCHAR
STARTCHAR U+00A6
ENCODING 166
SWIDTH 500 0
DWIDTH 8 0
BBX 8 16 0 -2
BITMAP 
00
00
00
00
08
08
08
08
00
00
08
08
08
08
00
00
ENDCHAR
STARTCHAR U+00A7
ENCODING 167
SWIDTH 500 0
DWIDTH 8 0
BBX 8 16 0 -2
BITMAP 
00
00
00
00
3C
42
40
3C
42
42
3C
02
42
3C
00
00
ENDCHAR
STARTCHAR U+00A8
ENCODING 168
SWIDTH 500 0
DWIDTH 8 0
BBX 8 16 0 -2
BITMAP 
24
24
00
00
00
00
00
00
00
00
00
00
00
00
00
00
ENDCHAR
STARTCHAR U+00A9
ENCODING 169
SWIDTH 500 0
DWIDTH 8 0
BBX 8 16 0 -2
BITMAP 
00
00
00
00
3C
42
99
A5
A1
A1
A5
99
42
3C
00
00
ENDCHAR
STARTCHAR U+00AA
ENCODING 170
SWIDTH 500 0
DWIDTH 8 0
BBX 8 16 0 -2
BITMAP 
00
00
1C
02
1E
22
1E
00
3E
00
00
00
00
00
00
00
ENDCHAR
STARTCHAR U+00AB
ENCODING 171
SWIDTH 500 0
DWIDTH 8 0
BBX 8 16 0 -2
BITMAP 
00
00
00
00
00
12
12
24
24
48
24
24
12
12
00
00
ENDCHAR
STARTCHAR U+00AC
ENCODING 172
SWIDTH 500 0
DWIDTH 8 0
BBX 8 16 0 -2
BITMAP 
00
00
00
00
00
00
00
00
00
00
7E
02
02
02
00
00
ENDCHAR
STARTCHAR U+00AD
ENCODING 173
SWIDTH 1000 0
DWIDTH 16 0
BBX 16 16 0 -2
BITMAP 
AAAA
0001
8000
3A63
C254
33C9
8A48
7249
8000
0001
8000
03C1
8000
0001
8000
5555
ENDCHAR
STARTCHAR U+00AE
ENCODING 174
SWIDTH 500 0
DWIDTH 8 0
BBX 8 16 0 -2
BITMAP 
00
00
00
00
3C
42
B9
A5
A5
B9
A9
A5
42
3C
00
00
ENDCHAR
STARTCHAR U+00AF
ENCODING 175
SWIDTH 500 0
DWIDTH 8 0
BBX 8 16 0 -2
BITMAP 
00
00
7E
00
00
00
00
00
00
00
00
00
00
00
00
00
ENDCHAR
STARTCHAR U+00B0
ENCODING 176
SWIDTH 500 0
DWIDTH 8 0
BBX 8 16 0 -2
BITMAP 
00
00
00
00
18
24
24
18
00
00
00
00
00
00
00
00
ENDCHAR
STARTCHAR U+00B1
ENCODING 177
SWIDTH 500 0
DWIDTH 8 0
BBX 8 16 0 -2
BITMAP 
00
00
00
00
08
08
08
7F
08
08
08
00
7F
00
00
00
ENDCHAR
STARTCHAR U+00B2
ENCODING 178
SWIDTH 500 0
DWIDTH 8 0
BBX 8 16 0 -2
BITMAP 
00
00
00
38
44
04
18
20
40
7C
00
00
00
00
00
00
ENDCHAR
STARTCHAR U+00B3
ENCODING 179
SWIDTH 500 0
DWIDTH 8 0
BBX 8 16 0 -2
BITMAP 
00
00
00
38
44
04
38
04
44
38
00
00
00
00
00
00
ENDCHAR
STARTCHAR U+00B4
ENCODING 180
SWIDTH 500 0
DWIDTH 8 0
BBX 8 16 0 -2
BITMAP 
00
04
08
10
00
00
00
00
00
00
00
00
00
00
00
00
ENDCHAR
STARTCHAR U+00B5
ENCODING 181
SWIDTH 500 0
DWIDTH 8 0
BBX 8 16 0 -2
BITMAP 
00
00
00
00
00
00
42
42
42
42
42
42
66
59
40
80
ENDCHAR
STARTCHAR U+00B6
ENCODING 182
SWIDTH 500 0
DWIDTH 8 0
BBX 8 16 0 -2
BITMAP 
00
00
00
00
3F
7A
7A
7A
3A
0A
0A
0A
0A
0A
0A
00
ENDCHAR
STARTCHAR U+00B7
ENCODING 183
SWIDTH 500 0
DWIDTH 8 0
BBX 8 16 0 -2
BITMAP 
00
00
00
00
00
00
00
00
18
18
00
00
00
00
00
00
ENDCHAR
STARTCHAR U+00B8
ENCODING 184
SWIDTH 500 0
DWIDTH 8 0
BBX 8 16 0 -2
BITMAP 
00
00
00
00
00
00
00
00
00
00
00
00
00
00
08
30
ENDCHAR
STARTCHAR U+00B9
ENCODING 185
SWIDTH 500 0
DWIDTH 8 0
BBX 8 16 0 -2
BITMAP 
00
00
00
10
30
50
10
10
10
7C
00
00
00
00
00
00
ENDCHAR
STARTCHAR U+00BA
ENCODING 186
SWIDTH 500 0
DWIDTH 8 0
BBX 8 16 0 -2
BITMAP 
00
00
1C
22
22
22
1C
00
3E
00
00
00
00
00
00
00
ENDCHAR
STARTCHAR U+00BB
ENCODING 187
SWIDTH 500 0
DWIDTH 8 0
BBX 8 16 0 -2
BITMAP 
00
00
00
00
00
48
48
24
24
12
24
24
48
48
00
00
ENDCHAR
STARTCHAR U+00BC
ENCODING 188
SWIDTH 500 0
DWIDTH 8 0
BBX 8 16 0 -2
BITMAP 
00
00
00
00
22
62
24
28
28
12
16
2A
4E
42
00
00
ENDCHAR
STARTCHAR U+00BD
ENCODING 189
SWIDTH 500 0
DWIDTH 8 0
BBX 8 16 0 -2
BITMAP 
00
00
00
00
22
62
24
28
28
14
1A
22
44
4E
00
00
ENDCHAR
STARTCHAR U+00BE
ENCODING 190
SWIDTH 500 0
DWIDTH 8 0
BBX 8 16 0 -2
BITMAP 
00
00
00
00
62
12
24
18
68
12
16
2A
4E
42
00
00
ENDCHAR
STARTCHAR U+00BF
ENCODING 191
SWIDTH 500 0
DWIDTH 8 0
BBX 8 16 0 -2
BITMAP 
00
00
00
00
10
10
00
10
10
20
40
42
42
3C
00
00
ENDCHAR
STARTCHAR U+00C0
ENCODING 192
SWIDTH 500 0
DWIDTH 8 0
BBX 8 16 0 -2
BITMAP 
30
0C
00
00
18
24
24
42
42
7E
42
42
42
42
00
00
ENDCHAR
STARTCHAR U+00C1
ENCODING 193
SWIDTH 500 0
DWIDTH 8 0
BBX 8 16 0 -2
BITMAP 
0C
30
00
00
18
24
24
42
42
7E
42
42
42
42
00
00
ENDCHAR
STARTCHAR U+00C2
ENCODING 194
SWIDTH 500 0
DWIDTH 8 0
BBX 8 16 0 -2
BITMAP 
18
24
00
00
18
24
24
42
42
7E
42
42
42
42
00
00
ENDCHAR
STARTCHAR U+00C3
ENCODING 195
SWIDTH 500 0
DWIDTH 8 0
BBX 8 16 0 -2
BITMAP 
32
4C
00
00
18
24
24
42
42
7E
42
42
42
42
00
00
ENDCHAR
STARTCHAR U+00C4
ENCODING 196
SWIDTH 500 0
DWIDTH 8 0
BBX 8 16 0 -2
BITMAP 
24
24
00
00
18
24
24
42
42
7E
42
42
42
42
00
00
ENDCHAR
STARTCHAR U+00C5
ENCODING 197
SWIDTH 500 0
DWIDTH 8 0
BBX 8 16 0 -2
BITMAP 
18
24
18
00
18
24
24
42
42
7E
42
42
42
42
00
00
ENDCHAR
STARTCHAR U+00C6
ENCODING 198
SWIDTH 500 0
DWIDTH 8 0
BBX 8 16 0 -2
BITMAP 
00
00
00
00
1F
28
48
48
7F
48
48
48
48
4F
00
00
ENDCHAR
STARTCHAR U+00C7
ENCODING 199
SWIDTH 500 0
DWIDTH 8 0
BBX 8 16 0 -2
BITMAP 
00
00
00
00
3C
42
42
40
40
40
40
42
42
3C
08
30
ENDCHAR
STARTCHAR U+00C8
ENCODING 200
SWIDTH 500 0
DWIDTH 8 0
BBX 8 16 0 -2
BITMAP 
30
0C
00
00
7E
40
40
40
7C
40
40
40
40
7E
00
00
ENDCHAR
STARTCHAR U+00C9
ENCODING 201
SWIDTH 500 0
DWIDTH 8 0
BBX 8 16 0 -2
BITMAP 
0C
30
00
00
7E
40
40
40
7C
40
40
40
40
7E
00
00
ENDCHAR
STARTCHAR U+00CA
ENCODING 202
SWIDTH 500 0
DWIDTH 8 0
BBX 8 16 0 -2
BITMAP 
18
24
00
00
7E
40
40
40
7C
40
40
40
40
7E
00
00
ENDCHAR
STARTCHAR U+00CB
ENCODING 203
SWIDTH 500 0
DWIDTH 8 0
BBX 8 16 0 -2
BITMAP 
24
24
00
00
7E
40
40
40
7C
40
40
40
40
7E
00
00
ENDCHAR
STARTCHAR U+00CC
ENCODING 204
SWIDTH 500 0
DWIDTH 8 0
BBX 8 16 0 -2
BITMAP 
18
06
00
00
3E
08
08
08
08
08
08
08
08
3E
00
00
ENDCHAR
STARTCHAR U+00CD
ENCODING 205
SWIDTH 500 0
DWIDTH 8 0
BBX 8 16 0 -2
BITMAP 
0C
30
00
00
3E
08
08
08
08
08
08
08
08
3E
00
00
ENDCHAR
STARTCHAR U+00CE
ENCODING 206
SWIDTH 500 0
DWIDTH 8 0
BBX 8 16 0 -2
BITMAP 
18
24
00
00
3E
08
08
08
08
08
08
08
08
3E
00
00
ENDCHAR
STARTCHAR U+00CF
ENCODING 207
SWIDTH 500 0
DWIDTH 8 0
BBX 8 16 0 -2
BITMAP 
24
24
00
00
3E
08
08
08
08
08
08
08
08
3E
00
00
ENDCHAR
STARTCHAR U+00D0
ENCODING 208
SWIDTH 500 0
DWIDTH 8 0
BBX 8 16 0 -2
BITMAP 
00
00
00
00
78
44
42
42
F2
42
42
42
44
78
00
00
ENDCHAR
STARTCHAR U+00D1
ENCODING 209
SWIDTH 500 0
DWIDTH 8 0
BBX 8 16 0 -2
BITMAP 
32
4C
00
00
42
62
62
52
52
4A
4A
46
46
42
00
00
ENDCHAR
STARTCHAR U+00D2
ENCODING 210
SWIDTH 500 0
DWIDTH 8 0
BBX 8 16 0 -2
BITMAP 
30
0C
00
00
3C
42
42
42
42
42
42
42
42
3C
00
00
ENDCHAR
STARTCHAR U+00D3
ENCODING 211
SWIDTH 500 0
DWIDTH 8 0
BBX 8 16 0 -2
BITMAP 
0C
30
00
00
3C
42
42
42
42
42
42
42
42
3C
00
00
ENDCHAR
STARTCHAR U+00D4
ENCODING 212
SWIDTH 500 0
DWIDTH 8 0
BBX 8 16 0 -2
BITMAP 
18
24
00
00
3C
42
42
42
42
42
42
42
42
3C
00
00
ENDCHAR
STARTCHAR U+00D5
ENCODING 213
SWIDTH 500 0
DWIDTH 8 0
BBX 8 16 0 -2
BITMAP 
32
4C
00
00
3C
42
42
42
42
42
42
42
42
3C
00
00
ENDCHAR
STARTCHAR U+00D6
ENCODING 214
SWIDTH 500 0
DWIDTH 8 0
BBX 8 16 0 -2
BITMAP 
24
24
00
00
3C
42
42
42
42
42
42
42
42
3C
00
00
ENDCHAR
STARTCHAR U+00D7
ENCODING 215
SWIDTH 500 0
DWIDTH 8 0
BBX 8 16 0 -2
BITMAP 
00
00
00
00
00
00
00
42
24
18
24
42
00
00
00
00
ENDCHAR
STARTCHAR U+00D8
ENCODING 216
SWIDTH 500 0
DWIDTH 8 0
BBX 8 16 0 -2
BITMAP 
00
00
00
02
3A
44
46
4A
4A
52
52
62
22
5C
40
00
ENDCHAR
STARTCHAR U+00D9
ENCODING 217
SWIDTH 500 0
DWIDTH 8 0
BBX 8 16 0 -2
BITMAP 
30
0C
00
00
42
42
42
42
42
42
42
42
42
3C
00
00
ENDCHAR
STARTCHAR U+00DA
ENCODING 218
SWIDTH 500 0
DWIDTH 8 0
BBX 8 16 0 -2
BITMAP 
0C
30
00
00
42
42
42
42
42
42
42
42
42
3C
00
00
ENDCHAR
STARTCHAR U+00DB
ENCODING 219
SWIDTH 500 0
DWIDTH 8 0
BBX 8 16 0 -2
BITMAP 
18
24
00
00
42
42
42
42
42
42
42
42
42
3C
00
00
ENDCHAR
STARTCHAR U+00DC
ENCODING 220
SWIDTH 500 0
DWIDTH 8 0
BBX 8 16 0 -2
BITMAP 
24
24
00
00
42
42
42
42
42
42
42
42
42
3C
00
00
ENDCHAR
STARTCHAR U+00DD
ENCODING 221
SWIDTH 500 0
DWIDTH 8 0
BBX 8 16 0 -2
BITMAP 
0C
30
00
00
41
41
22
22
14
08
08
08
08
08
00
00
ENDCHAR
STARTCHAR U+00DE
ENCODING 222
SWIDTH 500 0
DWIDTH 8 0
BBX 8 16 0 -2
BITMAP 
00
00
00
40
40
78
44
42
42
44
78
40
40
40
00
00
ENDCHAR
STARTCHAR U+00DF
ENCODING 223
SWIDTH 500 0
DWIDTH 8 0
BBX 8 16 0 -2
BITMAP 
00
00
00
00
38
44
44
48
58
44
42
42
52
4C
00
00
ENDCHAR
STARTCHAR U+00E0
ENCODING 224
SWIDTH 500 0
DWIDTH 8 0
BBX 8 16 0 -2
BITMAP 
00
00
30
0C
00
00
3C
42
02
3E
42
42
46
3A
00
00
ENDCHAR
STARTCHAR U+00E1
ENCODING 225
SWIDTH 500 0
DWIDTH 8 0
BBX 8 16 0 -2
BITMAP 
00
00
0C
30
00
00
3C
42
02
3E
42
42
46
3A
00
00
ENDCHAR
STARTCHAR U+00E2
ENCODING 226
SWIDTH 500 0
DWIDTH 8 0
BBX 8 16 0 -2
BITMAP 
00
00
18
24
00
00
3C
42
02
3E
42
42
46
3A
00
00
ENDCHAR
STARTCHAR U+00E3
ENCODING 227
SWIDTH 500 0
DWIDTH 8 0
BBX 8 16 0 -2
BITMAP 
00
00
32
4C
00
00
3C
42
02
3E
42
42
46
3A
00
00
ENDCHAR
STARTCHAR U+00E4
ENCODING 228
SWIDTH 500 0
DWIDTH 8 0
BBX 8 16 0 -2
BITMAP 
00
00
24
24
00
00
3C
42
02
3E
42
42
46
3A
00
00
ENDCHAR
STARTCHAR U+00E5
ENCODING 229
SWIDTH 500 0
DWIDTH 8 0
BBX 8 16 0 -2
BITMAP 
00
18
24
18
00
00
3C
42
02
3E
42
42
46
3A
00
00
ENDCHAR
STARTCHAR U+00E6
ENCODING 230
SWIDTH 500 0
DWIDTH 8 0
BBX 8 16 0 -2
BITMAP 
00
00
00
00
00
00
3E
49
09
3F
48
48
49
3E
00
00
ENDCHAR
STARTCHAR U+00E7
ENCODING 231
SWIDTH 500 0
DWIDTH 8 0
BBX 8 16 0 -2
BITMAP 
00
00
00
00
00
00
3C
42
40
40
40
40
42
3C
08
30
ENDCHAR
STARTCHAR U+00E8
ENCODING 232
SWIDTH 500 0
DWIDTH 8 0
BBX 8 16 0 -2
BITMAP 
00
00
30
0C
00
00
3C
42
42
7E
40
40
42
3C
00
00
ENDCHAR
STARTCHAR U+00E9
ENCODING 233
SWIDTH 500 0
DWIDTH 8 0
BBX 8 16 0 -2
BITMAP 
00
00
0C
30
00
00
3C
42
42
7E
40
40
42
3C
00
00
ENDCHAR
STARTCHAR U+00EA
ENCODING 234
SWIDTH 500 0
DWIDTH 8 0
BBX 8 16 0 -2
BITMAP 
00
00
18
24
00
00
3C
42
42
7E
40
40
42
3C
00
00
ENDCHAR
STARTCHAR U+00EB
ENCODING 235
SWIDTH 500 0
DWIDTH 8 0
BBX 8 16 0 -2
BITMAP 
00
00
24
24
00
00
3C
42
42
7E
40
40
42
3C
00
00
ENDCHAR
STARTCHAR U+00EC
ENCODING 236
SWIDTH 500 0
DWIDTH 8 0
BBX 8 16 0 -2
BITMAP 
00
00
30
0C
00
00
18
08
08
08
08
08
08
3E
00
00
ENDCHAR
STARTCHAR U+00ED
ENCODING 237
SWIDTH 500 0
DWIDTH 8 0
BBX 8 16 0 -2
BITMAP 
00
00
0C
30
00
00
18
08
08
08
08
08
08
3E
00
00
ENDCHAR
STARTCHAR U+00EE
ENCODING 238
SWIDTH 500 0
DWIDTH 8 0
BBX 8 16 0 -2
BITMAP 
00
00
18
24
00
00
18
08
08
08
08
08
08
3E
00
00
ENDCHAR
STARTCHAR U+00EF
ENCODING 239
SWIDTH 500 0
DWIDTH 8 0
BBX 8 16 0 -2
BITMAP 
00
00
24
24
00
00
18
08
08
08
08
08
08
3E
00
00
ENDCHAR
STARTCHAR U+00F0
ENCODING 240
SWIDTH 500 0
DWIDTH 8 0
BBX 8 16 0 -2
BITMAP 
00
00
32
0C
14
22
02
3E
42
42
42
42
42
3C
00
00
ENDCHAR
STARTCHAR U+00F1
ENCODING 241
SWIDTH 500 0
DWIDTH 8 0
BBX 8 16 0 -2
BITMAP 
00
00
32
4C
00
00
5C
62
42
42
42
42
42
42
00
00
ENDCHAR
STARTCHAR U+00F2
ENCODING 242
SWIDTH 500 0
DWIDTH 8 0
BBX 8 16 0 -2
BITMAP 
00
00
30
0C
00
00
3C
42
42
42
42
42
42
3C
00
00
ENDCHAR
STARTCHAR U+00F3
ENCODING 243
SWIDTH 500 0
DWIDTH 8 0
BBX 8 16 0 -2
BITMAP 
00
00
0C
30
00
00
3C
42
42
42
42
42
42
3C
00
00
ENDCHAR
STARTCHAR U+00F4
ENCODING 244
SWIDTH 500 0
DWIDTH 8 0
BBX 8 16 0 -2
BITMAP 
00
00
18
24
00
00
3C
42
42
42
42
42
42
3C
00
00
ENDCHAR
STARTCHAR U+00F5
ENCODING 245
SWIDTH 500 0
DWIDTH 8 0
BBX 8 16 0 -2
BITMAP 
00
00
32
4C
00
00
3C
42
42
42
42
42
42
3C
00
00
ENDCHAR
STARTCHAR U+00F6
ENCODING 246
SWIDTH 500 0
DWIDTH 8 0
BBX 8 16 0 -2
BITMAP 
00
00
24
24
00
00
3C
42
42
42
42
42
42
3C
00
00
ENDCHAR
STARTCHAR U+00F7
ENCODING 247
SWIDTH 500 0
DWIDTH 8 0
BBX 8 16 0 -2
BITMAP 
00
00
00
00
00
00
18
00
00
7E
00
00
18
00
00
00
ENDCHAR
STARTCHAR U+00F8
ENCODING 248
SWIDTH 500 0
DWIDTH 8 0
BBX 8 16 0 -2
BITMAP 
00
00
00
00
00
02
3C
46
4A
4A
52
52
62
3C
40
00
ENDCHAR
STARTCHAR U+00F9
ENCODING 249
SWIDTH 500 0
DWIDTH 8 0
BBX 8 16 0 -2
BITMAP 
00
00
30
0C
00
00
42
42
42
42
42
42
46
3A
00
00
ENDCHAR
STARTCHAR U+00FA
ENCODING 250
SWIDTH 500 0
DWIDTH 8 0
BBX 8 16 0 -2
BITMAP 
00
00
0C
30
00
00
42
42
42
42
42
42
46
3A
00
00
ENDCHAR
STARTCHAR U+00FB
ENCODING 251
SWIDTH 500 0
DWIDTH 8 0
BBX 8 16 0 -2
BITMAP 
00
00
18
24
00
00
42
42
42
42
42
42
46
3A
00
00
ENDCHAR
STARTCHAR U+00FC
ENCODING 252
SWIDTH 500 0
DWIDTH 8 0
BBX 8 16 0 -2
BITMAP 
00
00
24
24
00
00
42
42
42
42
42
42
46
3A
00
00
ENDCHAR
STARTCHAR U+00FD
ENCODING 253
SWIDTH 500 0
DWIDTH 8 0
BBX 8 16 0 -2
BITMAP 
00
00
0C
30
00
00
42
42
42
42
42
26
1A
02
02
3C
ENDCHAR
STARTCHAR U+00FE
ENCODING 254
SWIDTH 500 0
DWIDTH 8 0
BBX 8 16 0 -2
BITMAP 
00
00
00
40
40
40
5C
62
42
42
42
42
62
5C
40
40
ENDCHAR
STARTCHAR U+00FF
ENCODING 255
SWIDTH 500 0
DWIDTH 8 0
BBX 8 16 0 -2
BITMAP 
00
00
24
24
00
00
42
42
42
42
42
26
1A
02
02
3C
ENDCHAR
STARTCHAR U+0100
ENCODING 256
SWIDTH 500 0
DWIDTH 8 0
BBX 8 16 0 -2
BITMAP 
00
3C
00
00
18
24
24
42
42
7E
42
42
42
42
00
00
ENDCHAR
STARTCHAR U+0101
ENCODING 257
SWIDTH 500 0
DWIDTH 8 0
BBX 8 16 0 -2
BITMAP 
00
00
00
3C
00
00
3C
42
02
3E
42
42
46
3A
00
00
ENDCHAR
STARTCHAR U+0102
ENCODING 258
SWIDTH 500 0
DWIDTH 8 0
BBX 8 16 0 -2
BITMAP 
42
42
3C
00
18
24
24
42
42
7E
42
42
42
42
00
00
ENDCHAR
STARTCHAR U+0103
ENCODING 259
SWIDTH 500 0
DWIDTH 8 0
BBX 8 16 0 -2
BITMAP 
00
42
42
3C
00
00
3C
42
02
3E
42
42
46
3A
00
00
ENDCHAR
STARTCHAR U+0104
ENCODING 260
SWIDTH 500 0
DWIDTH 8 0
BBX 8 16 0 -2
BITMAP 
00
00
00
00
18
24
24
42
42
7E
42
42
42
42
04
03
ENDCHAR
STARTCHAR U+0105
ENCODING 261
SWIDTH 500 0
DWIDTH 8 0
BBX 8 16 0 -2
BITMAP 
00
00
00
00
00
00
3C
42
02
3E
42
42
46
3A
04
03
ENDCHAR
STARTCHAR U+0106
ENCODING 262
SWIDTH 500 0
DWIDTH 8 0
BBX 8 16 0 -2
BITMAP 
0C
30
00
00
3C
42
42
40
40
40
40
42
42
3C
00
00
ENDCHAR
STARTCHAR U+0107
ENCODING 263
SWIDTH 500 0
DWIDTH 8 0
BBX 8 16 0 -2
BITMAP 
00
00
0C
30
00
00
3C
42
40
40
40
40
42
3C
00
00
ENDCHAR
STARTCHAR U+0108
ENCODING 264
SWIDTH 500 0
DWIDTH 8 0
BBX 8 16 0 -2
BITMAP 
18
24
00
00
3C
42
42
40
40
40
40
42
42
3C
00
00
ENDCHAR
STARTCHAR U+0109
ENCODING 265
SWIDTH 500 0
DWIDTH 8 0
BBX 8 16 0 -2
BITMAP 
00
00
18
24
00
00
3C
42
40
40
40
40
42
3C
00
00
ENDCHAR
STARTCHAR U+010A
ENCODING 266
SWIDTH 500 0
DWIDTH 8 0
BBX 8 16 0 -2
BITMAP 
10
10
00
00
3C
42
42
40
40
40
40
42
42
3C
00
00
ENDCHAR
STARTCHAR U+010B
ENCODING 267
SWIDTH 500 0
DWIDTH 8 0
BBX 8 16 0 -2
BITMAP 
00
00
10
10
00
00
3C
42
40
40
40
40
42
3C
00
00
ENDCHAR
STARTCHAR U+010C
ENCODING 268
SWIDTH 500 0
DWIDTH 8 0
BBX 8 16 0 -2
BITMAP 
24
18
00
00
3C
42
42
40
40
40
40
42
42
3C
00
00
ENDCHAR
STARTCHAR U+010D
ENCODING 269
SWIDTH 500 0
DWIDTH 8 0
BBX 8 16 0 -2
BITMAP 
00
00
24
18
00
00
3C
42
40
40
40
40
42
3C
00
00
ENDCHAR
STARTCHAR U+010E
ENCODING 270
SWIDTH 500 0
DWIDTH 8 0
BBX 8 16 0 -2
BITMAP 
48
30
00
00
78
44
42
42
42
42
42
42
44
78
00
00
ENDCHAR
STARTCHAR U+010F
ENCODING 271
SWIDTH 500 0
DWIDTH 8 0
BBX 8 16 0 -2
BITMAP 
00
00
00
16
12
12
54
B0
90
90
90
90
B0
50
00
00
ENDCHAR
STARTCHAR U+0110
ENCODING 272
SWIDTH 500 0
DWIDTH 8 0
BBX 8 16 0 -2
BITMAP 
00
00
00
00
78
44
42
42
F2
42
42
42
44
78
00
00
ENDCHAR
STARTCHAR U+0111
ENCODING 273
SWIDTH 500 0
DWIDTH 8 0
BBX 8 16 0 -2
BITMAP 
00
00
00
02
0F
02
3A
46
42
42
42
42
46
3A
00
00
ENDCHAR
STARTCHAR U+0112
ENCODING 274
SWIDTH 500 0
DWIDTH 8 0
BBX 8 16 0 -2
BITMAP 
00
3C
00
00
7E
40
40
40
7C
40
40
40
40
7E
00
00
ENDCHAR
STARTCHAR U+0113
ENCODING 275
SWIDTH 500 0
DWIDTH 8 0
BBX 8 16 0 -2
BITMAP 
00
00
00
3C
00
00
3C
42
42
7E
40
40
42
3C
00
00
ENDCHAR
STARTCHAR U+0114
ENCODING 276
SWIDTH 500 0
DWIDTH 8 0
BBX 8 16 0 -2
BITMAP 
42
42
3C
00
7E
40
40
40
7C
40
40
40
40
7E
00
00
ENDCHAR
STARTCHAR U+0115
ENCODING 277
SWIDTH 500 0
DWIDTH 8 0
BBX 8 16 0 -2
BITMAP 
00
00
42
42
3C
00
3C
42
42
7E
40
40
42
3C
00
00
ENDCHAR
STARTCHAR U+0116
ENCODING 278
SWIDTH 500 0
DWIDTH 8 0
BBX 8 16 0 -2
BITMAP 
10
10
00
00
7E
40
40
40
7C
40
40
40
40
7E
00
00
ENDCHAR
STARTCHAR U+0117
ENCODING 279
SWIDTH 500 0
DWIDTH 8 0
BBX 8 16 0 -2
BITMAP 
00
00
10
10
00
00
3C
42
42
7E
40
40
42
3C
00
00
ENDCHAR
STARTCHAR U+0118
ENCODING 280
SWIDTH 500 0
DWIDTH 8 0
BBX 8 16 0 -2
BITMAP 
00
00
00
00
7E
40
40
40
7C
40
40
40
40
7E
08
06
ENDCHAR
STARTCHAR U+0119
ENCODING 281
SWIDTH 500 0
DWIDTH 8 0
BBX 8 16 0 -2
BITMAP 
00
00
00
00
00
00
3C
42
42
7E
40
40
42
3C
10
0C
ENDCHAR
STARTCHAR U+011A
ENCODING 282
SWIDTH 500 0
DWIDTH 8 0
BBX 8 16 0 -2
BITMAP 
24
18
00
00
7E
40
40
40
7C
40
40
40
40
7E
00
00
ENDCHAR
STARTCHAR U+011B
ENCODING 283
SWIDTH 500 0
DWIDTH 8 0
BBX 8 16 0 -2
BITMAP 
00
00
24
18
00
00
3C
42
42
7E
40
40
42
3C
00
00
ENDCHAR
STARTCHAR U+011C
ENCODING 284
SWIDTH 500 0
DWIDTH 8 0
BBX 8 16 0 -2
BITMAP 
18
24
00
00
3C
42
42
40
40
4E
42
42
46
3A
00
00
ENDCHAR
STARTCHAR U+011D
ENCODING 285
SWIDTH 500 0
DWIDTH 8 0
BBX 8 16 0 -2
BITMAP 
00
00
18
24
00
02
3A
44
44
44
38
20
3C
42
42
3C
ENDCHAR
STARTCHAR U+011E
ENCODING 286
SWIDTH 500 0
DWIDTH 8 0
BBX 8 16 0 -2
BITMAP 
42
42
3C
00
3C
42
42
40
40
4E
42
42
46
3A
00
00
ENDCHAR
STARTCHAR U+011F
ENCODING 287
SWIDTH 500 0
DWIDTH 8 0
BBX 8 16 0 -2
BITMAP 
00
42
42
3C
00
02
3A
44
44
44
38
20
3C
42
42
3C
ENDCHAR
STARTCHAR U+0120
ENCODING 288
SWIDTH 500 0
DWIDTH 8 0
BBX 8 16 0 -2
BITMAP 
10
10
00
00
3C
42
42
40
40
4E
42
42
46
3A
00
00
ENDCHAR
STARTCHAR U+0121
ENCODING 289
SWIDTH 500 0
DWIDTH 8 0
BBX 8 16 0 -2
BITMAP 
00
00
10
10
00
02
3A
44
44
44
38
20
3C
42
42
3C
ENDCHAR
STARTCHAR U+0122
ENCODING 290
SWIDTH 500 0
DWIDTH 8 0
BBX 8 16 0 -2
BITMAP 
00
00
00
00
3C
42
42
40
40
4E
42
42
46
3A
08
30
ENDCHAR
STARTCHAR U+0123
ENCODING 291
SWIDTH 500 0
DWIDTH 8 0
BBX 8 16 0 -2
BITMAP 
00
00
20
20
18
02
3A
44
44
44
38
20
3C
42
42
3C
ENDCHAR
STARTCHAR U+0124
ENCODING 292
SWIDTH 500 0
DWIDTH 8 0
BBX 8 16 0 -2
BITMAP 
18
24
00
00
42
42
42
42
7E
42
42
42
42
42
00
00
ENDCHAR
STARTCHAR U+0125
ENCODING 293
SWIDTH 500 0
DWIDTH 8 0
BBX 8 16 0 -2
BITMAP 
30
48
00
40
40
40
5C
62
42
42
42
42
42
42
00
00
ENDCHAR
STARTCHAR U+0126
ENCODING 294
SWIDTH 500 0
DWIDTH 8 0
BBX 8 16 0 -2
BITMAP 
00
00
00
00
42
42
FF
42
42
7E
42
42
42
42
00
00
ENDCHAR
STARTCHAR U+0127
ENCODING 295
SWIDTH 500 0
DWIDTH 8 0
BBX 8 16 0 -2
BITMAP 
00
00
00
40
F0
40
5C
62
42
42
42
42
42
42
00
00
ENDCHAR
STARTCHAR U+0128
ENCODING 296
SWIDTH 500 0
DWIDTH 8 0
BBX 8 16 0 -2
BITMAP 
32
4C
00
00
3E
08
08
08
08
08
08
08
08
3E
00
00
ENDCHAR
STARTCHAR U+0129
ENCODING 297
SWIDTH 500 0
DWIDTH 8 0
BBX 8 16 0 -2
BITMAP 
00
00
32
4C
00
00
18
08
08
08
08
08
08
3E
00
00
ENDCHAR
STARTCHAR U+012A
ENCODING 298
SWIDTH 500 0
DWIDTH 8 0
BBX 8 16 0 -2
BITMAP 
00
3C
00
00
3E
08
08
08
08
08
08
08
08
3E
00
00
ENDCHAR
STARTCHAR U+012B
ENCODING 299
SWIDTH 500 0
DWIDTH 8 0
BBX 8 16 0 -2
BITMAP 
00
00
00
3C
00
00
18
08
08
08
08
08
08
3E
00
00
ENDCHAR
STARTCHAR U+012C
ENCODING 300
SWIDTH 500 0
DWIDTH 8 0
BBX 8 16 0 -2
BITMAP 
42
42
3C
00
3E
08
08
08
08
08
08
08
08
3E
00
00
ENDCHAR
STARTCHAR U+012D
ENCODING 301
SWIDTH 500 0
DWIDTH 8 0
BBX 8 16 0 -2
BITMAP 
00
00
42
42
3C
00
18
08
08
08
08
08
08
3E
00
00
ENDCHAR
STARTCHAR U+012E
ENCODING 302
SWIDTH 500 0
DWIDTH 8 0
BBX 8 16 0 -2
BITMAP 
00
00
00
00
3E
08
08
08
08
08
08
08
08
3E
08
06
ENDCHAR
STARTCHAR U+012F
ENCODING 303
SWIDTH 500 0
DWIDTH 8 0
BBX 8 16 0 -2
BITMAP 
00
00
00
08
08
00
18
08
08
08
08
08
08
3E
08
06
ENDCHAR
STARTCHAR U+0130
ENCODING 304
SWIDTH 500 0
DWIDTH 8 0
BBX 8 16 0 -2
BITMAP 
08
08
00
00
3E
08
08
08
08
08
08
08
08
3E
00
00
ENDCHAR
STARTCHAR U+0131
ENCODING 305
SWIDTH 500 0
DWIDTH 8 0
BBX 8 16 0 -2
BITMAP 
00
00
00
00
00
00
18
08
08
08
08
08
08
3E
00
00
ENDCHAR
STARTCHAR U+0132
ENCODING 306
SWIDTH 500 0
DWIDTH 8 0
BBX 8 16 0 -2
BITMAP 
00
00
00
00
77
22
22
22
22
22
22
72
02
1C
00
00
ENDCHAR
STARTCHAR U+0133
ENCODING 307
SWIDTH 500 0
DWIDTH 8 0
BBX 8 16 0 -2
BITMAP 
00
00
00
22
22
00
66
22
22
22
22
72
02
02
24
18
ENDCHAR
STARTCHAR U+0134
ENCODING 308
SWIDTH 500 0
DWIDTH 8 0
BBX 8 16 0 -2
BITMAP 
0C
12
00
00
1F
04
04
04
04
04
04
44
44
38
00
00
ENDCHAR
STARTCHAR U+0135
ENCODING 309
SWIDTH 500 0
DWIDTH 8 0
BBX 8 16 0 -2
BITMAP 
00
00
0C
12
00
00
0C
04
04
04
04
04
04
04
48
30
ENDCHAR
STARTCHAR U+0136
ENCODING 310
SWIDTH 500 0
DWIDTH 8 0
BBX 8 16 0 -2
BITMAP 
00
00
00
00
42
44
48
50
60
60
50
48
44
42
20
C0
ENDCHAR
STARTCHAR U+0137
ENCODING 311
SWIDTH 500 0
DWIDTH 8 0
BBX 8 16 0 -2
BITMAP 
00
00
00
40
40
40
44
48
50
60
50
48
44
42
20
C0
ENDCHAR
STARTCHAR U+0138
ENCODING 312
SWIDTH 500 0
DWIDTH 8 0
BBX 8 16 0 -2
BITMAP 
00
00
00
00
00
00
42
44
48
70
70
48
44
42
00
00
ENDCHAR
STARTCHAR U+0139
ENCODING 313
SWIDTH 500 0
DWIDTH 8 0
BBX 8 16 0 -2
BITMAP 
18
60
00
00
40
40
40
40
40
40
40
40
40
7E
00
00
ENDCHAR
STARTCHAR U+013A
ENCODING 314
SWIDTH 500 0
DWIDTH 8 0
BBX 8 16 0 -2
BITMAP 
0C
30
00
18
08
08
08
08
08
08
08
08
08
3E
00
00
ENDCHAR
STARTCHAR U+013B
ENCODING 315
SWIDTH 500 0
DWIDTH 8 0
BBX 8 16 0 -2
BITMAP 
00
00
00
00
40
40
40
40
40
40
40
40
40
7E
08
30
ENDCHAR
STARTCHAR U+013C
ENCODING 316
SWIDTH 500 0
DWIDTH 8 0
BBX 8 16 0 -2
BITMAP 
00
00
00
18
08
08
08
08
08
08
08
08
08
3E
08
30
ENDCHAR
STARTCHAR U+013D
ENCODING 317
SWIDTH 500 0
DWIDTH 8 0
BBX 8 16 0 -2
BITMAP 
00
00
00
00
4C
44
44
48
40
40
40
40
40
7E
00
00
ENDCHAR
STARTCHAR U+013E
ENCODING 318
SWIDTH 500 0
DWIDTH 8 0
BBX 8 16 0 -2
BITMAP 
00
00
00
36
12
12
14
10
10
10
10
10
10
7C
00
00
ENDCHAR
STARTCHAR U+013F
ENCODING 319
SWIDTH 500 0
DWIDTH 8 0
BBX 8 16 0 -2
BITMAP 
00
00
00
00
40
40
40
40
44
44
40
40
40
7E
00
00
ENDCHAR
STARTCHAR U+0140
ENCODING 320
SWIDTH 500 0
DWIDTH 8 0
BBX 8 16 0 -2
BITMAP 
00
00
00
30
10
10
10
10
14
14
10
10
10
7C
00
00
ENDCHAR
STARTCHAR U+0141
ENCODING 321
SWIDTH 500 0
DWIDTH 8 0
BBX 8 16 0 -2
BITMAP 
00
00
00
00
40
40
48
50
60
C0
40
40
40
7E
00
00
ENDCHAR
STARTCHAR U+0142
ENCODING 322
SWIDTH 500 0
DWIDTH 8 0
BBX 8 16 0 -2
BITMAP 
00
00
00
18
08
08
0A
0C
18
28
08
08
08
3E
00
00
ENDCHAR
STARTCHAR U+0143
ENCODING 323
SWIDTH 500 0
DWIDTH 8 0
BBX 8 16 0 -2
BITMAP 
0C
30
00
00
42
62
62
52
52
4A
4A
46
46
42
00
00
ENDCHAR
STARTCHAR U+0144
ENCODING 324
SWIDTH 500 0
DWIDTH 8 0
BBX 8 16 0 -2
BITMAP 
00
00
0C
30
00
00
5C
62
42
42
42
42
42
42
00
00
ENDCHAR
STARTCHAR U+0145
ENCODING 325
SWIDTH 500 0
DWIDTH 8 0
BBX 8 16 0 -2
BITMAP 
00
00
00
00
42
62
62
52
52
4A
4A
46
46
42
20
C0
ENDCHAR
STARTCHAR U+0146
ENCODING 326
SWIDTH 500 0
DWIDTH 8 0
BBX 8 16 0 -2
BITMAP 
00
00
00
00
00
00
5C
62
42
42
42
42
42
42
20
C0
ENDCHAR
STARTCHAR U+0147
ENCODING 327
SWIDTH 500 0
DWIDTH 8 0
BBX 8 16 0 -2
BITMAP 
24
18
00
00
42
62
62
52
52
4A
4A
46
46
42
00
00
ENDCHAR
STARTCHAR U+0148
ENCODING 328
SWIDTH 500 0
DWIDTH 8 0
BBX 8 16 0 -2
BITMAP 
00
00
24
18
00
00
5C
62
42
42
42
42
42
42
00
00
ENDCHAR
STARTCHAR U+0149
ENCODING 329
SWIDTH 500 0
DWIDTH 8 0
BBX 8 16 0 -2
BITMAP 
00
60
20
20
40
00
5C
62
42
42
42
42
42
42
00
00
ENDCHAR
STARTCHAR U+014A
ENCODING 330
SWIDTH 500 0
DWIDTH 8 0
BBX 8 16 0 -2
BITMAP 
00
00
00
00
5C
62
42
42
42
42
42
42
42
4C
00
00
ENDCHAR
STARTCHAR U+014B
ENCODING 331
SWIDTH 500 0
DWIDTH 8 0
BBX 8 16 0 -2
BITMAP 
00
00
00
00
00
00
5C
62
42
42
42
42
42
42
02
0C
ENDCHAR
STARTCHAR U+014C
ENCODING 332
SWIDTH 500 0
DWIDTH 8 0
BBX 8 16 0 -2
BITMAP 
00
3C
00
00
3C
42
42
42
42
42
42
42
42
3C
00
00
ENDCHAR
STARTCHAR U+014D
ENCODING 333
SWIDTH 500 0
DWIDTH 8 0
BBX 8 16 0 -2
BITMAP 
00
00
00
3C
00
00
3C
42
42
42
42
42
42
3C
00
00
ENDCHAR
STARTCHAR U+014E
ENCODING 334
SWIDTH 500 0
DWIDTH 8 0
BBX 8 16 0 -2
BITMAP 
42
42
3C
00
3C
42
42
42
42
42
42
42
42
3C
00
00
ENDCHAR
STARTCHAR U+014F
ENCODING 335
SWIDTH 500 0
DWIDTH 8 0
BBX 8 16 0 -2
BITMAP 
00
00
42
42
3C
00
3C
42
42
42
42
42
42
3C
00
00
ENDCHAR
STARTCHAR U+0150
ENCODING 336
SWIDTH 500 0
DWIDTH 8 0
BBX 8 16 0 -2
BITMAP 
33
44
00
00
3C
42
42
42
42
42
42
42
42
3C
00
00
ENDCHAR
STARTCHAR U+0151
ENCODING 337
SWIDTH 500 0
DWIDTH 8 0
BBX 8 16 0 -2
BITMAP 
00
00
33
44
00
00
3C
42
42
42
42
42
42
3C
00
00
ENDCHAR
STARTCHAR U+0152
ENCODING 338
SWIDTH 500 0
DWIDTH 8 0
BBX 8 16 0 -2
BITMAP 
00
00
00
00
37
48
48
48
4E
48
48
48
48
37
00
00
ENDCHAR
STARTCHAR U+0153
ENCODING 339
SWIDTH 500 0
DWIDTH 8 0
BBX 8 16 0 -2
BITMAP 
00
00
00
00
00
00
36
49
49
4F
48
48
49
36
00
00
ENDCHAR
STARTCHAR U+0154
ENCODING 340
SWIDTH 500 0
DWIDTH 8 0
BBX 8 16 0 -2
BITMAP 
0C
30
00
00
7C
42
42
42
7C
48
44
44
42
42
00
00
ENDCHAR
STARTCHAR U+0155
ENCODING 341
SWIDTH 500 0
DWIDTH 8 0
BBX 8 16 0 -2
BITMAP 
00
00
0C
30
00
00
5C
62
42
40
40
40
40
40
00
00
ENDCHAR
STARTCHAR U+0156
ENCODING 342
SWIDTH 500 0
DWIDTH 8 0
BBX 8 16 0 -2
BITMAP 
00
00
00
00
7C
42
42
42
7C
48
44
44
42
42
20
C0
ENDCHAR
STARTCHAR U+0157
ENCODING 343
SWIDTH 500 0
DWIDTH 8 0
BBX 8 16 0 -2
BITMAP 
00
00
00
00
00
00
5C
62
42
40
40
40
40
40
20
C0
ENDCHAR
STARTCHAR U+0158
ENCODING 344
SWIDTH 500 0
DWIDTH 8 0
BBX 8 16 0 -2
BITMAP 
24
18
00
00
7C
42
42
42
7C
48
44
44
42
42
00
00
ENDCHAR
STARTCHAR U+0159
ENCODING 345
SWIDTH 500 0
DWIDTH 8 0
BBX 8 16 0 -2
BITMAP 
00
00
24
18
00
00
5C
62
42
40
40
40
40
40
00
00
ENDCHAR
STARTCHAR U+015A
ENCODING 346
SWIDTH 500 0
DWIDTH 8 0
BBX 8 16 0 -2
BITMAP 
0C
30
00
00
3C
42
42
40
30
0C
02
42
42
3C
00
00
ENDCHAR
STARTCHAR U+015B
ENCODING 347
SWIDTH 500 0
DWIDTH 8 0
BBX 8 16 0 -2
BITMAP 
00
00
0C
30
00
00
3C
42
40
30
0C
42
42
3C
00
00
ENDCHAR
STARTCHAR U+015C
ENCODING 348
SWIDTH 500 0
DWIDTH 8 0
BBX 8 16 0 -2
BITMAP 
18
24
00
00
3C
42
42
40
30
0C
02
42
42
3C
00
00
ENDCHAR
STARTCHAR U+015D
ENCODING 349
SWIDTH 500 0
DWIDTH 8 0
BBX 8 16 0 -2
BITMAP 
00
00
18
24
00
00
3C
42
40
30
0C
02
42
3C
00
00
ENDCHAR
STARTCHAR U+015E
ENCODING 350
SWIDTH 500 0
DWIDTH 8 0
BBX 8 16 0 -2
BITMAP 
00
00
00
00
3C
42
42
40
30
0C
02
42
42
3C
08
30
ENDCHAR
STARTCHAR U+015F
ENCODING 351
SWIDTH 500 0
DWIDTH 8 0
BBX 8 16 0 -2
BITMAP 
00
00
00
00
00
00
3C
42
40
30
0C
02
42
3C
08
30
ENDCHAR
STARTCHAR U+0160
ENCODING 352
SWIDTH 500 0
DWIDTH 8 0
BBX 8 16 0 -2
BITMAP 
24
18
00
00
3C
42
42
40
30
0C
02
42
42
3C
00
00
ENDCHAR
STARTCHAR U+0161
ENCODING 353
SWIDTH 500 0
DWIDTH 8 0
BBX 8 16 0 -2
BITMAP 
00
00
24
18
00
00
3C
42
40
30
0C
02
42
3C
00
00
ENDCHAR
STARTCHAR U+0162
ENCODING 354
SWIDTH 500 0
DWIDTH 8 0
BBX 8 16 0 -2
BITMAP 
00
00
00
00
7F
08
08
08
08
08
08
08
08
08
08
30
ENDCHAR
STARTCHAR U+0163
ENCODING 355
SWIDTH 500 0
DWIDTH 8 0
BBX 8 16 0 -2
BITMAP 
00
00
00
00
10
10
10
7C
10
10
10
10
10
0C
08
30
ENDCHAR
STARTCHAR U+0164
ENCODING 356
SWIDTH 500 0
DWIDTH 8 0
BBX 8 16 0 -2
BITMAP 
24
18
00
00
7F
08
08
08
08
08
08
08
08
08
00
00
ENDCHAR
STARTCHAR U+0165
ENCODING 357
SWIDTH 500 0
DWIDTH 8 0
BBX 8 16 0 -2
BITMAP 
00
00
06
02
22
24
20
F8
20
20
20
20
20
18
00
00
ENDCHAR
STARTCHAR U+0166
ENCODING 358
SWIDTH 500 0
DWIDTH 8 0
BBX 8 16 0 -2
BITMAP 
00
00
00
00
7F
08
08
08
3E
08
08
08
08
08
00
00
ENDCHAR
STARTCHAR U+0167
ENCODING 359
SWIDTH 500 0
DWIDTH 8 0
BBX 8 16 0 -2
BITMAP 
00
00
00
00
10
10
10
7C
10
10
7C
10
10
0C
00
00
ENDCHAR
STARTCHAR U+0168
ENCODING 360
SWIDTH 500 0
DWIDTH 8 0
BBX 8 16 0 -2
BITMAP 
32
4C
00
00
42
42
42
42
42
42
42
42
42
3C
00
00
ENDCHAR
STARTCHAR U+0169
ENCODING 361
SWIDTH 500 0
DWIDTH 8 0
BBX 8 16 0 -2
BITMAP 
00
00
32
4C
00
00
42
42
42
42
42
42
46
3A
00
00
ENDCHAR
STARTCHAR U+016A
ENCODING 362
SWIDTH 500 0
DWIDTH 8 0
BBX 8 16 0 -2
BITMAP 
00
3C
00
00
42
42
42
42
42
42
42
42
42
3C
00
00
ENDCHAR
STARTCHAR U+016B
ENCODING 363
SWIDTH 500 0
DWIDTH 8 0
BBX 8 16 0 -2
BITMAP 
00
00
00
3C
00
00
42
42
42
42
42
42
46
3A
00
00
ENDCHAR
STARTCHAR U+016C
ENCODING 364
SWIDTH 500 0
DWIDTH 8 0
BBX 8 16 0 -2
BITMAP 
42
42
3C
00
42
42
42
42
42
42
42
42
42
3C
00
00
ENDCHAR
STARTCHAR U+016D
ENCODING 365
SWIDTH 500 0
DWIDTH 8 0
BBX 8 16 0 -2
BITMAP 
00
42
42
3C
00
00
42
42
42
42
42
42
46
3A
00
00
ENDCHAR
STARTCHAR U+016E
ENCODING 366
SWIDTH 500 0
DWIDTH 8 0
BBX 8 16 0 -2
BITMAP 
18
24
18
00
42
42
42
42
42
42
42
42
42
3C
00
00
ENDCHAR
STARTCHAR U+016F
ENCODING 367
SWIDTH 500 0
DWIDTH 8 0
BBX 8 16 0 -2
BITMAP 
00
00
18
24
18
00
42
42
42
42
42
42
46
3A
00
00
ENDCHAR
STARTCHAR U+0170
ENCODING 368
SWIDTH 500 0
DWIDTH 8 0
BBX 8 16 0 -2
BITMAP 
33
44
00
00
42
42
42
42
42
42
42
42
42
3C
00
00
ENDCHAR
STARTCHAR U+0171
ENCODING 369
SWIDTH 500 0
DWIDTH 8 0
BBX 8 16 0 -2
BITMAP 
00
00
33
44
00
00
42
42
42
42
42
42
46
3A
00
00
ENDCHAR
STARTCHAR U+0172
ENCODING 370
SWIDTH 500 0
DWIDTH 8 0
BBX 8 16 0 -2
BITMAP 
00
00
00
00
42
42
42
42
42
42
42
42
42
3C
10
0C
ENDCHAR
STARTCHAR U+0173
ENCODING 371
SWIDTH 500 0
DWIDTH 8 0
BBX 8 16 0 -2
BITMAP 
00
00
00
00
00
00
42
42
42
42
42
42
46
3A
04
03
ENDCHAR
STARTCHAR U+0174
ENCODING 372
SWIDTH 500 0
DWIDTH 8 0
BBX 8 16 0 -2
BITMAP 
18
24
00
00
42
42
42
42
5A
5A
66
66
42
42
00
00
ENDCHAR
STARTCHAR U+0175
ENCODING 373
SWIDTH 500 0
DWIDTH 8 0
BBX 8 16 0 -2
BITMAP 
00
00
18
24
00
00
41
49
49
49
49
49
49
36
00
00
ENDCHAR
STARTCHAR U+0176
ENCODING 374
SWIDTH 500 0
DWIDTH 8 0
BBX 8 16 0 -2
BITMAP 
18
24
00
00
41
41
22
22
14
08
08
08
08
08
00
00
ENDCHAR
STARTCHAR U+0177
ENCODING 375
SWIDTH 500 0
DWIDTH 8 0
BBX 8 16 0 -2
BITMAP 
00
00
18
24
00
00
42
42
42
42
42
26
1A
02
02
3C
ENDCHAR
STARTCHAR U+0178
ENCODING 376
SWIDTH 500 0
DWIDTH 8 0
BBX 8 16 0 -2
BITMAP 
24
24
00
00
41
41
22
22
14
08
08
08
08
08
00
00
ENDCHAR
STARTCHAR U+0179
ENCODING 377
SWIDTH 500 0
DWIDTH 8 0
BBX 8 16 0 -2
BITMAP 
0C
30
00
00
7E
02
02
04
08
10
20
40
40
7E
00
00
ENDCHAR
STARTCHAR U+017A
ENCODING 378
SWIDTH 500 0
DWIDTH 8 0
BBX 8 16 0 -2
BITMAP 
00
00
0C
30
00
00
7E
02
04
08
10
20
40
7E
00
00
ENDCHAR
STARTCHAR U+017B
ENCODING 379
SWIDTH 500 0
DWIDTH 8 0
BBX 8 16 0 -2
BITMAP 
10
10
00
00
7E
02
02
04
08
10
20
40
40
7E
00
00
ENDCHAR
STARTCHAR U+017C
ENCODING 380
SWIDTH 500 0
DWIDTH 8 0
BBX 8 16 0 -2
BITMAP 
00
00
10
10
00
00
7E
02
04
08
10
20
40
7E
00
00
ENDCHAR
STARTCHAR U+017D
ENCODING 381
SWIDTH 500 0
DWIDTH 8 0
BBX 8 16 0 -2
BITMAP 
24
18
00
00
7E
02
02
04
08
10
20
40
40
7E
00
00
ENDCHAR
STARTCHAR U+017E
ENCODING 382
SWIDTH 500 0
DWIDTH 8 0
BBX 8 16 0 -2
BITMAP 
00
00
24
18
00
00
7E
02
04
08
10
20
40
7E
00
00
ENDCHAR
STARTCHAR U+017F
ENCODING 383
SWIDTH 500 0
DWIDTH 8 0
BBX 8 16 0 -2
BITMAP 
00
00
00
0C
10
10
10
70
10
10
10
10
10
10
00
00
ENDCHAR
STARTCHAR U+0180
ENCODING 384
SWIDTH 500 0
DWIDTH 8 0
BBX 8 16 0 -2
BITMAP 
00
00
00
40
F0
40
5C
62
42
42
42
42
62
5C
00
00
ENDCHAR
STARTCHAR U+0181
ENCODING 385
SWIDTH 500 0
DWIDTH 8 0
BBX 8 16 0 -2
BITMAP 
00
00
00
00
7C
A2
A2
22
3C
22
22
22
22
3C
00
00
ENDCHAR
STARTCHAR U+0182
ENCODING 386
SWIDTH 500 0
DWIDTH 8 0
BBX 8 16 0 -2
BITMAP 
00
00
00
00
7E
40
40
40
7C
42
42
42
42
7C
00
00
ENDCHAR
STARTCHAR U+0183
ENCODING 387
SWIDTH 500 0
DWIDTH 8 0
BBX 8 16 0 -2
BITMAP 
00
00
00
7C
40
40
5C
62
42
42
42
42
62
5C
00
00
ENDCHAR
STARTCHAR U+0184
ENCODING 388
SWIDTH 500 0
DWIDTH 8 0
BBX 8 16 0 -2
BITMAP 
00
00
00
00
60
20
20
20
3C
22
22
22
22
3C
00
00
ENDCHAR
STARTCHAR U+0185
ENCODING 389
SWIDTH 500 0
DWIDTH 8 0
BBX 8 16 0 -2
BITMAP 
00
00
00
00
00
00
60
20
20
20
3C
22
22
3C
00
00
ENDCHAR
STARTCHAR U+0186
ENCODING 390
SWIDTH 500 0
DWIDTH 8 0
BBX 8 16 0 -2
BITMAP 
00
00
00
00
3C
42
42
02
02
02
02
42
42
3C
00
00
ENDCHAR
STARTCHAR U+0187
ENCODING 391
SWIDTH 500 0
DWIDTH 8 0
BBX 8 16 0 -2
BITMAP 
00
00
03
04
3C
44
44
40
40
40
40
44
44
38
00
00
ENDCHAR
STARTCHAR U+0188
ENCODING 392
SWIDTH 500 0
DWIDTH 8 0
BBX 8 16 0 -2
BITMAP 
00
00
00
00
03
04
3C
44
40
40
40
40
44
38
00
00
ENDCHAR
STARTCHAR U+0189
ENCODING 393
SWIDTH 500 0
DWIDTH 8 0
BBX 8 16 0 -2
BITMAP 
00
00
00
00
78
44
42
42
F2
42
42
42
44
78
00
00
ENDCHAR
STARTCHAR U+018A
ENCODING 394
SWIDTH 500 0
DWIDTH 8 0
BBX 8 16 0 -2
BITMAP 
00
00
00
00
78
A4
A2
22
22
22
22
22
24
38
00
00
ENDCHAR
STARTCHAR U+018B
ENCODING 395
SWIDTH 500 0
DWIDTH 8 0
BBX 8 16 0 -2
BITMAP 
00
00
00
00
7E
02
02
02
3E
42
42
42
42
3E
00
00
ENDCHAR
STARTCHAR U+018C
ENCODING 396
SWIDTH 500 0
DWIDTH 8 0
BBX 8 16 0 -2
BITMAP 
00
00
00
3E
02
02
3A
46
42
42
42
42
46
3A
00
00
ENDCHAR
STARTCHAR U+018D
ENCODING 397
SWIDTH 500 0
DWIDTH 8 0
BBX 8 16 0 -2
BITMAP 
00
00
00
00
00
00
3C
42
42
42
42
24
18
04
04
38
ENDCHAR
STARTCHAR U+018E
ENCODING 398
SWIDTH 500 0
DWIDTH 8 0
BBX 8 16 0 -2
BITMAP 
00
00
00
00
7E
02
02
02
3E
02
02
02
02
7E
00
00
ENDCHAR
STARTCHAR U+018F
ENCODING 399
SWIDTH 500 0
DWIDTH 8 0
BBX 8 16 0 -2
BITMAP 
00
00
00
00
18
24
42
02
02
7E
42
42
24
18
00
00
ENDCHAR
STARTCHAR U+0190
ENCODING 400
SWIDTH 500 0
DWIDTH 8 0
BBX 8 16 0 -2
BITMAP 
00
00
00
00
3C
42
42
40
38
40
40
42
42
3C
00
00
ENDCHAR
STARTCHAR U+0191
ENCODING 401
SWIDTH 500 0
DWIDTH 8 0
BBX 8 16 0 -2
BITMAP 
00
00
00
00
1F
10
10
10
1E
10
10
10
10
10
60
00
ENDCHAR
STARTCHAR U+0192
ENCODING 402
SWIDTH 500 0
DWIDTH 8 0
BBX 8 16 0 -2
BITMAP 
00
00
00
0C
10
10
10
7C
10
10
10
10
10
10
60
00
ENDCHAR
STARTCHAR U+0193
ENCODING 403
SWIDTH 500 0
DWIDTH 8 0
BBX 8 16 0 -2
BITMAP 
00
00
00
03
3C
44
44
40
40
5C
44
44
4C
34
00
00
ENDCHAR
STARTCHAR U+0194
ENCODING 404
SWIDTH 500 0
DWIDTH 8 0
BBX 8 16 0 -2
BITMAP 
00
00
00
00
42
42
42
24
24
18
18
24
24
18
00
00
ENDCHAR
STARTCHAR U+0195
ENCODING 405
SWIDTH 500 0
DWIDTH 8 0
BBX 8 16 0 -2
BITMAP 
00
00
00
40
40
40
40
72
4A
4A
4A
4A
4A
44
00
00
ENDCHAR
STARTCHAR U+0196
ENCODING 406
SWIDTH 500 0
DWIDTH 8 0
BBX 8 16 0 -2
BITMAP 
00
00
00
00
38
08
08
08
08
08
08
08
08
06
00
00
ENDCHAR
STARTCHAR U+0197
ENCODING 407
SWIDTH 500 0
DWIDTH 8 0
BBX 8 16 0 -2
BITMAP 
00
00
00
00
3E
08
08
08
3E
08
08
08
08
3E
00
00
ENDCHAR
STARTCHAR U+0198
ENCODING 408
SWIDTH 500 0
DWIDTH 8 0
BBX 8 16 0 -2
BITMAP 
00
00
00
00
46
4A
50
50
60
60
50
48
44
42
00
00
ENDCHAR
STARTCHAR U+0199
ENCODING 409
SWIDTH 500 0
DWIDTH 8 0
BBX 8 16 0 -2
BITMAP 
00
00
00
30
48
40
44
48
50
60
50
48
44
42
00
00
ENDCHAR
STARTCHAR U+019A
ENCODING 410
SWIDTH 500 0
DWIDTH 8 0
BBX 8 16 0 -2
BITMAP 
00
00
00
18
08
08
08
3E
08
08
08
08
08
3E
00
00
ENDCHAR
STARTCHAR U+019B
ENCODING 411
SWIDTH 500 0
DWIDTH 8 0
BBX 8 16 0 -2
BITMAP 
00
00
00
00
24
28
10
30
48
18
24
24
42
42
00
00
ENDCHAR
STARTCHAR U+019C
ENCODING 412
SWIDTH 500 0
DWIDTH 8 0
BBX 8 16 0 -2
BITMAP 
00
00
00
00
49
49
49
49
49
49
49
49
49
37
00
00
ENDCHAR
STARTCHAR U+019D
ENCODING 413
SWIDTH 500 0
DWIDTH 8 0
BBX 8 16 0 -2
BITMAP 
00
00
00
00
22
22
32
32
2A
2A
26
26
22
22
C0
00
ENDCHAR
STARTCHAR U+019E
ENCODING 414
SWIDTH 500 0
DWIDTH 8 0
BBX 8 16 0 -2
BITMAP 
00
00
00
00
00
00
5C
62
42
42
42
42
42
42
02
02
ENDCHAR
STARTCHAR U+019F
ENCODING 415
SWIDTH 500 0
DWIDTH 8 0
BBX 8 16 0 -2
BITMAP 
00
00
00
00
3C
42
42
42
7E
42
42
42
42
3C
00
00
ENDCHAR
STARTCHAR U+01A0
ENCODING 416
SWIDTH 500 0
DWIDTH 8 0
BBX 8 16 0 -2
BITMAP 
00
00
00
02
3A
44
44
44
44
44
44
44
44
38
00
00
ENDCHAR
STARTCHAR U+01A1
ENCODING 417
SWIDTH 500 0
DWIDTH 8 0
BBX 8 16 0 -2
BITMAP 
00
00
00
00
00
02
3A
44
44
44
44
44
44
38
00
00
ENDCHAR
STARTCHAR U+01A2
ENCODING 418
SWIDTH 500 0
DWIDTH 8 0
BBX 8 16 0 -2
BITMAP 
00
00
00
00
36
4A
4A
4A
4A
4A
4A
4A
4A
32
02
02
ENDCHAR
STARTCHAR U+01A3
ENCODING 419
SWIDTH 500 0
DWIDTH 8 0
BBX 8 16 0 -2
BITMAP 
00
00
00
00
00
00
36
4A
4A
4A
4A
4A
4A
32
02
02
ENDCHAR
STARTCHAR U+01A4
ENCODING 420
SWIDTH 500 0
DWIDTH 8 0
BBX 8 16 0 -2
BITMAP 
00
00
00
00
3E
51
51
11
1E
10
10
10
10
10
00
00
ENDCHAR
STARTCHAR U+01A5
ENCODING 421
SWIDTH 500 0
DWIDTH 8 0
BBX 8 16 0 -2
BITMAP 
00
00
00
00
00
03
5C
64
44
44
44
44
64
58
40
40
ENDCHAR
STARTCHAR U+01A6
ENCODING 422
SWIDTH 500 0
DWIDTH 8 0
BBX 8 16 0 -2
BITMAP 
00
00
00
00
70
20
3C
22
22
3C
28
24
22
21
00
00
ENDCHAR
STARTCHAR U+01A7
ENCODING 423
SWIDTH 500 0
DWIDTH 8 0
BBX 8 16 0 -2
BITMAP 
00
00
00
00
3C
42
42
02
0C
30
40
42
42
3C
00
00
ENDCHAR
STARTCHAR U+01A8
ENCODING 424
SWIDTH 500 0
DWIDTH 8 0
BBX 8 16 0 -2
BITMAP 
00
00
00
00
00
00
3C
42
02
0C
30
40
42
3C
00
00
ENDCHAR
STARTCHAR U+01A9
ENCODING 425
SWIDTH 500 0
DWIDTH 8 0
BBX 8 16 0 -2
BITMAP 
00
00
00
00
7E
40
20
10
08
08
10
20
40
7E
00
00
ENDCHAR
STARTCHAR U+01AA
ENCODING 426
SWIDTH 500 0
DWIDTH 8 0
BBX 8 16 0 -2
BITMAP 
00
00
00
20
50
50
30
10
10
10
10
10
10
10
0C
00
ENDCHAR
STARTCHAR U+01AB
ENCODING 427
SWIDTH 500 0
DWIDTH 8 0
BBX 8 16 0 -2
BITMAP 
00
00
00
00
10
10
10
7C
10
10
10
10
10
0C
04
18
ENDCHAR
STARTCHAR U+01AC
ENCODING 428
SWIDTH 500 0
DWIDTH 8 0
BBX 8 16 0 -2
BITMAP 
00
00
00
00
3F
48
48
08
08
08
08
08
08
08
00
00
ENDCHAR
STARTCHAR U+01AD
ENCODING 429
SWIDTH 500 0
DWIDTH 8 0
BBX 8 16 0 -2
BITMAP 
00
00
00
0C
10
10
10
7C
10
10
10
10
10
0C
00
00
ENDCHAR
STARTCHAR U+01AE
ENCODING 430
SWIDTH 500 0
DWIDTH 8 0
BBX 8 16 0 -2
BITMAP 
00
00
00
00
7F
08
08
08
08
08
08
08
08
08
06
00
ENDCHAR
STARTCHAR U+01AF
ENCODING 431
SWIDTH 500 0
DWIDTH 8 0
BBX 8 16 0 -2
BITMAP 
00
00
01
01
46
44
44
44
44
44
44
44
44
38
00
00
ENDCHAR
STARTCHAR U+01B0
ENCODING 432
SWIDTH 500 0
DWIDTH 8 0
BBX 8 16 0 -2
BITMAP 
00
00
00
00
01
01
46
44
44
44
44
44
4C
34
00
00
ENDCHAR
STARTCHAR U+01B1
ENCODING 433
SWIDTH 500 0
DWIDTH 8 0
BBX 8 16 0 -2
BITMAP 
00
00
00
00
42
24
24
42
42
42
42
42
24
18
00
00
ENDCHAR
STARTCHAR U+01B2
ENCODING 434
SWIDTH 500 0
DWIDTH 8 0
BBX 8 16 0 -2
BITMAP 
00
00
00
00
4C
42
42
42
42
42
42
44
48
30
00
00
ENDCHAR
STARTCHAR U+01B3
ENCODING 435
SWIDTH 500 0
DWIDTH 8 0
BBX 8 16 0 -2
BITMAP 
00
00
00
00
46
45
44
28
28
10
10
10
10
10
00
00
ENDCHAR
STARTCHAR U+01B4
ENCODING 436
SWIDTH 500 0
DWIDTH 8 0
BBX 8 16 0 -2
BITMAP 
00
00
00
00
00
03
44
44
44
44
44
24
1C
04
04
38
ENDCHAR
STARTCHAR U+01B5
ENCODING 437
SWIDTH 500 0
DWIDTH 8 0
BBX 8 16 0 -2
BITMAP 
00
00
00
00
7E
02
04
08
3C
10
20
40
40
7E
00
00
ENDCHAR
STARTCHAR U+01B6
ENCODING 438
SWIDTH 500 0
DWIDTH 8 0
BBX 8 16 0 -2
BITMAP 
00
00
00
00
00
00
7E
04
08
3C
10
20
40
7E
00
00
ENDCHAR
STARTCHAR U+01B7
ENCODING 439
SWIDTH 500 0
DWIDTH 8 0
BBX 8 16 0 -2
BITMAP 
00
00
00
00
7E
04
08
10
1C
02
02
02
46
3C
00
00
ENDCHAR
STARTCHAR U+01B8
ENCODING 440
SWIDTH 500 0
DWIDTH 8 0
BBX 8 16 0 -2
BITMAP 
00
00
00
00
7E
20
10
08
38
40
40
40
62
3C
00
00
ENDCHAR
STARTCHAR U+01B9
ENCODING 441
SWIDTH 500 0
DWIDTH 8 0
BBX 8 16 0 -2
BITMAP 
00
00
00
00
00
00
7C
20
10
08
38
40
40
40
42
3C
ENDCHAR
STARTCHAR U+01BA
ENCODING 442
SWIDTH 500 0
DWIDTH 8 0
BBX 8 16 0 -2
BITMAP 
00
00
00
00
00
00
3E
04
08
1C
02
02
3C
40
42
3C
ENDCHAR
STARTCHAR U+01BB
ENCODING 443
SWIDTH 500 0
DWIDTH 8 0
BBX 8 16 0 -2
BITMAP 
00
00
00
00
3C
42
42
04
08
7E
20
40
40
7E
00
00
ENDCHAR
STARTCHAR U+01BC
ENCODING 444
SWIDTH 500 0
DWIDTH 8 0
BBX 8 16 0 -2
BITMAP 
00
00
00
00
7E
20
20
20
3C
02
02
02
42
3C
00
00
ENDCHAR
STARTCHAR U+01BD
ENCODING 445
SWIDTH 500 0
DWIDTH 8 0
BBX 8 16 0 -2
BITMAP 
00
00
00
00
00
00
7E
20
20
3C
02
02
42
3C
00
00
ENDCHAR
STARTCHAR U+01BE
ENCODING 446
SWIDTH 500 0
DWIDTH 8 0
BBX 8 16 0 -2
BITMAP 
00
00
00
00
10
10
7C
10
10
18
04
04
44
38
00
00
ENDCHAR
STARTCHAR U+01BF
ENCODING 447
SWIDTH 500 0
DWIDTH 8 0
BBX 8 16 0 -2
BITMAP 
00
00
00
00
00
00
5C
62
42
42
44
48
50
60
40
40
ENDCHAR
STARTCHAR U+01C0
ENCODING 448
SWIDTH 500 0
DWIDTH 8 0
BBX 8 16 0 -2
BITMAP 
00
00
00
10
10
10
10
10
10
10
10
10
10
10
00
00
ENDCHAR
STARTCHAR U+01C1
ENCODING 449
SWIDTH 500 0
DWIDTH 8 0
BBX 8 16 0 -2
BITMAP 
00
00
00
28
28
28
28
28
28
28
28
28
28
28
00
00
ENDCHAR
STARTCHAR U+01C2
ENCODING 450
SWIDTH 500 0
DWIDTH 8 0
BBX 8 16 0 -2
BITMAP 
00
00
00
10
10
10
10
7C
10
7C
10
10
10
10
00
00
ENDCHAR
STARTCHAR U+01C3
ENCODING 451
SWIDTH 500 0
DWIDTH 8 0
BBX 8 16 0 -2
BITMAP 
00
00
00
00
08
08
08
08
08
08
08
00
08
08
00
00
ENDCHAR
STARTCHAR U+01C4
ENCODING 452
SWIDTH 500 0
DWIDTH 8 0
BBX 8 16 0 -2
BITMAP 
05
02
00
00
67
51
51
51
52
52
54
54
54
67
00
00
ENDCHAR
STARTCHAR U+01C5
ENCODING 453
SWIDTH 500 0
DWIDTH 8 0
BBX 8 16 0 -2
BITMAP 
00
00
05
02
60
50
57
51
51
52
52
54
54
67
00
00
ENDCHAR
STARTCHAR U+01C6
ENCODING 454
SWIDTH 500 0
DWIDTH 8 0
BBX 8 16 0 -2
BITMAP 
00
00
05
12
10
10
37
51
51
52
52
54
54
37
00
00
ENDCHAR
STARTCHAR U+01C7
ENCODING 455
SWIDTH 500 0
DWIDTH 8 0
BBX 8 16 0 -2
BITMAP 
00
00
00
00
47
41
41
41
41
41
41
49
49
76
00
00
ENDCHAR
STARTCHAR U+01C8
ENCODING 456
SWIDTH 500 0
DWIDTH 8 0
BBX 8 16 0 -2
BITMAP 
00
00
00
01
41
40
43
41
41
41
41
41
41
79
02
0C
ENDCHAR
STARTCHAR U+01C9
ENCODING 457
SWIDTH 500 0
DWIDTH 8 0
BBX 8 16 0 -2
BITMAP 
00
00
00
61
21
20
23
21
21
21
21
21
21
F9
02
0C
ENDCHAR
STARTCHAR U+01CA
ENCODING 458
SWIDTH 500 0
DWIDTH 8 0
BBX 8 16 0 -2
BITMAP 
00
00
00
00
4B
49
49
69
69
59
59
4D
4D
4A
00
00
ENDCHAR
STARTCHAR U+01CB
ENCODING 459
SWIDTH 500 0
DWIDTH 8 0
BBX 8 16 0 -2
BITMAP 
00
00
00
01
49
48
6B
69
69
59
59
59
49
49
12
0C
ENDCHAR
STARTCHAR U+01CC
ENCODING 460
SWIDTH 500 0
DWIDTH 8 0
BBX 8 16 0 -2
BITMAP 
00
00
00
01
01
00
53
69
49
49
49
49
49
49
12
0C
ENDCHAR
STARTCHAR U+01CD
ENCODING 461
SWIDTH 500 0
DWIDTH 8 0
BBX 8 16 0 -2
BITMAP 
24
18
00
00
18
24
24
42
42
7E
42
42
42
42
00
00
ENDCHAR
STARTCHAR U+01CE
ENCODING 462
SWIDTH 500 0
DWIDTH 8 0
BBX 8 16 0 -2
BITMAP 
00
00
24
18
00
00
3C
42
02
3E
42
42
46
3A
00
00
ENDCHAR
STARTCHAR U+01CF
ENCODING 463
SWIDTH 500 0
DWIDTH 8 0
BBX 8 16 0 -2
BITMAP 
24
18
00
00
3E
08
08
08
08
08
08
08
08
3E
00
00
ENDCHAR
STARTCHAR U+01D0
ENCODING 464
SWIDTH 500 0
DWIDTH 8 0
BBX 8 16 0 -2
BITMAP 
00
00
24
18
00
00
18
08
08
08
08
08
08
3E
00
00
ENDCHAR
STARTCHAR U+01D1
ENCODING 465
SWIDTH 500 0
DWIDTH 8 0
BBX 8 16 0 -2
BITMAP 
24
18
00
00
3C
42
42
42
42
42
42
42
42
3C
00
00
ENDCHAR
STARTCHAR U+01D2
ENCODING 466
SWIDTH 500 0
DWIDTH 8 0
BBX 8 16 0 -2
BITMAP 
00
00
24
18
00
00
3C
42
42
42
42
42
42
3C
00
00
ENDCHAR
STARTCHAR U+01D3
ENCODING 467
SWIDTH 500 0
DWIDTH 8 0
BBX 8 16 0 -2
BITMAP 
24
18
00
00
42
42
42
42
42
42
42
42
42
3C
00
00
ENDCHAR
STARTCHAR U+01D4
ENCODING 468
SWIDTH 500 0
DWIDTH 8 0
BBX 8 16 0 -2
BITMAP 
00
00
24
18
00
00
42
42
42
42
42
42
46
3A
00
00
ENDCHAR
STARTCHAR U+01D5
ENCODING 469
SWIDTH 500 0
DWIDTH 8 0
BBX 8 16 0 -2
BITMAP 
3C
00
24
00
42
42
42
42
42
42
42
42
42
3C
00
00
ENDCHAR
STARTCHAR U+01D6
ENCODING 470
SWIDTH 500 0
DWIDTH 8 0
BBX 8 16 0 -2
BITMAP 
00
3C
00
24
24
00
42
42
42
42
42
42
46
3A
00
00
ENDCHAR
STARTCHAR U+01D7
ENCODING 471
SWIDTH 500 0
DWIDTH 8 0
BBX 8 16 0 -2
BITMAP 
0C
30
00
24
00
42
42
42
42
42
42
42
42
3C
00
00
ENDCHAR
STARTCHAR U+01D8
ENCODING 472
SWIDTH 500 0
DWIDTH 8 0
BBX 8 16 0 -2
BITMAP 
0C
30
00
24
24
00
42
42
42
42
42
42
46
3A
00
00
ENDCHAR
STARTCHAR U+01D9
ENCODING 473
SWIDTH 500 0
DWIDTH 8 0
BBX 8 16 0 -2
BITMAP 
24
18
00
24
00
42
42
42
42
42
42
42
42
3C
00
00
ENDCHAR
STARTCHAR U+01DA
ENCODING 474
SWIDTH 500 0
DWIDTH 8 0
BBX 8 16 0 -2
BITMAP 
24
18
00
24
24
00
42
42
42
42
42
42
46
3A
00
00
ENDCHAR
STARTCHAR U+01DB
ENCODING 475
SWIDTH 500 0
DWIDTH 8 0
BBX 8 16 0 -2
BITMAP 
30
0C
00
24
00
42
42
42
42
42
42
42
42
3C
00
00
ENDCHAR
STARTCHAR U+01DC
ENCODING 476
SWIDTH 500 0
DWIDTH 8 0
BBX 8 16 0 -2
BITMAP 
30
0C
00
24
24
00
42
42
42
42
42
42
46
3A
00
00
ENDCHAR
STARTCHAR U+01DD
ENCODING 477
SWIDTH 500 0
DWIDTH 8 0
BBX 8 16 0 -2
BITMAP 
00
00
00
00
00
00
3C
42
02
02
7E
42
42
3C
00
00
ENDCHAR
STARTCHAR U+01DE
ENCODING 478
SWIDTH 500 0
DWIDTH 8 0
BBX 8 16 0 -2
BITMAP 
3C
00
24
00
18
24
24
42
42
7E
42
42
42
42
00
00
ENDCHAR
STARTCHAR U+01DF
ENCODING 479
SWIDTH 500 0
DWIDTH 8 0
BBX 8 16 0 -2
BITMAP 
00
3C
00
24
24
00
3C
42
02
3E
42
42
46
3A
00
00
ENDCHAR
STARTCHAR U+01E0
ENCODING 480
SWIDTH 500 0
DWIDTH 8 0
BBX 8 16 0 -2
BITMAP 
3C
00
18
00
18
24
24
42
42
7E
42
42
42
42
00
00
ENDCHAR
STARTCHAR U+01E1
ENCODING 481
SWIDTH 500 0
DWIDTH 8 0
BBX 8 16 0 -2
BITMAP 
00
3C
00
10
10
00
3C
42
02
3E
42
42
46
3A
00
00
ENDCHAR
STARTCHAR U+01E2
ENCODING 482
SWIDTH 500 0
DWIDTH 8 0
BBX 8 16 0 -2
BITMAP 
00
3C
00
00
1F
28
48
48
7F
48
48
48
48
4F
00
00
ENDCHAR
STARTCHAR U+01E3
ENCODING 483
SWIDTH 500 0
DWIDTH 8 0
BBX 8 16 0 -2
BITMAP 
00
00
00
3C
00
00
3E
49
09
3F
48
48
49
3E
00
00
ENDCHAR
STARTCHAR U+01E4
ENCODING 484
SWIDTH 500 0
DWIDTH 8 0
BBX 8 16 0 -2
BITMAP 
00
00
00
00
3C
42
42
40
40
4E
42
4F
42
3E
00
00
ENDCHAR
STARTCHAR U+01E5
ENCODING 485
SWIDTH 500 0
DWIDTH 8 0
BBX 8 16 0 -2
BITMAP 
00
00
00
00
00
02
3A
44
44
44
38
20
3C
4F
42
3C
ENDCHAR
STARTCHAR U+01E6
ENCODING 486
SWIDTH 500 0
DWIDTH 8 0
BBX 8 16 0 -2
BITMAP 
24
18
00
00
3C
42
42
40
40
4E
42
42
46
3A
00
00
ENDCHAR
STARTCHAR U+01E7
ENCODING 487
SWIDTH 500 0
DWIDTH 8 0
BBX 8 16 0 -2
BITMAP 
00
00
24
18
00
02
3A
44
44
44
38
20
3C
42
42
3C
ENDCHAR
STARTCHAR U+01E8
ENCODING 488
SWIDTH 500 0
DWIDTH 8 0
BBX 8 16 0 -2
BITMAP 
24
18
00
00
42
44
48
50
60
60
50
48
44
42
00
00
ENDCHAR
STARTCHAR U+01E9
ENCODING 489
SWIDTH 500 0
DWIDTH 8 0
BBX 8 16 0 -2
BITMAP 
24
18
00
40
40
40
44
48
50
60
50
48
44
42
00
00
ENDCHAR
STARTCHAR U+01EA
ENCODING 490
SWIDTH 500 0
DWIDTH 8 0
BBX 8 16 0 -2
BITMAP 
00
00
00
00
3C
42
42
42
42
42
42
42
42
3C
10
0C
ENDCHAR
STARTCHAR U+01EB
ENCODING 491
SWIDTH 500 0
DWIDTH 8 0
BBX 8 16 0 -2
BITMAP 
00
00
00
00
00
00
3C
42
42
42
42
42
42
3C
10
0C
ENDCHAR
STARTCHAR U+01EC
ENCODING 492
SWIDTH 500 0
DWIDTH 8 0
BBX 8 16 0 -2
BITMAP 
00
3C
00
00
3C
42
42
42
42
42
42
42
42
3C
10
0C
ENDCHAR
STARTCHAR U+01ED
ENCODING 493
SWIDTH 500 0
DWIDTH 8 0
BBX 8 16 0 -2
BITMAP 
00
00
00
3C
00
00
3C
42
42
42
42
42
42
3C
10
0C
ENDCHAR
STARTCHAR U+01EE
ENCODING 494
SWIDTH 500 0
DWIDTH 8 0
BBX 8 16 0 -2
BITMAP 
24
18
00
00
7E
04
08
10
1C
02
02
02
46
3C
00
00
ENDCHAR
STARTCHAR U+01EF
ENCODING 495
SWIDTH 500 0
DWIDTH 8 0
BBX 8 16 0 -2
BITMAP 
00
00
24
18
00
00
3E
04
08
10
1C
02
02
02
42
3C
ENDCHAR
STARTCHAR U+01F0
ENCODING 496
SWIDTH 500 0
DWIDTH 8 0
BBX 8 16 0 -2
BITMAP 
00
00
12
0C
00
00
0C
04
04
04
04
04
04
04
48
30
ENDCHAR
STARTCHAR U+01F1
ENCODING 497
SWIDTH 500 0
DWIDTH 8 0
BBX 8 16 0 -2
BITMAP 
00
00
00
00
67
51
51
51
52
52
54
54
54
67
00
00
ENDCHAR
STARTCHAR U+01F2
ENCODING 498
SWIDTH 500 0
DWIDTH 8 0
BBX 8 16 0 -2
BITMAP 
00
00
00
00
60
50
57
51
51
52
52
54
54
67
00
00
ENDCHAR
STARTCHAR U+01F3
ENCODING 499
SWIDTH 500 0
DWIDTH 8 0
BBX 8 16 0 -2
BITMAP 
00
00
00
10
10
10
37
51
51
52
52
54
54
37
00
00
ENDCHAR
STARTCHAR U+01F4
ENCODING 500
SWIDTH 500 0
DWIDTH 8 0
BBX 8 16 0 -2
BITMAP 
0C
30
00
00
3C
42
42
40
40
4E
42
42
46
3A
00
00
ENDCHAR
STARTCHAR U+01F5
ENCODING 501
SWIDTH 500 0
DWIDTH 8 0
BBX 8 16 0 -2
BITMAP 
00
00
0C
30
00
02
3A
44
44
44
38
20
3C
42
42
3C
ENDCHAR
STARTCHAR U+01F6
ENCODING 502
SWIDTH 500 0
DWIDTH 8 0
BBX 8 16 0 -2
BITMAP 
00
00
00
00
48
48
48
4A
7A
4A
4A
4A
4A
44
00
00
ENDCHAR
STARTCHAR U+01F7
ENCODING 503
SWIDTH 500 0
DWIDTH 8 0
BBX 8 16 0 -2
BITMAP 
00
00
00
00
5C
62
42
42
44
48
50
60
40
40
40
00
ENDCHAR
STARTCHAR U+01F8
ENCODING 504
SWIDTH 500 0
DWIDTH 8 0
BBX 8 16 0 -2
BITMAP 
00
30
0C
00
42
62
62
52
52
4A
4A
46
46
42
00
00
ENDCHAR
STARTCHAR U+01F9
ENCODING 505
SWIDTH 500 0
DWIDTH 8 0
BBX 8 16 0 -2
BITMAP 
00
00
00
30
0C
00
5C
62
42
42
42
42
42
42
00
00
ENDCHAR
STARTCHAR U+01FA
ENCODING 506
SWIDTH 500 0
DWIDTH 8 0
BBX 8 16 0 -2
BITMAP 
0C
30
18
24
18
18
24
24
42
7E
42
42
42
42
00
00
ENDCHAR
STARTCHAR U+01FB
ENCODING 507
SWIDTH 500 0
DWIDTH 8 0
BBX 8 16 0 -2
BITMAP 
0C
30
00
18
24
18
00
3C
42
02
3E
42
46
3A
00
00
ENDCHAR
STARTCHAR U+01FC
ENCODING 508
SWIDTH 500 0
DWIDTH 8 0
BBX 8 16 0 -2
BITMAP 
06
18
00
00
1F
28
48
48
7F
48
48
48
48
4F
00
00
ENDCHAR
STARTCHAR U+01FD
ENCODING 509
SWIDTH 500 0
DWIDTH 8 0
BBX 8 16 0 -2
BITMAP 
00
00
06
18
00
00
3E
49
09
3F
48
48
49
3E
00
00
ENDCHAR
STARTCHAR U+01FE
ENCODING 510
SWIDTH 500 0
DWIDTH 8 0
BBX 8 16 0 -2
BITMAP 
0C
30
00
02
3A
44
46
4A
4A
52
52
62
22
5C
40
00
ENDCHAR
STARTCHAR U+01FF
ENCODING 511
SWIDTH 500 0
DWIDTH 8 0
BBX 8 16 0 -2
BITMAP 
00
00
0C
30
00
02
3C
46
4A
4A
52
52
62
3C
40
00
ENDCHAR
STARTCHAR U+0200
ENCODING 512
SWIDTH 500 0
DWIDTH 8 0
BBX 8 16 0 -2
BITMAP 
CC
22
00
00
18
24
24
42
42
7E
42
42
42
42
00
00
ENDCHAR
STARTCHAR U+0201
ENCODING 513
SWIDTH 500 0
DWIDTH 8 0
BBX 8 16 0 -2
BITMAP 
00
00
CC
22
00
00
3C
42
02
3E
42
42
46
3A
00
00
ENDCHAR
STARTCHAR U+0202
ENCODING 514
SWIDTH 500 0
DWIDTH 8 0
BBX 8 16 0 -2
BITMAP 
3C
42
42
00
18
24
24
42
42
7E
42
42
42
42
00
00
ENDCHAR
STARTCHAR U+0203
ENCODING 515
SWIDTH 500 0
DWIDTH 8 0
BBX 8 16 0 -2
BITMAP 
00
00
3C
42
42
00
3C
42
02
3E
42
42
46
3A
00
00
ENDCHAR
STARTCHAR U+0204
ENCODING 516
SWIDTH 500 0
DWIDTH 8 0
BBX 8 16 0 -2
BITMAP 
CC
22
00
00
7E
40
40
40
7C
40
40
40
40
7E
00
00
ENDCHAR
STARTCHAR U+0205
ENCODING 517
SWIDTH 500 0
DWIDTH 8 0
BBX 8 16 0 -2
BITMAP 
00
00
CC
22
00
00
3C
42
42
7E
40
40
42
3C
00
00
ENDCHAR
STARTCHAR U+0206
ENCODING 518
SWIDTH 500 0
DWIDTH 8 0
BBX 8 16 0 -2
BITMAP 
3C
42
42
00
7E
40
40
40
7C
40
40
40
40
7E
00
00
ENDCHAR
STARTCHAR U+0207
ENCODING 519
SWIDTH 500 0
DWIDTH 8 0
BBX 8 16 0 -2
BITMAP 
00
00
3C
42
42
00
3C
42
42
7E
40
40
42
3C
00
00
ENDCHAR
STARTCHAR U+0208
ENCODING 520
SWIDTH 500 0
DWIDTH 8 0
BBX 8 16 0 -2
BITMAP 
CC
22
00
00
3E
08
08
08
08
08
08
08
08
3E
00
00
ENDCHAR
STARTCHAR U+0209
ENCODING 521
SWIDTH 500 0
DWIDTH 8 0
BBX 8 16 0 -2
BITMAP 
00
00
CC
22
00
00
18
08
08
08
08
08
08
3E
00
00
ENDCHAR
STARTCHAR U+020A
ENCODING 522
SWIDTH 500 0
DWIDTH 8 0
BBX 8 16 0 -2
BITMAP 
3C
42
42
00
3E
08
08
08
08
08
08
08
08
3E
00
00
ENDCHAR
STARTCHAR U+020B
ENCODING 523
SWIDTH 500 0
DWIDTH 8 0
BBX 8 16 0 -2
BITMAP 
00
00
3C
42
42
00
18
08
08
08
08
08
08
3E
00
00
ENDCHAR
STARTCHAR U+020C
ENCODING 524
SWIDTH 500 0
DWIDTH 8 0
BBX 8 16 0 -2
BITMAP 
CC
22
00
00
3C
42
42
42
42
42
42
42
42
3C
00
00
ENDCHAR
STARTCHAR U+020D
ENCODING 525
SWIDTH 500 0
DWIDTH 8 0
BBX 8 16 0 -2
BITMAP 
00
00
CC
22
00
00
3C
42
42
42
42
42
42
3C
00
00
ENDCHAR
STARTCHAR U+020E
ENCODING 526
SWIDTH 500 0
DWIDTH 8 0
BBX 8 16 0 -2
BITMAP 
3C
42
42
00
3C
42
42
42
42
42
42
42
42
3C
00
00
ENDCHAR
STARTCHAR U+020F
ENCODING 527
SWIDTH 500 0
DWIDTH 8 0
BBX 8 16 0 -2
BITMAP 
00
00
3C
42
42
00
3C
42
42
42
42
42
42
3C
00
00
ENDCHAR
STARTCHAR U+0210
ENCODING 528
SWIDTH 500 0
DWIDTH 8 0
BBX 8 16 0 -2
BITMAP 
CC
22
00
00
7C
42
42
42
7C
48
44
44
42
42
00
00
ENDCHAR
STARTCHAR U+0211
ENCODING 529
SWIDTH 500 0
DWIDTH 8 0
BBX 8 16 0 -2
BITMAP 
00
00
CC
22
00
00
5C
62
42
40
40
40
40
40
00
00
ENDCHAR
STARTCHAR U+0212
ENCODING 530
SWIDTH 500 0
DWIDTH 8 0
BBX 8 16 0 -2
BITMAP 
3C
42
42
00
7C
42
42
42
7C
48
44
44
42
42
00
00
ENDCHAR
STARTCHAR U+0213
ENCODING 531
SWIDTH 500 0
DWIDTH 8 0
BBX 8 16 0 -2
BITMAP 
00
00
3C
42
42
00
5C
62
42
40
40
40
40
40
00
00
ENDCHAR
STARTCHAR U+0214
ENCODING 532
SWIDTH 500 0
DWIDTH 8 0
BBX 8 16 0 -2
BITMAP 
CC
22
00
00
42
42
42
42
42
42
42
42
42
3C
00
00
ENDCHAR
STARTCHAR U+0215
ENCODING 533
SWIDTH 500 0
DWIDTH 8 0
BBX 8 16 0 -2
BITMAP 
00
00
CC
22
00
00
42
42
42
42
42
42
46
3A
00
00
ENDCHAR
STARTCHAR U+0216
ENCODING 534
SWIDTH 500 0
DWIDTH 8 0
BBX 8 16 0 -2
BITMAP 
3C
42
42
00
42
42
42
42
42
42
42
42
42
3C
00
00
ENDCHAR
STARTCHAR U+0217
ENCODING 535
SWIDTH 500 0
DWIDTH 8 0
BBX 8 16 0 -2
BITMAP 
00
00
3C
42
42
00
42
42
42
42
42
42
46
3A
00
00
ENDCHAR
STARTCHAR U+0218
ENCODING 536
SWIDTH 500 0
DWIDTH 8 0
BBX 8 16 0 -2
BITMAP 
00
00
00
00
3C
42
42
40
30
0C
02
42
42
3C
08
10
ENDCHAR
STARTCHAR U+0219
ENCODING 537
SWIDTH 500 0
DWIDTH 8 0
BBX 8 16 0 -2
BITMAP 
00
00
00
00
00
00
3C
42
40
30
0C
02
42
3C
08
10
ENDCHAR
STARTCHAR U+021A
ENCODING 538
SWIDTH 500 0
DWIDTH 8 0
BBX 8 16 0 -2
BITMAP 
00
00
00
00
7F
08
08
08
08
08
08
08
08
08
02
04
ENDCHAR
STARTCHAR U+021B
ENCODING 539
SWIDTH 500 0
DWIDTH 8 0
BBX 8 16 0 -2
BITMAP 
00
00
00
00
10
10
10
7C
10
10
10
10
10
0C
20
40
ENDCHAR
STARTCHAR U+021C
ENCODING 540
SWIDTH 500 0
DWIDTH 8 0
BBX 8 16 0 -2
BITMAP 
00
00
00
00
3C
42
42
02
0C
34
02
02
02
0C
30
00
ENDCHAR
STARTCHAR U+021D
ENCODING 541
SWIDTH 500 0
DWIDTH 8 0
BBX 8 16 0 -2
BITMAP 
00
00
00
00
00
00
3C
42
02
02
0C
32
02
02
0C
30
ENDCHAR
STARTCHAR U+021E
ENCODING 542
SWIDTH 500 0
DWIDTH 8 0
BBX 8 16 0 -2
BITMAP 
00
24
18
00
42
42
42
42
7E
42
42
42
42
42
00
00
ENDCHAR
STARTCHAR U+021F
ENCODING 543
SWIDTH 500 0
DWIDTH 8 0
BBX 8 16 0 -2
BITMAP 
00
24
18
00
40
40
40
5C
62
42
42
42
42
42
00
00
ENDCHAR
STARTCHAR U+0220
ENCODING 544
SWIDTH 500 0
DWIDTH 8 0
BBX 8 16 0 -2
BITMAP 
00
00
00
00
5C
62
42
42
42
42
42
42
42
42
02
02
ENDCHAR
STARTCHAR U+0221
ENCODING 545
SWIDTH 500 0
DWIDTH 8 0
BBX 8 16 0 -2
BITMAP 
00
00
00
02
02
02
3A
46
42
42
42
42
47
3B
02
04
ENDCHAR
STARTCHAR U+0222
ENCODING 546
SWIDTH 500 0
DWIDTH 8 0
BBX 8 16 0 -2
BITMAP 
00
00
00
00
08
24
42
42
24
3C
42
42
42
3C
00
00
ENDCHAR
STARTCHAR U+0223
ENCODING 547
SWIDTH 500 0
DWIDTH 8 0
BBX 8 16 0 -2
BITMAP 
00
00
00
00
00
00
12
22
24
18
24
22
22
1C
00
00
ENDCHAR
STARTCHAR U+0224
ENCODING 548
SWIDTH 500 0
DWIDTH 8 0
BBX 8 16 0 -2
BITMAP 
00
00
00
00
7E
02
02
04
08
10
20
40
40
7E
02
04
ENDCHAR
STARTCHAR U+0225
ENCODING 549
SWIDTH 500 0
DWIDTH 8 0
BBX 8 16 0 -2
BITMAP 
00
00
00
00
00
00
7E
02
04
08
10
20
40
7E
02
04
ENDCHAR
STARTCHAR U+0226
ENCODING 550
SWIDTH 500 0
DWIDTH 8 0
BBX 8 16 0 -2
BITMAP 
00
00
08
00
18
24
24
42
42
7E
42
42
42
42
00
00
ENDCHAR
STARTCHAR U+0227
ENCODING 551
SWIDTH 500 0
DWIDTH 8 0
BBX 8 16 0 -2
BITMAP 
00
00
00
00
08
00
3C
42
02
3E
42
42
46
3A
00
00
ENDCHAR
STARTCHAR U+0228
ENCODING 552
SWIDTH 500 0
DWIDTH 8 0
BBX 8 16 0 -2
BITMAP 
00
00
00
00
7E
40
40
40
7C
40
40
40
40
7E
08
30
ENDCHAR
STARTCHAR U+0229
ENCODING 553
SWIDTH 500 0
DWIDTH 8 0
BBX 8 16 0 -2
BITMAP 
00
00
00
00
00
00
3C
42
42
7E
40
40
42
3C
08
30
ENDCHAR
STARTCHAR U+022A
ENCODING 554
SWIDTH 500 0
DWIDTH 8 0
BBX 8 16 0 -2
BITMAP 
3C
00
24
00
3C
42
42
42
42
42
42
42
42
3C
00
00
ENDCHAR
STARTCHAR U+022B
ENCODING 555
SWIDTH 500 0
DWIDTH 8 0
BBX 8 16 0 -2
BITMAP 
00
00
3C
00
24
00
3C
42
42
42
42
42
42
3C
00
00
ENDCHAR
STARTCHAR U+022C
ENCODING 556
SWIDTH 500 0
DWIDTH 8 0
BBX 8 16 0 -2
BITMAP 
3C
00
32
4C
00
3C
42
42
42
42
42
42
42
3C
00
00
ENDCHAR
STARTCHAR U+022D
ENCODING 557
SWIDTH 500 0
DWIDTH 8 0
BBX 8 16 0 -2
BITMAP 
00
3C
00
32
4C
00
3C
42
42
42
42
42
42
3C
00
00
ENDCHAR
STARTCHAR U+022E
ENCODING 558
SWIDTH 500 0
DWIDTH 8 0
BBX 8 16 0 -2
BITMAP 
00
00
08
00
3C
42
42
42
42
42
42
42
42
3C
00
00
ENDCHAR
STARTCHAR U+022F
ENCODING 559
SWIDTH 500 0
DWIDTH 8 0
BBX 8 16 0 -2
BITMAP 
00
00
00
00
08
00
3C
42
42
42
42
42
42
3C
00
00
ENDCHAR
STARTCHAR U+0230
ENCODING 560
SWIDTH 500 0
DWIDTH 8 0
BBX 8 16 0 -2
BITMAP 
3C
00
08
00
3C
42
42
42
42
42
42
42
42
3C
00
00
ENDCHAR
STARTCHAR U+0231
ENCODING 561
SWIDTH 500 0
DWIDTH 8 0
BBX 8 16 0 -2
BITMAP 
00
00
3C
00
08
00
3C
42
42
42
42
42
42
3C
00
00
ENDCHAR
STARTCHAR U+0232
ENCODING 562
SWIDTH 500 0
DWIDTH 8 0
BBX 8 16 0 -2
BITMAP 
00
00
3E
00
41
41
22
22
14
08
08
08
08
08
00
00
ENDCHAR
STARTCHAR U+0233
ENCODING 563
SWIDTH 500 0
DWIDTH 8 0
BBX 8 16 0 -2
BITMAP 
00
00
00
00
3C
00
42
42
42
42
42
26
1A
02
02
3C
ENDCHAR
STARTCHAR U+0234
ENCODING 564
SWIDTH 500 0
DWIDTH 8 0
BBX 8 16 0 -2
BITMAP 
00
00
00
18
08
08
08
08
08
08
08
08
0C
0C
10
20
ENDCHAR
STARTCHAR U+0235
ENCODING 565
SWIDTH 500 0
DWIDTH 8 0
BBX 8 16 0 -2
BITMAP 
00
00
00
00
00
00
5C
62
42
42
42
42
43
43
02
04
ENDCHAR
STARTCHAR U+0236
ENCODING 566
SWIDTH 500 0
DWIDTH 8 0
BBX 8 16 0 -2
BITMAP 
00
00
00
00
10
10
10
7C
10
10
10
10
16
0E
08
10
ENDCHAR
STARTCHAR U+0237
ENCODING 567
SWIDTH 500 0
DWIDTH 8 0
BBX 8 16 0 -2
BITMAP 
00
00
00
00
00
00
0C
04
04
04
04
04
04
04
48
30
ENDCHAR
STARTCHAR U+0238
ENCODING 568
SWIDTH 500 0
DWIDTH 8 0
BBX 8 16 0 -2
BITMAP 
00
00
00
10
10
10
54
BA
92
92
92
92
BA
54
00
00
ENDCHAR
STARTCHAR U+0239
ENCODING 569
SWIDTH 500 0
DWIDTH 8 0
BBX 8 16 0 -2
BITMAP 
00
00
00
00
00
00
54
BA
92
92
92
92
BA
54
10
10
ENDCHAR
STARTCHAR U+023A
ENCODING 570
SWIDTH 500 0
DWIDTH 8 0
BBX 8 16 0 -2
BITMAP 
00
00
00
02
1A
24
2C
4A
52
7E
62
42
42
C2
00
00
ENDCHAR
STARTCHAR U+023B
ENCODING 571
SWIDTH 500 0
DWIDTH 8 0
BBX 8 16 0 -2
BITMAP 
00
00
00
02
3C
46
4A
48
50
50
60
62
42
7C
80
00
ENDCHAR
STARTCHAR U+023C
ENCODING 572
SWIDTH 500 0
DWIDTH 8 0
BBX 8 16 0 -2
BITMAP 
00
00
00
00
02
04
3C
4A
50
50
60
60
42
7C
80
00
ENDCHAR
STARTCHAR U+023D
ENCODING 573
SWIDTH 500 0
DWIDTH 8 0
BBX 8 16 0 -2
BITMAP 
00
00
00
00
20
20
20
20
78
20
20
20
20
3E
00
00
ENDCHAR
STARTCHAR U+023E
ENCODING 574
SWIDTH 500 0
DWIDTH 8 0
BBX 8 16 0 -2
BITMAP 
00
00
01
02
7F
0C
0C
08
08
18
18
28
28
48
00
00
ENDCHAR
STARTCHAR U+023F
ENCODING 575
SWIDTH 500 0
DWIDTH 8 0
BBX 8 16 0 -2
BITMAP 
00
00
00
00
00
00
3C
42
40
30
0C
02
42
3C
09
06
ENDCHAR
STARTCHAR U+0240
ENCODING 576
SWIDTH 500 0
DWIDTH 8 0
BBX 8 16 0 -2
BITMAP 
00
00
00
00
00
00
7E
02
04
08
10
20
40
60
10
0E
ENDCHAR
STARTCHAR U+0241
ENCODING 577
SWIDTH 500 0
DWIDTH 8 0
BBX 8 16 0 -2
BITMAP 
00
00
00
00
3C
42
42
02
04
08
08
08
08
08
00
00
ENDCHAR
STARTCHAR U+0242
ENCODING 578
SWIDTH 500 0
DWIDTH 8 0
BBX 8 16 0 -2
BITMAP 
00
00
00
00
00
00
3C
42
42
02
04
08
08
08
00
00
ENDCHAR
STARTCHAR U+0243
ENCODING 579
SWIDTH 500 0
DWIDTH 8 0
BBX 8 16 0 -2
BITMAP 
00
00
00
00
3C
22
22
22
3C
22
7A
22
22
3C
00
00
ENDCHAR
STARTCHAR U+0244
ENCODING 580
SWIDTH 500 0
DWIDTH 8 0
BBX 8 16 0 -2
BITMAP 
00
00
00
00
44
44
44
44
44
FE
44
44
44
38
00
00
ENDCHAR
STARTCHAR U+0245
ENCODING 581
SWIDTH 500 0
DWIDTH 8 0
BBX 8 16 0 -2
BITMAP 
00
00
00
00
18
18
18
24
24
24
24
42
42
42
00
00
ENDCHAR
STARTCHAR U+0246
ENCODING 582
SWIDTH 500 0
DWIDTH 8 0
BBX 8 16 0 -2
BITMAP 
00
00
04
04
7E
48
48
50
7C
50
50
60
60
7E
40
40
ENDCHAR
STARTCHAR U+0247
ENCODING 583
SWIDTH 500 0
DWIDTH 8 0
BBX 8 16 0 -2
BITMAP 
00
00
00
00
00
02
3C
46
4A
7E
50
60
42
7C
80
00
ENDCHAR
STARTCHAR U+0248
ENCODING 584
SWIDTH 500 0
DWIDTH 8 0
BBX 8 16 0 -2
BITMAP 
00
00
00
00
1F
04
04
04
04
1F
04
44
44
38
00
00
ENDCHAR
STARTCHAR U+0249
ENCODING 585
SWIDTH 500 0
DWIDTH 8 0
BBX 8 16 0 -2
BITMAP 
00
00
00
04
04
00
0C
04
04
1F
04
04
04
04
48
30
ENDCHAR
STARTCHAR U+024A
ENCODING 586
SWIDTH 500 0
DWIDTH 8 0
BBX 8 16 0 -2
BITMAP 
00
00
00
00
38
44
44
44
44
44
44
44
4C
34
04
03
ENDCHAR
STARTCHAR U+024B
ENCODING 587
SWIDTH 500 0
DWIDTH 8 0
BBX 8 16 0 -2
BITMAP 
00
00
00
00
00
00
34
4C
44
44
44
44
4C
34
04
03
ENDCHAR
STARTCHAR U+024C
ENCODING 588
SWIDTH 500 0
DWIDTH 8 0
BBX 8 16 0 -2
BITMAP 
00
00
00
00
3C
22
22
22
7C
28
24
24
22
22
00
00
ENDCHAR
STARTCHAR U+024D
ENCODING 589
SWIDTH 500 0
DWIDTH 8 0
BBX 8 16 0 -2
BITMAP 
00
00
00
00
00
00
2C
32
22
70
20
20
20
20
00
00
ENDCHAR
STARTCHAR U+024E
ENCODING 590
SWIDTH 500 0
DWIDTH 8 0
BBX 8 16 0 -2
BITMAP 
00
00
00
00
41
41
22
7F
14
08
08
08
08
08
00
00
ENDCHAR
STARTCHAR U+024F
ENCODING 591
SWIDTH 500 0
DWIDTH 8 0
BBX 8 16 0 -2
BITMAP 
00
00
00
00
00
00
22
22
22
7F
22
12
0E
02
02
1C
ENDCHAR
STARTCHAR U+0370
ENCODING 880
SWIDTH 500 0
DWIDTH 8 0
BBX 8 16 0 -2
BITMAP 
00
00
00
00
40
40
40
40
7C
40
40
40
40
40
00
00
ENDCHAR
STARTCHAR U+0371
ENCODING 881
SWIDTH 500 0
DWIDTH 8 0
BBX 8 16 0 -2
BITMAP 
00
00
00
00
00
00
60
10
10
1E
10
10
10
10
00
00
ENDCHAR
STARTCHAR U+0372
ENCODING 882
SWIDTH 500 0
DWIDTH 8 0
BBX 8 16 0 -2
BITMAP 
00
00
00
00
7F
49
49
49
08
08
08
08
08
08
00
00
ENDCHAR
STARTCHAR U+0373
ENCODING 883
SWIDTH 500 0
DWIDTH 8 0
BBX 8 16 0 -2
BITMAP 
00
00
00
00
7C
54
54
54
10
10
10
10
10
10
00
00
ENDCHAR
STARTCHAR U+0374
ENCODING 884
SWIDTH 500 0
DWIDTH 8 0
BBX 8 16 0 -2
BITMAP 
00
00
00
00
0C
18
10
20
00
00
00
00
00
00
00
00
ENDCHAR
STARTCHAR U+0375
ENCODING 885
SWIDTH 500 0
DWIDTH 8 0
BBX 8 16 0 -2
BITMAP 
00
00
00
00
00
00
00
00
00
00
00
00
04
08
18
30
ENDCHAR
STARTCHAR U+0376
ENCODING 886
SWIDTH 500 0
DWIDTH 8 0
BBX 8 16 0 -2
BITMAP 
00
00
00
00
42
46
46
4A
4A
52
52
62
62
42
00
00
ENDCHAR
STARTCHAR U+0377
ENCODING 887
SWIDTH 500 0
DWIDTH 8 0
BBX 8 16 0 -2
BITMAP 
00
00
00
00
00
00
44
4C
4C
54
54
64
64
44
00
00
ENDCHAR
STARTCHAR U+0378
ENCODING 888
SWIDTH 1000 0
DWIDTH 16 0
BBX 16 16 0 -2
BITMAP 
0000
7FFE
738E
6DF6
6DC6
6DF6
738E
7FFE
7FFE
61CE
7DB6
7BCE
77B6
77CE
7FFE
0000
ENDCHAR
STARTCHAR U+0379
ENCODING 889
SWIDTH 1000 0
DWIDTH 16 0
BBX 16 16 0 -2
BITMAP 
0000
7FFE
738E
6DF6
6DC6
6DF6
738E
7FFE
7FFE
61CE
7DB6
7BC6
77F6
77CE
7FFE
0000
ENDCHAR
STARTCHAR U+037A
ENCODING 890
SWIDTH 500 0
DWIDTH 8 0
BBX 8 16 0 -2
BITMAP 
00
00
00
00
00
00
00
00
00
00
00
00
20
20
20
18
ENDCHAR
STARTCHAR U+037B
ENCODING 891
SWIDTH 500 0
DWIDTH 8 0
BBX 8 16 0 -2
BITMAP 
00
00
00
00
00
00
3C
42
02
02
02
02
42
3C
00
00
ENDCHAR
STARTCHAR U+037C
ENCODING 892
SWIDTH 500 0
DWIDTH 8 0
BBX 8 16 0 -2
BITMAP 
00
00
00
00
00
00
3C
42
40
58
58
40
42
3C
00
00
ENDCHAR
STARTCHAR U+037D
ENCODING 893
SWIDTH 500 0
DWIDTH 8 0
BBX 8 16 0 -2
BITMAP 
00
00
00
00
00
00
3C
42
02
1A
1A
02
42
3C
00
00
ENDCHAR
STARTCHAR U+037E
ENCODING 894
SWIDTH 500 0
DWIDTH 8 0
BBX 8 16 0 -2
BITMAP 
00
00
00
00
00
00
18
18
00
00
00
18
08
08
10
00
ENDCHAR
STARTCHAR U+037F
ENCODING 895
SWIDTH 500 0
DWIDTH 8 0
BBX 8 16 0 -2
BITMAP 
00
00
00
00
1F
04
04
04
04
04
04
44
44
38
00
00
ENDCHAR
STARTCHAR U+0380
ENCODING 896
SWIDTH 1000 0
DWIDTH 16 0
BBX 16 16 0 -2
BITMAP 
0000
7FFE
738E
6DF6
6DC6
6DF6
738E
7FFE
7FFE
73CE
6DB6
73B6
6DB6
73CE
7FFE
0000
ENDCHAR
STARTCHAR U+0381
ENCODING 897
SWIDTH 1000 0
DWIDTH 16 0
BBX 16 16 0 -2
BITMAP 
0000
7FFE
738E
6DF6
6DC6
6DF6
738E
7FFE
7FFE
73EE
6DCE
73EE
6DEE
73C6
7FFE
0000
ENDCHAR
STARTCHAR U+0382
ENCODING 898
SWIDTH 1000 0
DWIDTH 16 0
BBX 16 16 0 -2
BITMAP 
0000
7FFE
738E
6DF6
6DC6
6DF6
738E
7FFE
7FFE
7386
6DF6
7386
6DBE
7386
7FFE
0000
ENDCHAR
STARTCHAR U+0383
ENCODING 899
SWIDTH 1000 0
DWIDTH 16 0
BBX 16 16 0 -2
BITMAP 
0000
7FFE
738E
6DF6
6DC6
6DF6
738E
7FFE
7FFE
738E
6DF6
73C6
6DF6
738E
7FFE
0000
ENDCHAR
STARTCHAR U+0384
ENCODING 900
SWIDTH 500 0
DWIDTH 8 0
BBX 8 16 0 -2
BITMAP 
00
04
08
10
00
00
00
00
00
00
00
00
00
00
00
00
ENDCHAR
STARTCHAR U+0385
ENCODING 901
SWIDTH 500 0
DWIDTH 8 0
BBX 8 16 0 -2
BITMAP 
04
08
54
44
00
00
00
00
00
00
00
00
00
00
00
00
ENDCHAR
STARTCHAR U+0386
ENCODING 902
SWIDTH 500 0
DWIDTH 8 0
BBX 8 16 0 -2
BITMAP 
00
00
20
40
98
24
24
42
42
7E
42
42
42
42
00
00
ENDCHAR
STARTCHAR U+0387
ENCODING 903
SWIDTH 500 0
DWIDTH 8 0
BBX 8 16 0 -2
BITMAP 
00
00
00
00
00
00
00
00
18
18
00
00
00
00
00
00
ENDCHAR
STARTCHAR U+0388
ENCODING 904
SWIDTH 500 0
DWIDTH 8 0
BBX 8 16 0 -2
BITMAP 
00
00
20
40
BF
20
20
20
3E
20
20
20
20
3F
00
00
ENDCHAR
STARTCHAR U+0389
ENCODING 905
SWIDTH 500 0
DWIDTH 8 0
BBX 8 16 0 -2
BITMAP 
00
00
20
40
A1
21
21
21
3F
21
21
21
21
21
00
00
ENDCHAR
STARTCHAR U+038A
ENCODING 906
SWIDTH 500 0
DWIDTH 8 0
BBX 8 16 0 -2
BITMAP 
00
00
20
40
BE
08
08
08
08
08
08
08
08
3E
00
00
ENDCHAR
STARTCHAR U+038B
ENCODING 907
SWIDTH 1000 0
DWIDTH 16 0
BBX 16 16 0 -2
BITMAP 
0000
7FFE
738E
6DF6
6DC6
6DF6
738E
7FFE
7FFE
738E
6DB6
738E
6DB6
738E
7FFE
0000
ENDCHAR
STARTCHAR U+038C
ENCODING 908
SWIDTH 500 0
DWIDTH 8 0
BBX 8 16 0 -2
BITMAP 
00
00
20
40
BC
42
42
42
42
42
42
42
42
3C
00
00
ENDCHAR
STARTCHAR U+038D
ENCODING 909
SWIDTH 1000 0
DWIDTH 16 0
BBX 16 16 0 -2
BITMAP 
0000
7FFE
738E
6DF6
6DC6
6DF6
738E
7FFE
7FFE
738E
6DB6
73B6
6DB6
738E
7FFE
0000
ENDCHAR
STARTCHAR U+038E
ENCODING 910
SWIDTH 500 0
DWIDTH 8 0
BBX 8 16 0 -2
BITMAP 
00
00
20
40
C1
41
22
22
14
08
08
08
08
08
00
00
ENDCHAR
STARTCHAR U+038F
ENCODING 911
SWIDTH 500 0
DWIDTH 8 0
BBX 8 16 0 -2
BITMAP 
00
00
20
40
BE
41
41
41
41
41
22
14
14
77
00
00
ENDCHAR
STARTCHAR U+0390
ENCODING 912
SWIDTH 500 0
DWIDTH 8 0
BBX 8 16 0 -2
BITMAP 
04
08
10
44
44
00
30
10
10
10
10
10
10
0C
00
00
ENDCHAR
STARTCHAR U+0391
ENCODING 913
SWIDTH 500 0
DWIDTH 8 0
BBX 8 16 0 -2
BITMAP 
00
00
00
00
18
24
24
42
42
7E
42
42
42
42
00
00
ENDCHAR
STARTCHAR U+0392
ENCODING 914
SWIDTH 500 0
DWIDTH 8 0
BBX 8 16 0 -2
BITMAP 
00
00
00
00
7C
42
42
42
7C
42
42
42
42
7C
00
00
ENDCHAR
STARTCHAR U+0393
ENCODING 915
SWIDTH 500 0
DWIDTH 8 0
BBX 8 16 0 -2
BITMAP 
00
00
00
00
7E
42
40
40
40
40
40
40
40
40
00
00
ENDCHAR
STARTCHAR U+0394
ENCODING 916
SWIDTH 500 0
DWIDTH 8 0
BBX 8 16 0 -2
BITMAP 
00
00
00
00
08
08
14
14
22
22
22
41
41
7F
00
00
ENDCHAR
STARTCHAR U+0395
ENCODING 917
SWIDTH 500 0
DWIDTH 8 0
BBX 8 16 0 -2
BITMAP 
00
00
00
00
7E
40
40
40
7C
40
40
40
40
7E
00
00
ENDCHAR
STARTCHAR U+0396
ENCODING 918
SWIDTH 500 0
DWIDTH 8 0
BBX 8 16 0 -2
BITMAP 
00
00
00
00
7E
02
02
04
08
10
20
40
40
7E
00
00
ENDCHAR
STARTCHAR U+0397
ENCODING 919
SWIDTH 500 0
DWIDTH 8 0
BBX 8 16 0 -2
BITMAP 
00
00
00
00
42
42
42
42
7E
42
42
42
42
42
00
00
ENDCHAR
STARTCHAR U+0398
ENCODING 920
SWIDTH 500 0
DWIDTH 8 0
BBX 8 16 0 -2
BITMAP 
00
00
00
00
3C
42
42
42
5A
5A
42
42
42
3C
00
00
ENDCHAR
STARTCHAR U+0399
ENCODING 921
SWIDTH 500 0
DWIDTH 8 0
BBX 8 16 0 -2
BITMAP 
00
00
00
00
3E
08
08
08
08
08
08
08
08
3E
00
00
ENDCHAR
STARTCHAR U+039A
ENCODING 922
SWIDTH 500 0
DWIDTH 8 0
BBX 8 16 0 -2
BITMAP 
00
00
00
00
42
44
48
50
60
60
50
48
44
42
00
00
ENDCHAR
STARTCHAR U+039B
ENCODING 923
SWIDTH 500 0
DWIDTH 8 0
BBX 8 16 0 -2
BITMAP 
00
00
00
00
08
08
14
14
22
22
22
41
41
41
00
00
ENDCHAR
STARTCHAR U+039C
ENCODING 924
SWIDTH 500 0
DWIDTH 8 0
BBX 8 16 0 -2
BITMAP 
00
00
00
00
42
42
66
66
5A
5A
42
42
42
42
00
00
ENDCHAR
STARTCHAR U+039D
ENCODING 925
SWIDTH 500 0
DWIDTH 8 0
BBX 8 16 0 -2
BITMAP 
00
00
00
00
42
62
62
52
52
4A
4A
46
46
42
00
00
ENDCHAR
STARTCHAR U+039E
ENCODING 926
SWIDTH 500 0
DWIDTH 8 0
BBX 8 16 0 -2
BITMAP 
00
00
00
00
7E
00
00
00
3C
00
00
00
00
7E
00
00
ENDCHAR
STARTCHAR U+039F
ENCODING 927
SWIDTH 500 0
DWIDTH 8 0
BBX 8 16 0 -2
BITMAP 
00
00
00
00
3C
42
42
42
42
42
42
42
42
3C
00
00
ENDCHAR
STARTCHAR U+03A0
ENCODING 928
SWIDTH 500 0
DWIDTH 8 0
BBX 8 16 0 -2
BITMAP 
00
00
00
00
7F
22
22
22
22
22
22
22
22
22
00
00
ENDCHAR
STARTCHAR U+03A1
ENCODING 929
SWIDTH 500 0
DWIDTH 8 0
BBX 8 16 0 -2
BITMAP 
00
00
00
00
7C
42
42
42
7C
40
40
40
40
40
00
00
ENDCHAR
STARTCHAR U+03A2
ENCODING 930
SWIDTH 1000 0
DWIDTH 16 0
BBX 16 16 0 -2
BITMAP 
0000
7FFE
738E
6DF6
6DC6
6DF6
738E
7FFE
7FFE
6186
6DF6
6186
6DBE
6D86
7FFE
0000
ENDCHAR
STARTCHAR U+03A3
ENCODING 931
SWIDTH 500 0
DWIDTH 8 0
BBX 8 16 0 -2
BITMAP 
00
00
00
00
7E
40
20
10
08
08
10
20
40
7E
00
00
ENDCHAR
STARTCHAR U+03A4
ENCODING 932
SWIDTH 500 0
DWIDTH 8 0
BBX 8 16 0 -2
BITMAP 
00
00
00
00
7F
08
08
08
08
08
08
08
08
08
00
00
ENDCHAR
STARTCHAR U+03A5
ENCODING 933
SWIDTH 500 0
DWIDTH 8 0
BBX 8 16 0 -2
BITMAP 
00
00
00
00
41
41
22
22
14
08
08
08
08
08
00
00
ENDCHAR
STARTCHAR U+03A6
ENCODING 934
SWIDTH 500 0
DWIDTH 8 0
BBX 8 16 0 -2
BITMAP 
00
00
00
00
7F
08
3E
49
49
49
49
3E
08
7F
00
00
ENDCHAR
STARTCHAR U+03A7
ENCODING 935
SWIDTH 500 0
DWIDTH 8 0
BBX 8 16 0 -2
BITMAP 
00
00
00
00
42
42
24
24
18
18
24
24
42
42
00
00
ENDCHAR
STARTCHAR U+03A8
ENCODING 936
SWIDTH 500 0
DWIDTH 8 0
BBX 8 16 0 -2
BITMAP 
00
00
00
00
49
49
49
49
49
3E
08
08
08
08
00
00
ENDCHAR
STARTCHAR U+03A9
ENCODING 937
SWIDTH 500 0
DWIDTH 8 0
BBX 8 16 0 -2
BITMAP 
00
00
00
00
3E
41
41
41
41
41
22
14
14
77
00
00
ENDCHAR
STARTCHAR U+03AA
ENCODING 938
SWIDTH 500 0
DWIDTH 8 0
BBX 8 16 0 -2
BITMAP 
24
24
00
00
3E
08
08
08
08
08
08
08
08
3E
00
00
ENDCHAR
STARTCHAR U+03AB
ENCODING 939
SWIDTH 500 0
DWIDTH 8 0
BBX 8 16 0 -2
BITMAP 
24
24
00
00
41
41
22
22
14
08
08
08
08
08
00
00
ENDCHAR
STARTCHAR U+03AC
ENCODING 940
SWIDTH 500 0
DWIDTH 8 0
BBX 8 16 0 -2
BITMAP 
00
04
08
10
00
00
32
4A
44
44
44
44
4A
32
00
00
ENDCHAR
STARTCHAR U+03AD
ENCODING 941
SWIDTH 500 0
DWIDTH 8 0
BBX 8 16 0 -2
BITMAP 
00
04
08
10
00
00
3E
40
40
3C
40
40
40
3E
00
00
ENDCHAR
STARTCHAR U+03AE
ENCODING 942
SWIDTH 500 0
DWIDTH 8 0
BBX 8 16 0 -2
BITMAP 
00
04
08
10
00
00
5C
62
42
42
42
42
42
42
02
02
ENDCHAR
STARTCHAR U+03AF
ENCODING 943
SWIDTH 500 0
DWIDTH 8 0
BBX 8 16 0 -2
BITMAP 
00
04
08
10
00
00
30
10
10
10
10
10
10
0C
00
00
ENDCHAR
STARTCHAR U+03B0
ENCODING 944
SWIDTH 500 0
DWIDTH 8 0
BBX 8 16 0 -2
BITMAP 
04
08
10
44
44
00
42
42
42
42
42
42
42
3C
00
00
ENDCHAR
STARTCHAR U+03B1
ENCODING 945
SWIDTH 500 0
DWIDTH 8 0
BBX 8 16 0 -2
BITMAP 
00
00
00
00
00
00
32
4A
44
44
44
44
4A
32
00
00
ENDCHAR
STARTCHAR U+03B2
ENCODING 946
SWIDTH 500 0
DWIDTH 8 0
BBX 8 16 0 -2
BITMAP 
00
00
00
00
38
44
44
44
7C
42
42
42
62
5C
40
40
ENDCHAR
STARTCHAR U+03B3
ENCODING 947
SWIDTH 500 0
DWIDTH 8 0
BBX 8 16 0 -2
BITMAP 
00
00
00
00
00
00
42
22
22
14
14
14
08
08
08
08
ENDCHAR
STARTCHAR U+03B4
ENCODING 948
SWIDTH 500 0
DWIDTH 8 0
BBX 8 16 0 -2
BITMAP 
00
00
00
00
1C
20
20
20
18
24
42
42
42
3C
00
00
ENDCHAR
STARTCHAR U+03B5
ENCODING 949
SWIDTH 500 0
DWIDTH 8 0
BBX 8 16 0 -2
BITMAP 
00
00
00
00
00
00
3C
42
40
3C
40
40
42
3C
00
00
ENDCHAR
STARTCHAR U+03B6
ENCODING 950
SWIDTH 500 0
DWIDTH 8 0
BBX 8 16 0 -2
BITMAP 
00
00
00
00
7F
06
18
20
20
40
40
40
20
1C
02
1C
ENDCHAR
STARTCHAR U+03B7
ENCODING 951
SWIDTH 500 0
DWIDTH 8 0
BBX 8 16 0 -2
BITMAP 
00
00
00
00
00
00
5C
62
42
42
42
42
42
42
02
02
ENDCHAR
STARTCHAR U+03B8
ENCODING 952
SWIDTH 500 0
DWIDTH 8 0
BBX 8 16 0 -2
BITMAP 
00
00
00
00
18
24
42
42
7E
42
42
42
24
18
00
00
ENDCHAR
STARTCHAR U+03B9
ENCODING 953
SWIDTH 500 0
DWIDTH 8 0
BBX 8 16 0 -2
BITMAP 
00
00
00
00
00
00
30
10
10
10
10
10
10
0C
00
00
ENDCHAR
STARTCHAR U+03BA
ENCODING 954
SWIDTH 500 0
DWIDTH 8 0
BBX 8 16 0 -2
BITMAP 
00
00
00
00
00
00
22
24
28
30
30
28
24
22
00
00
ENDCHAR
STARTCHAR U+03BB
ENCODING 955
SWIDTH 500 0
DWIDTH 8 0
BBX 8 16 0 -2
BITMAP 
00
00
00
00
20
20
10
10
08
18
24
24
42
42
00
00
ENDCHAR
STARTCHAR U+03BC
ENCODING 956
SWIDTH 500 0
DWIDTH 8 0
BBX 8 16 0 -2
BITMAP 
00
00
00
00
00
00
42
42
42
42
42
42
66
59
40
40
ENDCHAR
STARTCHAR U+03BD
ENCODING 957
SWIDTH 500 0
DWIDTH 8 0
BBX 8 16 0 -2
BITMAP 
00
00
00
00
00
00
42
42
42
44
44
48
50
60
00
00
ENDCHAR
STARTCHAR U+03BE
ENCODING 958
SWIDTH 500 0
DWIDTH 8 0
BBX 8 16 0 -2
BITMAP 
00
00
00
00
7E
30
40
40
38
40
40
40
20
1C
02
1C
ENDCHAR
STARTCHAR U+03BF
ENCODING 959
SWIDTH 500 0
DWIDTH 8 0
BBX 8 16 0 -2
BITMAP 
00
00
00
00
00
00
3C
42
42
42
42
42
42
3C
00
00
ENDCHAR
STARTCHAR U+03C0
ENCODING 960
SWIDTH 500 0
DWIDTH 8 0
BBX 8 16 0 -2
BITMAP 
00
00
00
00
00
00
7E
24
24
24
24
24
24
24
00
00
ENDCHAR
STARTCHAR U+03C1
ENCODING 961
SWIDTH 500 0
DWIDTH 8 0
BBX 8 16 0 -2
BITMAP 
00
00
00
00
00
00
3C
42
42
42
42
42
62
5C
40
40
ENDCHAR
STARTCHAR U+03C2
ENCODING 962
SWIDTH 500 0
DWIDTH 8 0
BBX 8 16 0 -2
BITMAP 
00
00
00
00
00
00
1E
20
40
40
40
40
20
1C
02
1C
ENDCHAR
STARTCHAR U+03C3
ENCODING 963
SWIDTH 500 0
DWIDTH 8 0
BBX 8 16 0 -2
BITMAP 
00
00
00
00
00
00
3F
48
44
44
44
44
44
38
00
00
ENDCHAR
STARTCHAR U+03C4
ENCODING 964
SWIDTH 500 0
DWIDTH 8 0
BBX 8 16 0 -2
BITMAP 
00
00
00
00
00
00
7E
10
10
10
10
10
10
0C
00
00
ENDCHAR
STARTCHAR U+03C5
ENCODING 965
SWIDTH 500 0
DWIDTH 8 0
BBX 8 16 0 -2
BITMAP 
00
00
00
00
00
00
42
42
42
42
42
42
42
3C
00
00
ENDCHAR
STARTCHAR U+03C6
ENCODING 966
SWIDTH 500 0
DWIDTH 8 0
BBX 8 16 0 -2
BITMAP 
00
00
00
00
00
00
26
49
49
49
49
49
49
3E
08
08
ENDCHAR
STARTCHAR U+03C7
ENCODING 967
SWIDTH 500 0
DWIDTH 8 0
BBX 8 16 0 -2
BITMAP 
00
00
00
00
00
00
C1
21
12
14
18
28
48
44
84
83
ENDCHAR
STARTCHAR U+03C8
ENCODING 968
SWIDTH 500 0
DWIDTH 8 0
BBX 8 16 0 -2
BITMAP 
00
00
00
00
00
00
49
49
49
49
49
49
49
3E
08
08
ENDCHAR
STARTCHAR U+03C9
ENCODING 969
SWIDTH 500 0
DWIDTH 8 0
BBX 8 16 0 -2
BITMAP 
00
00
00
00
00
00
22
41
41
49
49
49
49
36
00
00
ENDCHAR
STARTCHAR U+03CA
ENCODING 970
SWIDTH 500 0
DWIDTH 8 0
BBX 8 16 0 -2
BITMAP 
00
00
24
24
00
00
30
10
10
10
10
10
10
0C
00
00
ENDCHAR
STARTCHAR U+03CB
ENCODING 971
SWIDTH 500 0
DWIDTH 8 0
BBX 8 16 0 -2
BITMAP 
00
00
24
24
00
00
42
42
42
42
42
42
42
3C
00
00
ENDCHAR
STARTCHAR U+03CC
ENCODING 972
SWIDTH 500 0
DWIDTH 8 0
BBX 8 16 0 -2
BITMAP 
00
04
08
10
00
00
3C
42
42
42
42
42
42
3C
00
00
ENDCHAR
STARTCHAR U+03CD
ENCODING 973
SWIDTH 500 0
DWIDTH 8 0
BBX 8 16 0 -2
BITMAP 
00
04
08
10
00
00
42
42
42
42
42
42
42
3C
00
00
ENDCHAR
STARTCHAR U+03CE
ENCODING 974
SWIDTH 500 0
DWIDTH 8 0
BBX 8 16 0 -2
BITMAP 
00
04
08
10
00
00
22
41
41
49
49
49
49
36
00
00
ENDCHAR
STARTCHAR U+03CF
ENCODING 975
SWIDTH 500 0
DWIDTH 8 0
BBX 8 16 0 -2
BITMAP 
00
00
00
00
42
44
48
50
60
60
50
48
44
42
04
08
ENDCHAR
STARTCHAR U+03D0
ENCODING 976
SWIDTH 500 0
DWIDTH 8 0
BBX 8 16 0 -2
BITMAP 
00
00
00
00
1C
22
42
44
78
44
42
42
44
38
00
00
ENDCHAR
STARTCHAR U+03D1
ENCODING 977
SWIDTH 500 0
DWIDTH 8 0
BBX 8 16 0 -2
BITMAP 
00
00
00
00
0C
12
12
12
0F
22
62
22
22
1C
00
00
ENDCHAR
STARTCHAR U+03D2
ENCODING 978
SWIDTH 500 0
DWIDTH 8 0
BBX 8 16 0 -2
BITMAP 
00
00
00
00
36
55
14
14
08
08
08
08
08
1C
00
00
ENDCHAR
STARTCHAR U+03D3
ENCODING 979
SWIDTH 500 0
DWIDTH 8 0
BBX 8 16 0 -2
BITMAP 
00
00
20
40
B6
55
14
14
08
08
08
08
08
1C
00
00
ENDCHAR
STARTCHAR U+03D4
ENCODING 980
SWIDTH 500 0
DWIDTH 8 0
BBX 8 16 0 -2
BITMAP 
00
36
36
00
36
55
14
14
08
08
08
08
08
1C
00
00
ENDCHAR
STARTCHAR U+03D5
ENCODING 981
SWIDTH 500 0
DWIDTH 8 0
BBX 8 16 0 -2
BITMAP 
00
00
00
00
08
08
3E
49
49
49
49
49
49
3E
08
08
ENDCHAR
STARTCHAR U+03D6
ENCODING 982
SWIDTH 500 0
DWIDTH 8 0
BBX 8 16 0 -2
BITMAP 
00
00
00
00
00
00
7F
22
41
41
49
49
49
36
00
00
ENDCHAR
STARTCHAR U+03D7
ENCODING 983
SWIDTH 500 0
DWIDTH 8 0
BBX 8 16 0 -2
BITMAP 
00
00
00
00
00
00
82
44
2C
2C
34
34
22
41
02
0C
ENDCHAR
STARTCHAR U+03D8
ENCODING 984
SWIDTH 500 0
DWIDTH 8 0
BBX 8 16 0 -2
BITMAP 
00
00
00
00
3C
42
42
42
42
42
42
42
42
3C
18
3C
ENDCHAR
STARTCHAR U+03D9
ENCODING 985
SWIDTH 500 0
DWIDTH 8 0
BBX 8 16 0 -2
BITMAP 
00
00
00
00
00
00
3C
42
42
42
42
42
42
3C
18
18
ENDCHAR
STARTCHAR U+03DA
ENCODING 986
SWIDTH 500 0
DWIDTH 8 0
BBX 8 16 0 -2
BITMAP 
00
00
00
00
1C
22
41
40
40
40
40
40
20
1C
02
1C
ENDCHAR
STARTCHAR U+03DB
ENCODING 987
SWIDTH 500 0
DWIDTH 8 0
BBX 8 16 0 -2
BITMAP 
00
00
00
00
01
02
1C
20
40
40
40
40
20
1C
02
1C
ENDCHAR
STARTCHAR U+03DC
ENCODING 988
SWIDTH 500 0
DWIDTH 8 0
BBX 8 16 0 -2
BITMAP 
00
00
00
00
7E
40
40
40
7C
44
44
40
40
40
00
00
ENDCHAR
STARTCHAR U+03DD
ENCODING 989
SWIDTH 500 0
DWIDTH 8 0
BBX 8 16 0 -2
BITMAP 
00
00
00
00
00
00
7E
40
40
40
7C
44
44
40
40
40
ENDCHAR
STARTCHAR U+03DE
ENCODING 990
SWIDTH 500 0
DWIDTH 8 0
BBX 8 16 0 -2
BITMAP 
00
00
00
00
60
20
20
20
20
3E
04
04
08
08
00
00
ENDCHAR
STARTCHAR U+03DF
ENCODING 991
SWIDTH 500 0
DWIDTH 8 0
BBX 8 16 0 -2
BITMAP 
00
00
00
00
00
00
20
10
10
22
3C
44
08
08
08
06
ENDCHAR
STARTCHAR U+03E0
ENCODING 992
SWIDTH 500 0
DWIDTH 8 0
BBX 8 16 0 -2
BITMAP 
00
00
00
00
78
84
0C
12
22
06
0A
12
02
04
00
00
ENDCHAR
STARTCHAR U+03E1
ENCODING 993
SWIDTH 500 0
DWIDTH 8 0
BBX 8 16 0 -2
BITMAP 
00
00
00
00
00
00
30
08
0C
14
22
06
0A
12
02
04
ENDCHAR
STARTCHAR U+03E2
ENCODING 994
SWIDTH 500 0
DWIDTH 8 0
BBX 8 16 0 -2
BITMAP 
00
00
00
00
44
92
92
92
92
92
92
92
92
6E
02
1C
ENDCHAR
STARTCHAR U+03E3
ENCODING 995
SWIDTH 500 0
DWIDTH 8 0
BBX 8 16 0 -2
BITMAP 
00
00
00
00
00
00
44
92
92
92
92
92
92
6E
02
1C
ENDCHAR
STARTCHAR U+03E4
ENCODING 996
SWIDTH 500 0
DWIDTH 8 0
BBX 8 16 0 -2
BITMAP 
00
00
00
00
22
42
42
42
42
46
3A
02
02
02
02
02
ENDCHAR
STARTCHAR U+03E5
ENCODING 997
SWIDTH 500 0
DWIDTH 8 0
BBX 8 16 0 -2
BITMAP 
00
00
00
00
00
00
12
22
22
22
22
1E
02
02
02
02
ENDCHAR
STARTCHAR U+03E6
ENCODING 998
SWIDTH 500 0
DWIDTH 8 0
BBX 8 16 0 -2
BITMAP 
00
00
00
00
40
40
40
5C
62
41
41
41
41
41
02
1C
ENDCHAR
STARTCHAR U+03E7
ENCODING 999
SWIDTH 500 0
DWIDTH 8 0
BBX 8 16 0 -2
BITMAP 
00
00
00
00
00
00
40
40
40
5C
62
41
41
41
02
1C
ENDCHAR
STARTCHAR U+03E8
ENCODING 1000
SWIDTH 500 0
DWIDTH 8 0
BBX 8 16 0 -2
BITMAP 
00
00
00
00
3C
42
42
02
04
08
10
20
40
40
43
3C
ENDCHAR
STARTCHAR U+03E9
ENCODING 1001
SWIDTH 500 0
DWIDTH 8 0
BBX 8 16 0 -2
BITMAP 
00
00
00
00
00
00
3C
42
42
04
08
10
20
40
43
3C
ENDCHAR
STARTCHAR U+03EA
ENCODING 1002
SWIDTH 500 0
DWIDTH 8 0
BBX 8 16 0 -2
BITMAP 
00
00
00
00
C3
A5
24
18
18
24
24
42
42
7E
81
00
ENDCHAR
STARTCHAR U+03EB
ENCODING 1003
SWIDTH 500 0
DWIDTH 8 0
BBX 8 16 0 -2
BITMAP 
00
00
00
00
00
00
24
5A
18
18
18
24
42
7E
00
00
ENDCHAR
STARTCHAR U+03EC
ENCODING 1004
SWIDTH 500 0
DWIDTH 8 0
BBX 8 16 0 -2
BITMAP 
00
00
00
00
3E
41
40
5C
62
42
42
42
42
3C
00
00
ENDCHAR
STARTCHAR U+03ED
ENCODING 1005
SWIDTH 500 0
DWIDTH 8 0
BBX 8 16 0 -2
BITMAP 
00
00
00
00
00
00
3E
41
40
5C
62
42
42
3C
00
00
ENDCHAR
STARTCHAR U+03EE
ENCODING 1006
SWIDTH 500 0
DWIDTH 8 0
BBX 8 16 0 -2
BITMAP 
00
00
00
00
10
10
FE
92
10
10
10
10
10
10
10
10
ENDCHAR
STARTCHAR U+03EF
ENCODING 1007
SWIDTH 500 0
DWIDTH 8 0
BBX 8 16 0 -2
BITMAP 
00
00
00
00
00
00
10
10
FE
92
10
10
10
10
10
10
ENDCHAR
STARTCHAR U+03F0
ENCODING 1008
SWIDTH 500 0
DWIDTH 8 0
BBX 8 16 0 -2
BITMAP 
00
00
00
00
00
00
82
44
2C
2C
34
34
22
41
00
00
ENDCHAR
STARTCHAR U+03F1
ENCODING 1009
SWIDTH 500 0
DWIDTH 8 0
BBX 8 16 0 -2
BITMAP 
00
00
00
00
00
00
3C
42
42
42
7C
40
40
3C
02
00
ENDCHAR
STARTCHAR U+03F2
ENCODING 1010
SWIDTH 500 0
DWIDTH 8 0
BBX 8 16 0 -2
BITMAP 
00
00
00
00
00
00
3C
42
40
40
40
40
42
3C
00
00
ENDCHAR
STARTCHAR U+03F3
ENCODING 1011
SWIDTH 500 0
DWIDTH 8 0
BBX 8 16 0 -2
BITMAP 
00
00
00
04
04
00
0C
04
04
04
04
04
04
04
48
30
ENDCHAR
STARTCHAR U+03F4
ENCODING 1012
SWIDTH 500 0
DWIDTH 8 0
BBX 8 16 0 -2
BITMAP 
00
00
00
00
3C
42
42
42
7E
42
42
42
42
3C
00
00
ENDCHAR
STARTCHAR U+03F5
ENCODING 1013
SWIDTH 500 0
DWIDTH 8 0
BBX 8 16 0 -2
BITMAP 
00
00
00
00
00
00
1C
20
40
78
40
40
20
1C
00
00
ENDCHAR
STARTCHAR U+03F6
ENCODING 1014
SWIDTH 500 0
DWIDTH 8 0
BBX 8 16 0 -2
BITMAP 
00
00
00
00
00
00
70
08
04
3C
04
04
08
70
00
00
ENDCHAR
STARTCHAR U+03F7
ENCODING 1015
SWIDTH 500 0
DWIDTH 8 0
BBX 8 16 0 -2
BITMAP 
00
00
00
00
40
78
44
42
42
42
42
42
44
78
40
40
ENDCHAR
STARTCHAR U+03F8
ENCODING 1016
SWIDTH 500 0
DWIDTH 8 0
BBX 8 16 0 -2
BITMAP 
00
00
00
00
40
40
5C
62
42
42
42
42
62
5C
40
40
ENDCHAR
STARTCHAR U+03F9
ENCODING 1017
SWIDTH 500 0
DWIDTH 8 0
BBX 8 16 0 -2
BITMAP 
00
00
00
00
3C
42
42
40
40
40
40
42
42
3C
00
00
ENDCHAR
STARTCHAR U+03FA
ENCODING 1018
SWIDTH 500 0
DWIDTH 8 0
BBX 8 16 0 -2
BITMAP 
00
00
00
00
42
42
66
66
5A
5A
42
42
42
42
00
00
ENDCHAR
STARTCHAR U+03FB
ENCODING 1019
SWIDTH 500 0
DWIDTH 8 0
BBX 8 16 0 -2
BITMAP 
00
00
00
00
00
00
44
6C
6C
54
44
44
44
43
40
40
ENDCHAR
STARTCHAR U+03FC
ENCODING 1020
SWIDTH 500 0
DWIDTH 8 0
BBX 8 16 0 -2
BITMAP 
00
00
00
00
00
00
3C
42
42
42
42
62
5C
40
F8
40
ENDCHAR
STARTCHAR U+03FD
ENCODING 1021
SWIDTH 500 0
DWIDTH 8 0
BBX 8 16 0 -2
BITMAP 
00
00
00
00
3C
42
42
02
02
02
02
42
42
3C
00
00
ENDCHAR
STARTCHAR U+03FE
ENCODING 1022
SWIDTH 500 0
DWIDTH 8 0
BBX 8 16 0 -2
BITMAP 
00
00
00
00
3C
42
42
40
58
58
40
42
42
3C
00
00
ENDCHAR
STARTCHAR U+03FF
ENCODING 1023
SWIDTH 500 0
DWIDTH 8 0
BBX 8 16 0 -2
BITMAP 
00
00
00
00
3C
42
42
02
1A
1A
02
42
42
3C
00
00
ENDCHAR
STARTCHAR U+0400
ENCODING 1024
SWIDTH 500 0
DWIDTH 8 0
BBX 8 16 0 -2
BITMAP 
00
30
0C
00
7E
40
40
40
7C
40
40
40
40
7E
00
00
ENDCHAR
STARTCHAR U+0401
ENCODING 1025
SWIDTH 500 0
DWIDTH 8 0
BBX 8 16 0 -2
BITMAP 
24
24
00
00
7E
40
40
40
7C
40
40
40
40
7E
00
00
ENDCHAR
STARTCHAR U+0402
ENCODING 1026
SWIDTH 500 0
DWIDTH 8 0
BBX 8 16 0 -2
BITMAP 
00
00
00
00
7E
10
10
10
1E
11
11
11
11
16
00
00
ENDCHAR
STARTCHAR U+0403
ENCODING 1027
SWIDTH 500 0
DWIDTH 8 0
BBX 8 16 0 -2
BITMAP 
0C
30
00
00
7E
40
40
40
40
40
40
40
40
40
00
00
ENDCHAR
STARTCHAR U+0404
ENCODING 1028
SWIDTH 500 0
DWIDTH 8 0
BBX 8 16 0 -2
BITMAP 
00
00
00
00
1C
22
40
40
7C
40
40
40
22
1C
00
00
ENDCHAR
STARTCHAR U+0405
ENCODING 1029
SWIDTH 500 0
DWIDTH 8 0
BBX 8 16 0 -2
BITMAP 
00
00
00
00
3C
42
42
40
30
0C
02
42
42
3C
00
00
ENDCHAR
STARTCHAR U+0406
ENCODING 1030
SWIDTH 500 0
DWIDTH 8 0
BBX 8 16 0 -2
BITMAP 
00
00
00
00
3E
08
08
08
08
08
08
08
08
3E
00
00
ENDCHAR
STARTCHAR U+0407
ENCODING 1031
SWIDTH 500 0
DWIDTH 8 0
BBX 8 16 0 -2
BITMAP 
24
24
00
00
3E
08
08
08
08
08
08
08
08
3E
00
00
ENDCHAR
STARTCHAR U+0408
ENCODING 1032
SWIDTH 500 0
DWIDTH 8 0
BBX 8 16 0 -2
BITMAP 
00
00
00
00
0E
04
04
04
04
04
04
44
44
38
00
00
ENDCHAR
STARTCHAR U+0409
ENCODING 1033
SWIDTH 500 0
DWIDTH 8 0
BBX 8 16 0 -2
BITMAP 
00
00
00
00
78
48
48
48
4E
49
49
49
49
8E
00
00
ENDCHAR
STARTCHAR U+040A
ENCODING 1034
SWIDTH 500 0
DWIDTH 8 0
BBX 8 16 0 -2
BITMAP 
00
00
00
00
48
48
48
48
7E
49
49
49
49
4E
00
00
ENDCHAR
STARTCHAR U+040B
ENCODING 1035
SWIDTH 500 0
DWIDTH 8 0
BBX 8 16 0 -2
BITMAP 
00
00
00
00
7E
10
10
10
1E
11
11
11
11
11
00
00
ENDCHAR
STARTCHAR U+040C
ENCODING 1036
SWIDTH 500 0
DWIDTH 8 0
BBX 8 16 0 -2
BITMAP 
0C
30
00
00
46
48
48
50
50
60
50
48
44
42
00
00
ENDCHAR
STARTCHAR U+040D
ENCODING 1037
SWIDTH 500 0
DWIDTH 8 0
BBX 8 16 0 -2
BITMAP 
00
30
0C
00
42
46
46
4A
4A
52
52
62
62
42
00
00
ENDCHAR
STARTCHAR U+040E
ENCODING 1038
SWIDTH 500 0
DWIDTH 8 0
BBX 8 16 0 -2
BITMAP 
42
42
3C
00
41
41
22
22
14
14
08
08
10
30
00
00
ENDCHAR
STARTCHAR U+040F
ENCODING 1039
SWIDTH 500 0
DWIDTH 8 0
BBX 8 16 0 -2
BITMAP 
00
00
00
00
41
41
41
41
41
41
41
41
41
7F
08
08
ENDCHAR
STARTCHAR U+0410
ENCODING 1040
SWIDTH 500 0
DWIDTH 8 0
BBX 8 16 0 -2
BITMAP 
00
00
00
00
18
24
24
42
42
7E
42
42
42
42
00
00
ENDCHAR
STARTCHAR U+0411
ENCODING 1041
SWIDTH 500 0
DWIDTH 8 0
BBX 8 16 0 -2
BITMAP 
00
00
00
00
7C
40
40
40
7C
42
42
42
42
7C
00
00
ENDCHAR
STARTCHAR U+0412
ENCODING 1042
SWIDTH 500 0
DWIDTH 8 0
BBX 8 16 0 -2
BITMAP 
00
00
00
00
7C
42
42
42
7C
42
42
42
42
7C
00
00
ENDCHAR
STARTCHAR U+0413
ENCODING 1043
SWIDTH 500 0
DWIDTH 8 0
BBX 8 16 0 -2
BITMAP 
00
00
00
00
7E
40
40
40
40
40
40
40
40
40
00
00
ENDCHAR
STARTCHAR U+0414
ENCODING 1044
SWIDTH 500 0
DWIDTH 8 0
BBX 8 16 0 -2
BITMAP 
00
00
00
00
0E
12
12
12
22
22
22
42
42
FF
81
81
ENDCHAR
STARTCHAR U+0415
ENCODING 1045
SWIDTH 500 0
DWIDTH 8 0
BBX 8 16 0 -2
BITMAP 
00
00
00
00
7E
40
40
40
7C
40
40
40
40
7E
00
00
ENDCHAR
STARTCHAR U+0416
ENCODING 1046
SWIDTH 500 0
DWIDTH 8 0
BBX 8 16 0 -2
BITMAP 
00
00
00
00
49
49
2A
2A
1C
1C
2A
2A
49
49
00
00
ENDCHAR
STARTCHAR U+0417
ENCODING 1047
SWIDTH 500 0
DWIDTH 8 0
BBX 8 16 0 -2
BITMAP 
00
00
00
00
3C
42
02
02
3C
04
02
02
42
3C
00
00
ENDCHAR
STARTCHAR U+0418
ENCODING 1048
SWIDTH 500 0
DWIDTH 8 0
BBX 8 16 0 -2
BITMAP 
00
00
00
00
42
46
46
4A
4A
52
52
62
62
42
00
00
ENDCHAR
STARTCHAR U+0419
ENCODING 1049
SWIDTH 500 0
DWIDTH 8 0
BBX 8 16 0 -2
BITMAP 
00
24
18
00
42
46
46
4A
4A
52
52
62
62
42
00
00
ENDCHAR
STARTCHAR U+041A
ENCODING 1050
SWIDTH 500 0
DWIDTH 8 0
BBX 8 16 0 -2
BITMAP 
00
00
00
00
46
48
48
50
50
60
50
48
44
42
00
00
ENDCHAR
STARTCHAR U+041B
ENCODING 1051
SWIDTH 500 0
DWIDTH 8 0
BBX 8 16 0 -2
BITMAP 
00
00
00
00
1E
12
12
12
12
12
12
22
22
42
00
00
ENDCHAR
STARTCHAR U+041C
ENCODING 1052
SWIDTH 500 0
DWIDTH 8 0
BBX 8 16 0 -2
BITMAP 
00
00
00
00
42
42
66
66
5A
5A
42
42
42
42
00
00
ENDCHAR
STARTCHAR U+041D
ENCODING 1053
SWIDTH 500 0
DWIDTH 8 0
BBX 8 16 0 -2
BITMAP 
00
00
00
00
42
42
42
42
7E
42
42
42
42
42
00
00
ENDCHAR
STARTCHAR U+041E
ENCODING 1054
SWIDTH 500 0
DWIDTH 8 0
BBX 8 16 0 -2
BITMAP 
00
00
00
00
3C
42
42
42
42
42
42
42
42
3C
00
00
ENDCHAR
STARTCHAR U+041F
ENCODING 1055
SWIDTH 500 0
DWIDTH 8 0
BBX 8 16 0 -2
BITMAP 
00
00
00
00
7E
42
42
42
42
42
42
42
42
42
00
00
ENDCHAR
STARTCHAR U+0420
ENCODING 1056
SWIDTH 500 0
DWIDTH 8 0
BBX 8 16 0 -2
BITMAP 
00
00
00
00
7C
42
42
42
7C
40
40
40
40
40
00
00
ENDCHAR
STARTCHAR U+0421
ENCODING 1057
SWIDTH 500 0
DWIDTH 8 0
BBX 8 16 0 -2
BITMAP 
00
00
00
00
3C
42
42
40
40
40
40
42
42
3C
00
00
ENDCHAR
STARTCHAR U+0422
ENCODING 1058
SWIDTH 500 0
DWIDTH 8 0
BBX 8 16 0 -2
BITMAP 
00
00
00
00
7F
08
08
08
08
08
08
08
08
08
00
00
ENDCHAR
STARTCHAR U+0423
ENCODING 1059
SWIDTH 500 0
DWIDTH 8 0
BBX 8 16 0 -2
BITMAP 
00
00
00
00
41
41
22
22
14
14
08
08
10
30
00
00
ENDCHAR
STARTCHAR U+0424
ENCODING 1060
SWIDTH 500 0
DWIDTH 8 0
BBX 8 16 0 -2
BITMAP 
00
00
00
08
3E
49
49
49
49
49
3E
08
08
08
00
00
ENDCHAR
STARTCHAR U+0425
ENCODING 1061
SWIDTH 500 0
DWIDTH 8 0
BBX 8 16 0 -2
BITMAP 
00
00
00
00
42
42
24
24
18
18
24
24
42
42
00
00
ENDCHAR
STARTCHAR U+0426
ENCODING 1062
SWIDTH 500 0
DWIDTH 8 0
BBX 8 16 0 -2
BITMAP 
00
00
00
00
42
42
42
42
42
42
42
42
42
7F
01
01
ENDCHAR
STARTCHAR U+0427
ENCODING 1063
SWIDTH 500 0
DWIDTH 8 0
BBX 8 16 0 -2
BITMAP 
00
00
00
00
42
42
42
42
42
46
3A
02
02
02
00
00
ENDCHAR
STARTCHAR U+0428
ENCODING 1064
SWIDTH 500 0
DWIDTH 8 0
BBX 8 16 0 -2
BITMAP 
00
00
00
00
49
49
49
49
49
49
49
49
49
7F
00
00
ENDCHAR
STARTCHAR U+0429
ENCODING 1065
SWIDTH 500 0
DWIDTH 8 0
BBX 8 16 0 -2
BITMAP 
00
00
00
00
92
92
92
92
92
92
92
92
92
FF
01
01
ENDCHAR
STARTCHAR U+042A
ENCODING 1066
SWIDTH 500 0
DWIDTH 8 0
BBX 8 16 0 -2
BITMAP 
00
00
00
00
70
10
10
10
1E
11
11
11
11
1E
00
00
ENDCHAR
STARTCHAR U+042B
ENCODING 1067
SWIDTH 500 0
DWIDTH 8 0
BBX 8 16 0 -2
BITMAP 
00
00
00
00
42
42
42
42
72
4A
4A
4A
4A
72
00
00
ENDCHAR
STARTCHAR U+042C
ENCODING 1068
SWIDTH 500 0
DWIDTH 8 0
BBX 8 16 0 -2
BITMAP 
00
00
00
00
40
40
40
40
7C
42
42
42
42
7C
00
00
ENDCHAR
STARTCHAR U+042D
ENCODING 1069
SWIDTH 500 0
DWIDTH 8 0
BBX 8 16 0 -2
BITMAP 
00
00
00
00
38
44
02
02
3E
02
02
02
44
38
00
00
ENDCHAR
STARTCHAR U+042E
ENCODING 1070
SWIDTH 500 0
DWIDTH 8 0
BBX 8 16 0 -2
BITMAP 
00
00
00
00
4C
52
52
52
72
52
52
52
52
4C
00
00
ENDCHAR
STARTCHAR U+042F
ENCODING 1071
SWIDTH 500 0
DWIDTH 8 0
BBX 8 16 0 -2
BITMAP 
00
00
00
00
3E
42
42
42
3E
12
22
22
42
42
00
00
ENDCHAR
STARTCHAR U+0430
ENCODING 1072
SWIDTH 500 0
DWIDTH 8 0
BBX 8 16 0 -2
BITMAP 
00
00
00
00
00
00
3C
42
02
3E
42
42
46
3A
00
00
ENDCHAR
STARTCHAR U+0431
ENCODING 1073
SWIDTH 500 0
DWIDTH 8 0
BBX 8 16 0 -2
BITMAP 
00
00
02
1C
20
40
7C
42
42
42
42
42
42
3C
00
00
ENDCHAR
STARTCHAR U+0432
ENCODING 1074
SWIDTH 500 0
DWIDTH 8 0
BBX 8 16 0 -2
BITMAP 
00
00
00
00
00
00
7C
42
42
7C
42
42
42
7C
00
00
ENDCHAR
STARTCHAR U+0433
ENCODING 1075
SWIDTH 500 0
DWIDTH 8 0
BBX 8 16 0 -2
BITMAP 
00
00
00
00
00
00
7E
40
40
40
40
40
40
40
00
00
ENDCHAR
STARTCHAR U+0434
ENCODING 1076
SWIDTH 500 0
DWIDTH 8 0
BBX 8 16 0 -2
BITMAP 
00
00
00
00
00
00
1E
12
22
22
42
42
42
7F
41
00
ENDCHAR
STARTCHAR U+0435
ENCODING 1077
SWIDTH 500 0
DWIDTH 8 0
BBX 8 16 0 -2
BITMAP 
00
00
00
00
00
00
3C
42
42
7E
40
40
42
3C
00
00
ENDCHAR
STARTCHAR U+0436
ENCODING 1078
SWIDTH 500 0
DWIDTH 8 0
BBX 8 16 0 -2
BITMAP 
00
00
00
00
00
00
49
49
2A
1C
1C
2A
49
49
00
00
ENDCHAR
STARTCHAR U+0437
ENCODING 1079
SWIDTH 500 0
DWIDTH 8 0
BBX 8 16 0 -2
BITMAP 
00
00
00
00
00
00
3C
42
02
3C
04
02
42
3C
00
00
ENDCHAR
STARTCHAR U+0438
ENCODING 1080
SWIDTH 500 0
DWIDTH 8 0
BBX 8 16 0 -2
BITMAP 
00
00
00
00
00
00
46
46
4A
4A
52
52
62
62
00
00
ENDCHAR
STARTCHAR U+0439
ENCODING 1081
SWIDTH 500 0
DWIDTH 8 0
BBX 8 16 0 -2
BITMAP 
00
00
24
18
00
00
46
46
4A
4A
52
52
62
62
00
00
ENDCHAR
STARTCHAR U+043A
ENCODING 1082
SWIDTH 500 0
DWIDTH 8 0
BBX 8 16 0 -2
BITMAP 
00
00
00
00
00
00
46
48
50
60
50
48
44
42
00
00
ENDCHAR
STARTCHAR U+043B
ENCODING 1083
SWIDTH 500 0
DWIDTH 8 0
BBX 8 16 0 -2
BITMAP 
00
00
00
00
00
00
1E
12
12
12
12
22
22
42
00
00
ENDCHAR
STARTCHAR U+043C
ENCODING 1084
SWIDTH 500 0
DWIDTH 8 0
BBX 8 16 0 -2
BITMAP 
00
00
00
00
00
00
42
66
66
5A
5A
42
42
42
00
00
ENDCHAR
STARTCHAR U+043D
ENCODING 1085
SWIDTH 500 0
DWIDTH 8 0
BBX 8 16 0 -2
BITMAP 
00
00
00
00
00
00
42
42
42
7E
42
42
42
42
00
00
ENDCHAR
STARTCHAR U+043E
ENCODING 1086
SWIDTH 500 0
DWIDTH 8 0
BBX 8 16 0 -2
BITMAP 
00
00
00
00
00
00
3C
42
42
42
42
42
42
3C
00
00
ENDCHAR
STARTCHAR U+043F
ENCODING 1087
SWIDTH 500 0
DWIDTH 8 0
BBX 8 16 0 -2
BITMAP 
00
00
00
00
00
00
7E
42
42
42
42
42
42
42
00
00
ENDCHAR
STARTCHAR U+0440
ENCODING 1088
SWIDTH 500 0
DWIDTH 8 0
BBX 8 16 0 -2
BITMAP 
00
00
00
00
00
00
5C
62
42
42
42
42
62
5C
40
40
ENDCHAR
STARTCHAR U+0441
ENCODING 1089
SWIDTH 500 0
DWIDTH 8 0
BBX 8 16 0 -2
BITMAP 
00
00
00
00
00
00
3C
42
40
40
40
40
42
3C
00
00
ENDCHAR
STARTCHAR U+0442
ENCODING 1090
SWIDTH 500 0
DWIDTH 8 0
BBX 8 16 0 -2
BITMAP 
00
00
00
00
00
00
7F
08
08
08
08
08
08
08
00
00
ENDCHAR
STARTCHAR U+0443
ENCODING 1091
SWIDTH 500 0
DWIDTH 8 0
BBX 8 16 0 -2
BITMAP 
00
00
00
00
00
00
42
42
24
24
18
18
10
10
20
60
ENDCHAR
STARTCHAR U+0444
ENCODING 1092
SWIDTH 500 0
DWIDTH 8 0
BBX 8 16 0 -2
BITMAP 
00
00
00
08
08
08
3E
49
49
49
49
49
49
3E
08
08
ENDCHAR
STARTCHAR U+0445
ENCODING 1093
SWIDTH 500 0
DWIDTH 8 0
BBX 8 16 0 -2
BITMAP 
00
00
00
00
00
00
42
42
24
18
18
24
42
42
00
00
ENDCHAR
STARTCHAR U+0446
ENCODING 1094
SWIDTH 500 0
DWIDTH 8 0
BBX 8 16 0 -2
BITMAP 
00
00
00
00
00
00
42
42
42
42
42
42
42
7F
01
01
ENDCHAR
STARTCHAR U+0447
ENCODING 1095
SWIDTH 500 0
DWIDTH 8 0
BBX 8 16 0 -2
BITMAP 
00
00
00
00
00
00
42
42
42
42
46
3A
02
02
00
00
ENDCHAR
STARTCHAR U+0448
ENCODING 1096
SWIDTH 500 0
DWIDTH 8 0
BBX 8 16 0 -2
BITMAP 
00
00
00
00
00
00
49
49
49
49
49
49
49
7F
00
00
ENDCHAR
STARTCHAR U+0449
ENCODING 1097
SWIDTH 500 0
DWIDTH 8 0
BBX 8 16 0 -2
BITMAP 
00
00
00
00
00
00
92
92
92
92
92
92
92
FF
01
01
ENDCHAR
STARTCHAR U+044A
ENCODING 1098
SWIDTH 500 0
DWIDTH 8 0
BBX 8 16 0 -2
BITMAP 
00
00
00
00
00
00
70
10
10
1E
11
11
11
1E
00
00
ENDCHAR
STARTCHAR U+044B
ENCODING 1099
SWIDTH 500 0
DWIDTH 8 0
BBX 8 16 0 -2
BITMAP 
00
00
00
00
00
00
42
42
42
72
4A
4A
4A
72
00
00
ENDCHAR
STARTCHAR U+044C
ENCODING 1100
SWIDTH 500 0
DWIDTH 8 0
BBX 8 16 0 -2
BITMAP 
00
00
00
00
00
00
40
40
40
7C
42
42
42
7C
00
00
ENDCHAR
STARTCHAR U+044D
ENCODING 1101
SWIDTH 500 0
DWIDTH 8 0
BBX 8 16 0 -2
BITMAP 
00
00
00
00
00
00
38
44
02
3E
02
02
44
38
00
00
ENDCHAR
STARTCHAR U+044E
ENCODING 1102
SWIDTH 500 0
DWIDTH 8 0
BBX 8 16 0 -2
BITMAP 
00
00
00
00
00
00
4C
52
52
72
52
52
52
4C
00
00
ENDCHAR
STARTCHAR U+044F
ENCODING 1103
SWIDTH 500 0
DWIDTH 8 0
BBX 8 16 0 -2
BITMAP 
00
00
00
00
00
00
3E
42
42
42
3E
12
22
42
00
00
ENDCHAR
STARTCHAR U+0450
ENCODING 1104
SWIDTH 500 0
DWIDTH 8 0
BBX 8 16 0 -2
BITMAP 
00
00
30
0C
00
00
3C
42
42
7E
40
40
42
3C
00
00
ENDCHAR
STARTCHAR U+0451
ENCODING 1105
SWIDTH 500 0
DWIDTH 8 0
BBX 8 16 0 -2
BITMAP 
00
00
24
24
00
00
3C
42
42
7E
40
40
42
3C
00
00
ENDCHAR
STARTCHAR U+0452
ENCODING 1106
SWIDTH 500 0
DWIDTH 8 0
BBX 8 16 0 -2
BITMAP 
00
00
00
40
F0
40
5C
62
42
42
42
42
42
42
02
0C
ENDCHAR
STARTCHAR U+0453
ENCODING 1107
SWIDTH 500 0
DWIDTH 8 0
BBX 8 16 0 -2
BITMAP 
00
00
0C
30
00
00
7E
40
40
40
40
40
40
40
00
00
ENDCHAR
STARTCHAR U+0454
ENCODING 1108
SWIDTH 500 0
DWIDTH 8 0
BBX 8 16 0 -2
BITMAP 
00
00
00
00
00
00
1C
22
40
7C
40
40
22
1C
00
00
ENDCHAR
STARTCHAR U+0455
ENCODING 1109
SWIDTH 500 0
DWIDTH 8 0
BBX 8 16 0 -2
BITMAP 
00
00
00
00
00
00
3C
42
40
30
0C
02
42
3C
00
00
ENDCHAR
STARTCHAR U+0456
ENCODING 1110
SWIDTH 500 0
DWIDTH 8 0
BBX 8 16 0 -2
BITMAP 
00
00
00
08
08
00
18
08
08
08
08
08
08
3E
00
00
ENDCHAR
STARTCHAR U+0457
ENCODING 1111
SWIDTH 500 0
DWIDTH 8 0
BBX 8 16 0 -2
BITMAP 
00
00
00
24
24
00
18
08
08
08
08
08
08
3E
00
00
ENDCHAR
STARTCHAR U+0458
ENCODING 1112
SWIDTH 500 0
DWIDTH 8 0
BBX 8 16 0 -2
BITMAP 
00
00
00
04
04
00
0C
04
04
04
04
04
04
04
48
30
ENDCHAR
STARTCHAR U+0459
ENCODING 1113
SWIDTH 500 0
DWIDTH 8 0
BBX 8 16 0 -2
BITMAP 
00
00
00
00
00
00
78
48
48
4E
49
49
49
8E
00
00
ENDCHAR
STARTCHAR U+045A
ENCODING 1114
SWIDTH 500 0
DWIDTH 8 0
BBX 8 16 0 -2
BITMAP 
00
00
00
00
00
00
48
48
48
7E
49
49
49
4E
00
00
ENDCHAR
STARTCHAR U+045B
ENCODING 1115
SWIDTH 500 0
DWIDTH 8 0
BBX 8 16 0 -2
BITMAP 
00
00
00
40
F0
40
5C
62
42
42
42
42
42
42
00
00
ENDCHAR
STARTCHAR U+045C
ENCODING 1116
SWIDTH 500 0
DWIDTH 8 0
BBX 8 16 0 -2
BITMAP 
00
00
0C
30
00
00
46
48
50
60
50
48
44
42
00
00
ENDCHAR
STARTCHAR U+045D
ENCODING 1117
SWIDTH 500 0
DWIDTH 8 0
BBX 8 16 0 -2
BITMAP 
00
00
30
0C
00
00
46
46
4A
4A
52
52
62
62
00
00
ENDCHAR
STARTCHAR U+045E
ENCODING 1118
SWIDTH 500 0
DWIDTH 8 0
BBX 8 16 0 -2
BITMAP 
00
42
42
3C
00
00
42
42
24
24
18
18
10
10
20
60
ENDCHAR
STARTCHAR U+045F
ENCODING 1119
SWIDTH 500 0
DWIDTH 8 0
BBX 8 16 0 -2
BITMAP 
00
00
00
00
00
00
22
22
22
22
22
22
22
3E
08
08
ENDCHAR
STARTCHAR U+0460
ENCODING 1120
SWIDTH 500 0
DWIDTH 8 0
BBX 8 16 0 -2
BITMAP 
00
00
00
00
49
49
49
49
49
49
49
49
5A
24
00
00
ENDCHAR
STARTCHAR U+0461
ENCODING 1121
SWIDTH 500 0
DWIDTH 8 0
BBX 8 16 0 -2
BITMAP 
00
00
00
00
00
00
00
49
49
49
49
49
5A
24
00
00
ENDCHAR
STARTCHAR U+0462
ENCODING 1122
SWIDTH 500 0
DWIDTH 8 0
BBX 8 16 0 -2
BITMAP 
00
00
00
00
10
7C
10
10
1E
11
11
11
11
1E
00
00
ENDCHAR
STARTCHAR U+0463
ENCODING 1123
SWIDTH 500 0
DWIDTH 8 0
BBX 8 16 0 -2
BITMAP 
00
00
00
00
20
20
78
20
20
3C
22
22
22
3C
00
00
ENDCHAR
STARTCHAR U+0464
ENCODING 1124
SWIDTH 500 0
DWIDTH 8 0
BBX 8 16 0 -2
BITMAP 
00
00
00
00
46
49
50
50
7E
50
50
50
49
46
00
00
ENDCHAR
STARTCHAR U+0465
ENCODING 1125
SWIDTH 500 0
DWIDTH 8 0
BBX 8 16 0 -2
BITMAP 
00
00
00
00
00
00
46
49
50
7E
50
50
49
46
00
00
ENDCHAR
STARTCHAR U+0466
ENCODING 1126
SWIDTH 500 0
DWIDTH 8 0
BBX 8 16 0 -2
BITMAP 
00
00
00
00
08
08
14
14
22
36
2A
49
49
49
00
00
ENDCHAR
STARTCHAR U+0467
ENCODING 1127
SWIDTH 500 0
DWIDTH 8 0
BBX 8 16 0 -2
BITMAP 
00
00
00
00
00
00
08
14
14
22
36
49
49
49
00
00
ENDCHAR
STARTCHAR U+0468
ENCODING 1128
SWIDTH 500 0
DWIDTH 8 0
BBX 8 16 0 -2
BITMAP 
00
00
00
00
48
48
54
54
52
76
6A
49
49
49
00
00
ENDCHAR
STARTCHAR U+0469
ENCODING 1129
SWIDTH 500 0
DWIDTH 8 0
BBX 8 16 0 -2
BITMAP 
00
00
00
00
00
00
48
54
54
52
76
49
49
49
00
00
ENDCHAR
STARTCHAR U+046A
ENCODING 1130
SWIDTH 500 0
DWIDTH 8 0
BBX 8 16 0 -2
BITMAP 
00
00
00
00
3E
22
22
14
08
1C
2A
49
49
49
00
00
ENDCHAR
STARTCHAR U+046B
ENCODING 1131
SWIDTH 500 0
DWIDTH 8 0
BBX 8 16 0 -2
BITMAP 
00
00
00
00
00
00
3E
22
14
08
3E
49
49
49
00
00
ENDCHAR
STARTCHAR U+046C
ENCODING 1132
SWIDTH 500 0
DWIDTH 8 0
BBX 8 16 0 -2
BITMAP 
00
00
00
00
5F
51
51
4A
74
4E
55
55
55
55
00
00
ENDCHAR
STARTCHAR U+046D
ENCODING 1133
SWIDTH 500 0
DWIDTH 8 0
BBX 8 16 0 -2
BITMAP 
00
00
00
00
00
00
5F
51
4A
74
4E
55
55
55
00
00
ENDCHAR
STARTCHAR U+046E
ENCODING 1134
SWIDTH 500 0
DWIDTH 8 0
BBX 8 16 0 -2
BITMAP 
00
00
24
18
3C
42
02
02
3C
04
02
02
02
3C
40
40
ENDCHAR
STARTCHAR U+046F
ENCODING 1135
SWIDTH 500 0
DWIDTH 8 0
BBX 8 16 0 -2
BITMAP 
00
00
00
24
18
00
3C
42
02
3C
04
02
02
3C
40
40
ENDCHAR
STARTCHAR U+0470
ENCODING 1136
SWIDTH 500 0
DWIDTH 8 0
BBX 8 16 0 -2
BITMAP 
00
00
00
00
49
49
49
49
49
3E
08
08
08
08
00
00
ENDCHAR
STARTCHAR U+0471
ENCODING 1137
SWIDTH 500 0
DWIDTH 8 0
BBX 8 16 0 -2
BITMAP 
00
00
00
00
00
00
00
00
49
49
49
49
49
3E
08
08
ENDCHAR
STARTCHAR U+0472
ENCODING 1138
SWIDTH 500 0
DWIDTH 8 0
BBX 8 16 0 -2
BITMAP 
00
00
00
00
3C
42
42
42
7E
42
42
42
42
3C
00
00
ENDCHAR
STARTCHAR U+0473
ENCODING 1139
SWIDTH 500 0
DWIDTH 8 0
BBX 8 16 0 -2
BITMAP 
00
00
00
00
00
00
3C
42
42
7E
42
42
42
3C
00
00
ENDCHAR
STARTCHAR U+0474
ENCODING 1140
SWIDTH 500 0
DWIDTH 8 0
BBX 8 16 0 -2
BITMAP 
00
00
00
00
43
44
44
44
28
28
28
10
10
10
00
00
ENDCHAR
STARTCHAR U+0475
ENCODING 1141
SWIDTH 500 0
DWIDTH 8 0
BBX 8 16 0 -2
BITMAP 
00
00
00
00
00
00
46
48
48
28
28
28
10
10
00
00
ENDCHAR
STARTCHAR U+0476
ENCODING 1142
SWIDTH 500 0
DWIDTH 8 0
BBX 8 16 0 -2
BITMAP 
66
11
00
00
43
44
44
44
28
28
28
10
10
10
00
00
ENDCHAR
STARTCHAR U+0477
ENCODING 1143
SWIDTH 500 0
DWIDTH 8 0
BBX 8 16 0 -2
BITMAP 
00
00
66
11
00
00
46
48
48
28
28
28
10
10
00
00
ENDCHAR
STARTCHAR U+0478
ENCODING 1144
SWIDTH 500 0
DWIDTH 8 0
BBX 8 16 0 -2
BITMAP 
00
00
00
00
20
50
59
59
59
55
56
54
54
24
08
08
ENDCHAR
STARTCHAR U+0479
ENCODING 1145
SWIDTH 500 0
DWIDTH 8 0
BBX 8 16 0 -2
BITMAP 
00
00
00
00
00
00
29
59
59
55
56
54
54
24
08
08
ENDCHAR
STARTCHAR U+047A
ENCODING 1146
SWIDTH 500 0
DWIDTH 8 0
BBX 8 16 0 -2
BITMAP 
00
00
00
08
3E
49
41
41
41
41
41
41
49
3E
08
00
ENDCHAR
STARTCHAR U+047B
ENCODING 1147
SWIDTH 500 0
DWIDTH 8 0
BBX 8 16 0 -2
BITMAP 
00
00
00
00
00
08
3E
49
41
41
41
41
49
3E
08
00
ENDCHAR
STARTCHAR U+047C
ENCODING 1148
SWIDTH 500 0
DWIDTH 8 0
BBX 8 16 0 -2
BITMAP 
3C
43
18
04
08
00
36
41
41
49
49
49
49
36
00
00
ENDCHAR
STARTCHAR U+047D
ENCODING 1149
SWIDTH 500 0
DWIDTH 8 0
BBX 8 16 0 -2
BITMAP 
00
00
00
3C
43
18
04
08
00
36
41
49
49
36
00
00
ENDCHAR
STARTCHAR U+047E
ENCODING 1150
SWIDTH 500 0
DWIDTH 8 0
BBX 8 16 0 -2
BITMAP 
00
7F
08
00
49
49
49
49
49
49
49
49
5A
24
00
00
ENDCHAR
STARTCHAR U+047F
ENCODING 1151
SWIDTH 500 0
DWIDTH 8 0
BBX 8 16 0 -2
BITMAP 
00
00
00
00
7F
08
00
49
49
49
49
49
5A
24
00
00
ENDCHAR
STARTCHAR U+0480
ENCODING 1152
SWIDTH 500 0
DWIDTH 8 0
BBX 8 16 0 -2
BITMAP 
00
00
00
00
3C
42
42
40
40
40
40
40
3C
04
04
04
ENDCHAR
STARTCHAR U+0481
ENCODING 1153
SWIDTH 500 0
DWIDTH 8 0
BBX 8 16 0 -2
BITMAP 
00
00
00
00
00
00
3C
42
42
40
40
40
3C
04
04
04
ENDCHAR
STARTCHAR U+0482
ENCODING 1154
SWIDTH 500 0
DWIDTH 8 0
BBX 8 16 0 -2
BITMAP 
00
00
00
00
00
00
12
0C
44
2A
11
18
24
00
00
00
ENDCHAR
STARTCHAR U+0483
ENCODING 1155
SWIDTH 500 0
DWIDTH 8 0
BBX 8 16 0 -2
BITMAP 
00
08
78
40
00
00
00
00
00
00
00
00
00
00
00
00
ENDCHAR
STARTCHAR U+0484
ENCODING 1156
SWIDTH 500 0
DWIDTH 8 0
BBX 8 16 0 -2
BITMAP 
02
05
09
10
00
00
00
00
00
00
00
00
00
00
00
00
ENDCHAR
STARTCHAR U+0485
ENCODING 1157
SWIDTH 500 0
DWIDTH 8 0
BBX 8 16 0 -2
BITMAP 
00
38
40
30
00
00
00
00
00
00
00
00
00
00
00
00
ENDCHAR
STARTCHAR U+0486
ENCODING 1158
SWIDTH 500 0
DWIDTH 8 0
BBX 8 16 0 -2
BITMAP 
00
38
04
18
00
00
00
00
00
00
00
00
00
00
00
00
ENDCHAR
STARTCHAR U+0487
ENCODING 1159
SWIDTH 500 0
DWIDTH 8 0
BBX 8 16 0 -2
BITMAP 
00
30
4C
83
00
00
00
00
00
00
00
00
00
00
00
00
ENDCHAR
STARTCHAR U+0488
ENCODING 1160
SWIDTH 1000 0
DWIDTH 16 0
BBX 16 16 0 -2
BITMAP 
0000
0000
0100
0280
1010
2828
0000
0000
4008
A014
0000
0000
0000
1010
2928
0280
ENDCHAR
STARTCHAR U+0489
ENCODING 1161
SWIDTH 1000 0
DWIDTH 16 0
BBX 16 16 0 -2
BITMAP 
0000
0000
0080
1084
0988
0C30
0000
0000
0008
700E
1000
0000
0000
0CD8
0888
1084
ENDCHAR
STARTCHAR U+048A
ENCODING 1162
SWIDTH 500 0
DWIDTH 8 0
BBX 8 16 0 -2
BITMAP 
00
24
18
00
42
46
46
4A
4A
52
52
62
62
43
02
04
ENDCHAR
STARTCHAR U+048B
ENCODING 1163
SWIDTH 500 0
DWIDTH 8 0
BBX 8 16 0 -2
BITMAP 
00
00
24
18
00
00
46
46
4A
4A
52
52
62
63
02
04
ENDCHAR
STARTCHAR U+048C
ENCODING 1164
SWIDTH 500 0
DWIDTH 8 0
BBX 8 16 0 -2
BITMAP 
00
00
00
00
20
70
20
20
20
3C
22
22
26
3C
00
00
ENDCHAR
STARTCHAR U+048D
ENCODING 1165
SWIDTH 500 0
DWIDTH 8 0
BBX 8 16 0 -2
BITMAP 
00
00
00
00
00
00
00
20
70
20
3C
22
22
3C
00
00
ENDCHAR
STARTCHAR U+048E
ENCODING 1166
SWIDTH 500 0
DWIDTH 8 0
BBX 8 16 0 -2
BITMAP 
00
00
00
00
7C
42
4A
44
7A
40
40
40
40
40
00
00
ENDCHAR
STARTCHAR U+048F
ENCODING 1167
SWIDTH 500 0
DWIDTH 8 0
BBX 8 16 0 -2
BITMAP 
00
00
00
00
00
00
5C
62
42
42
42
4A
64
5A
40
40
ENDCHAR
STARTCHAR U+0490
ENCODING 1168
SWIDTH 500 0
DWIDTH 8 0
BBX 8 16 0 -2
BITMAP 
00
00
02
02
7E
40
40
40
40
40
40
40
40
40
00
00
ENDCHAR
STARTCHAR U+0491
ENCODING 1169
SWIDTH 500 0
DWIDTH 8 0
BBX 8 16 0 -2
BITMAP 
00
00
00
00
02
02
7E
40
40
40
40
40
40
40
00
00
ENDCHAR
STARTCHAR U+0492
ENCODING 1170
SWIDTH 500 0
DWIDTH 8 0
BBX 8 16 0 -2
BITMAP 
00
00
00
00
1F
10
10
10
10
7C
10
10
10
10
00
00
ENDCHAR
STARTCHAR U+0493
ENCODING 1171
SWIDTH 500 0
DWIDTH 8 0
BBX 8 16 0 -2
BITMAP 
00
00
00
00
00
00
1F
10
10
10
7C
10
10
10
00
00
ENDCHAR
STARTCHAR U+0494
ENCODING 1172
SWIDTH 500 0
DWIDTH 8 0
BBX 8 16 0 -2
BITMAP 
00
00
00
00
7E
40
40
40
40
7C
42
42
42
42
0C
00
ENDCHAR
STARTCHAR U+0495
ENCODING 1173
SWIDTH 500 0
DWIDTH 8 0
BBX 8 16 0 -2
BITMAP 
00
00
00
00
00
00
7E
40
40
40
7C
42
42
42
0C
00
ENDCHAR
STARTCHAR U+0496
ENCODING 1174
SWIDTH 500 0
DWIDTH 8 0
BBX 8 16 0 -2
BITMAP 
00
00
00
00
49
49
2A
2A
1C
1C
2A
2A
49
49
01
01
ENDCHAR
STARTCHAR U+0497
ENCODING 1175
SWIDTH 500 0
DWIDTH 8 0
BBX 8 16 0 -2
BITMAP 
00
00
00
00
00
00
49
49
2A
1C
1C
2A
49
49
01
01
ENDCHAR
STARTCHAR U+0498
ENCODING 1176
SWIDTH 500 0
DWIDTH 8 0
BBX 8 16 0 -2
BITMAP 
00
00
00
00
3C
42
02
02
3C
04
02
02
42
3C
08
30
ENDCHAR
STARTCHAR U+0499
ENCODING 1177
SWIDTH 500 0
DWIDTH 8 0
BBX 8 16 0 -2
BITMAP 
00
00
00
00
00
00
3C
42
02
3C
04
02
42
3C
08
30
ENDCHAR
STARTCHAR U+049A
ENCODING 1178
SWIDTH 500 0
DWIDTH 8 0
BBX 8 16 0 -2
BITMAP 
00
00
00
00
46
48
48
50
50
60
50
48
44
42
02
02
ENDCHAR
STARTCHAR U+049B
ENCODING 1179
SWIDTH 500 0
DWIDTH 8 0
BBX 8 16 0 -2
BITMAP 
00
00
00
00
00
00
46
48
50
60
50
48
44
42
02
02
ENDCHAR
STARTCHAR U+049C
ENCODING 1180
SWIDTH 500 0
DWIDTH 8 0
BBX 8 16 0 -2
BITMAP 
00
00
00
00
43
44
54
54
78
54
54
54
42
41
00
00
ENDCHAR
STARTCHAR U+049D
ENCODING 1181
SWIDTH 500 0
DWIDTH 8 0
BBX 8 16 0 -2
BITMAP 
00
00
00
00
00
00
43
54
54
78
54
54
42
41
00
00
ENDCHAR
STARTCHAR U+049E
ENCODING 1182
SWIDTH 500 0
DWIDTH 8 0
BBX 8 16 0 -2
BITMAP 
00
00
00
00
23
74
24
28
28
30
28
24
22
21
00
00
ENDCHAR
STARTCHAR U+049F
ENCODING 1183
SWIDTH 500 0
DWIDTH 8 0
BBX 8 16 0 -2
BITMAP 
00
00
00
00
00
00
23
74
28
30
28
24
22
21
00
00
ENDCHAR
STARTCHAR U+04A0
ENCODING 1184
SWIDTH 500 0
DWIDTH 8 0
BBX 8 16 0 -2
BITMAP 
00
00
00
00
E3
24
24
28
28
30
28
24
22
21
00
00
ENDCHAR
STARTCHAR U+04A1
ENCODING 1185
SWIDTH 500 0
DWIDTH 8 0
BBX 8 16 0 -2
BITMAP 
00
00
00
00
00
00
E3
24
28
30
28
24
22
21
00
00
ENDCHAR
STARTCHAR U+04A2
ENCODING 1186
SWIDTH 500 0
DWIDTH 8 0
BBX 8 16 0 -2
BITMAP 
00
00
00
00
42
42
42
42
7E
42
42
42
42
43
01
01
ENDCHAR
STARTCHAR U+04A3
ENCODING 1187
SWIDTH 500 0
DWIDTH 8 0
BBX 8 16 0 -2
BITMAP 
00
00
00
00
00
00
42
42
42
7E
42
42
42
43
01
01
ENDCHAR
STARTCHAR U+04A4
ENCODING 1188
SWIDTH 500 0
DWIDTH 8 0
BBX 8 16 0 -2
BITMAP 
00
00
00
00
47
44
44
44
7C
44
44
44
44
44
00
00
ENDCHAR
STARTCHAR U+04A5
ENCODING 1189
SWIDTH 500 0
DWIDTH 8 0
BBX 8 16 0 -2
BITMAP 
00
00
00
00
00
00
47
44
44
7C
44
44
44
44
00
00
ENDCHAR
STARTCHAR U+04A6
ENCODING 1190
SWIDTH 500 0
DWIDTH 8 0
BBX 8 16 0 -2
BITMAP 
00
00
00
00
78
48
48
48
48
4E
49
49
49
49
01
06
ENDCHAR
STARTCHAR U+04A7
ENCODING 1191
SWIDTH 500 0
DWIDTH 8 0
BBX 8 16 0 -2
BITMAP 
00
00
00
00
00
00
78
48
48
48
4E
49
49
49
01
06
ENDCHAR
STARTCHAR U+04A8
ENCODING 1192
SWIDTH 500 0
DWIDTH 8 0
BBX 8 16 0 -2
BITMAP 
00
00
00
20
4C
52
52
52
52
52
52
52
2C
18
06
00
ENDCHAR
STARTCHAR U+04A9
ENCODING 1193
SWIDTH 500 0
DWIDTH 8 0
BBX 8 16 0 -2
BITMAP 
00
00
00
00
00
00
20
4C
52
52
52
52
2C
18
06
00
ENDCHAR
STARTCHAR U+04AA
ENCODING 1194
SWIDTH 500 0
DWIDTH 8 0
BBX 8 16 0 -2
BITMAP 
00
00
00
00
3C
42
42
40
40
40
40
42
42
3C
08
30
ENDCHAR
STARTCHAR U+04AB
ENCODING 1195
SWIDTH 500 0
DWIDTH 8 0
BBX 8 16 0 -2
BITMAP 
00
00
00
00
00
00
3C
42
42
40
40
42
42
3C
08
30
ENDCHAR
STARTCHAR U+04AC
ENCODING 1196
SWIDTH 500 0
DWIDTH 8 0
BBX 8 16 0 -2
BITMAP 
00
00
00
00
7F
08
08
08
08
08
08
08
08
0C
04
04
ENDCHAR
STARTCHAR U+04AD
ENCODING 1197
SWIDTH 500 0
DWIDTH 8 0
BBX 8 16 0 -2
BITMAP 
00
00
00
00
00
00
7F
08
08
08
08
08
08
0C
04
04
ENDCHAR
STARTCHAR U+04AE
ENCODING 1198
SWIDTH 500 0
DWIDTH 8 0
BBX 8 16 0 -2
BITMAP 
00
00
00
00
41
41
22
22
14
08
08
08
08
08
00
00
ENDCHAR
STARTCHAR U+04AF
ENCODING 1199
SWIDTH 500 0
DWIDTH 8 0
BBX 8 16 0 -2
BITMAP 
00
00
00
00
00
00
22
22
22
14
14
08
08
08
08
08
ENDCHAR
STARTCHAR U+04B0
ENCODING 1200
SWIDTH 500 0
DWIDTH 8 0
BBX 8 16 0 -2
BITMAP 
00
00
00
00
41
41
22
22
14
08
08
3E
08
08
00
00
ENDCHAR
STARTCHAR U+04B1
ENCODING 1201
SWIDTH 500 0
DWIDTH 8 0
BBX 8 16 0 -2
BITMAP 
00
00
00
00
00
00
22
22
22
14
14
08
3E
08
08
08
ENDCHAR
STARTCHAR U+04B2
ENCODING 1202
SWIDTH 500 0
DWIDTH 8 0
BBX 8 16 0 -2
BITMAP 
00
00
00
00
42
42
24
24
18
18
24
24
42
43
01
01
ENDCHAR
STARTCHAR U+04B3
ENCODING 1203
SWIDTH 500 0
DWIDTH 8 0
BBX 8 16 0 -2
BITMAP 
00
00
00
00
00
00
42
42
24
18
18
24
42
43
01
01
ENDCHAR
STARTCHAR U+04B4
ENCODING 1204
SWIDTH 500 0
DWIDTH 8 0
BBX 8 16 0 -2
BITMAP 
00
00
00
00
FA
22
22
22
22
22
22
22
22
3F
01
01
ENDCHAR
STARTCHAR U+04B5
ENCODING 1205
SWIDTH 500 0
DWIDTH 8 0
BBX 8 16 0 -2
BITMAP 
00
00
00
00
00
00
FA
22
22
22
22
22
22
3F
01
01
ENDCHAR
STARTCHAR U+04B6
ENCODING 1206
SWIDTH 500 0
DWIDTH 8 0
BBX 8 16 0 -2
BITMAP 
00
00
00
00
42
42
42
42
42
46
3A
02
02
03
01
01
ENDCHAR
STARTCHAR U+04B7
ENCODING 1207
SWIDTH 500 0
DWIDTH 8 0
BBX 8 16 0 -2
BITMAP 
00
00
00
00
00
00
42
42
42
42
46
3A
02
03
01
01
ENDCHAR
STARTCHAR U+04B8
ENCODING 1208
SWIDTH 500 0
DWIDTH 8 0
BBX 8 16 0 -2
BITMAP 
00
00
00
00
42
42
42
42
52
56
3A
12
12
02
00
00
ENDCHAR
STARTCHAR U+04B9
ENCODING 1209
SWIDTH 500 0
DWIDTH 8 0
BBX 8 16 0 -2
BITMAP 
00
00
00
00
00
00
42
42
42
52
56
3A
12
02
00
00
ENDCHAR
STARTCHAR U+04BA
ENCODING 1210
SWIDTH 500 0
DWIDTH 8 0
BBX 8 16 0 -2
BITMAP 
00
00
00
00
40
40
40
5C
62
42
42
42
42
42
00
00
ENDCHAR
STARTCHAR U+04BB
ENCODING 1211
SWIDTH 500 0
DWIDTH 8 0
BBX 8 16 0 -2
BITMAP 
00
00
00
00
00
00
40
40
5C
62
42
42
42
42
00
00
ENDCHAR
STARTCHAR U+04BC
ENCODING 1212
SWIDTH 500 0
DWIDTH 8 0
BBX 8 16 0 -2
BITMAP 
00
00
00
00
4C
52
52
52
3E
10
10
12
12
0C
00
00
ENDCHAR
STARTCHAR U+04BD
ENCODING 1213
SWIDTH 500 0
DWIDTH 8 0
BBX 8 16 0 -2
BITMAP 
00
00
00
00
00
00
4C
52
52
3E
10
10
12
0C
00
00
ENDCHAR
STARTCHAR U+04BE
ENCODING 1214
SWIDTH 500 0
DWIDTH 8 0
BBX 8 16 0 -2
BITMAP 
00
00
00
00
4C
52
52
52
3E
10
10
12
12
0C
08
08
ENDCHAR
STARTCHAR U+04BF
ENCODING 1215
SWIDTH 500 0
DWIDTH 8 0
BBX 8 16 0 -2
BITMAP 
00
00
00
00
00
00
4C
52
52
3E
10
10
12
0C
08
08
ENDCHAR
STARTCHAR U+04C0
ENCODING 1216
SWIDTH 500 0
DWIDTH 8 0
BBX 8 16 0 -2
BITMAP 
00
00
00
00
3E
08
08
08
08
08
08
08
08
3E
00
00
ENDCHAR
STARTCHAR U+04C1
ENCODING 1217
SWIDTH 500 0
DWIDTH 8 0
BBX 8 16 0 -2
BITMAP 
41
41
3E
00
49
49
2A
2A
1C
1C
2A
2A
49
49
00
00
ENDCHAR
STARTCHAR U+04C2
ENCODING 1218
SWIDTH 500 0
DWIDTH 8 0
BBX 8 16 0 -2
BITMAP 
00
22
22
1C
00
00
49
49
2A
1C
1C
2A
49
49
00
00
ENDCHAR
STARTCHAR U+04C3
ENCODING 1219
SWIDTH 500 0
DWIDTH 8 0
BBX 8 16 0 -2
BITMAP 
00
00
00
00
46
48
48
50
60
7C
42
42
42
42
02
0C
ENDCHAR
STARTCHAR U+04C4
ENCODING 1220
SWIDTH 500 0
DWIDTH 8 0
BBX 8 16 0 -2
BITMAP 
00
00
00
00
00
00
46
48
50
60
7C
42
42
42
02
0C
ENDCHAR
STARTCHAR U+04C5
ENCODING 1221
SWIDTH 500 0
DWIDTH 8 0
BBX 8 16 0 -2
BITMAP 
00
00
00
00
1E
12
12
12
12
12
12
22
22
43
02
04
ENDCHAR
STARTCHAR U+04C6
ENCODING 1222
SWIDTH 500 0
DWIDTH 8 0
BBX 8 16 0 -2
BITMAP 
00
00
00
00
00
00
1E
12
12
12
12
22
22
43
02
04
ENDCHAR
STARTCHAR U+04C7
ENCODING 1223
SWIDTH 500 0
DWIDTH 8 0
BBX 8 16 0 -2
BITMAP 
00
00
00
00
42
42
42
42
7E
42
42
42
42
42
02
0C
ENDCHAR
STARTCHAR U+04C8
ENCODING 1224
SWIDTH 500 0
DWIDTH 8 0
BBX 8 16 0 -2
BITMAP 
00
00
00
00
00
00
42
42
42
7E
42
42
42
42
02
0C
ENDCHAR
STARTCHAR U+04C9
ENCODING 1225
SWIDTH 500 0
DWIDTH 8 0
BBX 8 16 0 -2
BITMAP 
00
00
00
00
42
42
42
42
7E
42
42
42
42
43
02
04
ENDCHAR
STARTCHAR U+04CA
ENCODING 1226
SWIDTH 500 0
DWIDTH 8 0
BBX 8 16 0 -2
BITMAP 
00
00
00
00
00
00
42
42
42
7E
42
42
42
43
02
04
ENDCHAR
STARTCHAR U+04CB
ENCODING 1227
SWIDTH 500 0
DWIDTH 8 0
BBX 8 16 0 -2
BITMAP 
00
00
00
00
42
42
42
42
42
46
3A
02
02
06
04
04
ENDCHAR
STARTCHAR U+04CC
ENCODING 1228
SWIDTH 500 0
DWIDTH 8 0
BBX 8 16 0 -2
BITMAP 
00
00
00
00
00
00
42
42
42
42
46
3A
02
06
04
04
ENDCHAR
STARTCHAR U+04CD
ENCODING 1229
SWIDTH 500 0
DWIDTH 8 0
BBX 8 16 0 -2
BITMAP 
00
00
00
00
42
42
66
66
5A
5A
42
42
42
43
02
04
ENDCHAR
STARTCHAR U+04CE
ENCODING 1230
SWIDTH 500 0
DWIDTH 8 0
BBX 8 16 0 -2
BITMAP 
00
00
00
00
00
00
42
66
66
5A
5A
42
42
43
02
04
ENDCHAR
STARTCHAR U+04CF
ENCODING 1231
SWIDTH 500 0
DWIDTH 8 0
BBX 8 16 0 -2
BITMAP 
00
00
00
00
1C
08
08
08
08
08
08
08
08
1C
00
00
ENDCHAR
STARTCHAR U+04D0
ENCODING 1232
SWIDTH 500 0
DWIDTH 8 0
BBX 8 16 0 -2
BITMAP 
42
42
3C
00
18
24
24
42
42
7E
42
42
42
42
00
00
ENDCHAR
STARTCHAR U+04D1
ENCODING 1233
SWIDTH 500 0
DWIDTH 8 0
BBX 8 16 0 -2
BITMAP 
00
42
42
3C
00
00
3C
42
02
3E
42
42
46
3A
00
00
ENDCHAR
STARTCHAR U+04D2
ENCODING 1234
SWIDTH 500 0
DWIDTH 8 0
BBX 8 16 0 -2
BITMAP 
24
24
00
00
18
24
24
42
42
7E
42
42
42
42
00
00
ENDCHAR
STARTCHAR U+04D3
ENCODING 1235
SWIDTH 500 0
DWIDTH 8 0
BBX 8 16 0 -2
BITMAP 
00
00
24
24
00
00
3C
42
02
3E
42
42
46
3A
00
00
ENDCHAR
STARTCHAR U+04D4
ENCODING 1236
SWIDTH 500 0
DWIDTH 8 0
BBX 8 16 0 -2
BITMAP 
00
00
00
00
1F
28
48
48
7F
48
48
48
48
4F
00
00
ENDCHAR
STARTCHAR U+04D5
ENCODING 1237
SWIDTH 500 0
DWIDTH 8 0
BBX 8 16 0 -2
BITMAP 
00
00
00
00
00
00
3E
49
09
3F
48
48
49
3E
00
00
ENDCHAR
STARTCHAR U+04D6
ENCODING 1238
SWIDTH 500 0
DWIDTH 8 0
BBX 8 16 0 -2
BITMAP 
42
42
3C
00
7E
40
40
40
7C
40
40
40
40
7E
00
00
ENDCHAR
STARTCHAR U+04D7
ENCODING 1239
SWIDTH 500 0
DWIDTH 8 0
BBX 8 16 0 -2
BITMAP 
00
00
42
42
3C
00
3C
42
42
7E
40
40
42
3C
00
00
ENDCHAR
STARTCHAR U+04D8
ENCODING 1240
SWIDTH 500 0
DWIDTH 8 0
BBX 8 16 0 -2
BITMAP 
00
00
00
00
18
24
42
02
02
7E
42
42
24
18
00
00
ENDCHAR
STARTCHAR U+04D9
ENCODING 1241
SWIDTH 500 0
DWIDTH 8 0
BBX 8 16 0 -2
BITMAP 
00
00
00
00
00
00
3C
42
02
02
7E
42
42
3C
00
00
ENDCHAR
STARTCHAR U+04DA
ENCODING 1242
SWIDTH 500 0
DWIDTH 8 0
BBX 8 16 0 -2
BITMAP 
24
24
00
00
18
24
42
02
02
7E
42
42
24
18
00
00
ENDCHAR
STARTCHAR U+04DB
ENCODING 1243
SWIDTH 500 0
DWIDTH 8 0
BBX 8 16 0 -2
BITMAP 
00
00
24
24
00
00
3C
42
02
02
7E
42
42
3C
00
00
ENDCHAR
STARTCHAR U+04DC
ENCODING 1244
SWIDTH 500 0
DWIDTH 8 0
BBX 8 16 0 -2
BITMAP 
24
24
00
00
49
49
2A
2A
1C
1C
2A
2A
49
49
00
00
ENDCHAR
STARTCHAR U+04DD
ENCODING 1245
SWIDTH 500 0
DWIDTH 8 0
BBX 8 16 0 -2
BITMAP 
00
00
24
24
00
00
49
49
2A
1C
1C
2A
49
49
00
00
ENDCHAR
STARTCHAR U+04DE
ENCODING 1246
SWIDTH 500 0
DWIDTH 8 0
BBX 8 16 0 -2
BITMAP 
24
24
00
00
3C
42
02
02
3C
04
02
02
42
3C
00
00
ENDCHAR
STARTCHAR U+04DF
ENCODING 1247
SWIDTH 500 0
DWIDTH 8 0
BBX 8 16 0 -2
BITMAP 
00
00
24
24
00
00
3C
42
02
3C
04
02
42
3C
00
00
ENDCHAR
STARTCHAR U+04E0
ENCODING 1248
SWIDTH 500 0
DWIDTH 8 0
BBX 8 16 0 -2
BITMAP 
00
00
00
00
7E
04
08
10
1C
02
02
02
46
3C
00
00
ENDCHAR
STARTCHAR U+04E1
ENCODING 1249
SWIDTH 500 0
DWIDTH 8 0
BBX 8 16 0 -2
BITMAP 
00
00
00
00
00
00
3E
04
08
10
1C
02
02
02
42
3C
ENDCHAR
STARTCHAR U+04E2
ENCODING 1250
SWIDTH 500 0
DWIDTH 8 0
BBX 8 16 0 -2
BITMAP 
00
3C
00
00
42
46
46
4A
4A
52
52
62
62
42
00
00
ENDCHAR
STARTCHAR U+04E3
ENCODING 1251
SWIDTH 500 0
DWIDTH 8 0
BBX 8 16 0 -2
BITMAP 
00
00
00
3C
00
00
46
46
4A
4A
52
52
62
62
00
00
ENDCHAR
STARTCHAR U+04E4
ENCODING 1252
SWIDTH 500 0
DWIDTH 8 0
BBX 8 16 0 -2
BITMAP 
24
24
00
00
42
46
46
4A
4A
52
52
62
62
42
00
00
ENDCHAR
STARTCHAR U+04E5
ENCODING 1253
SWIDTH 500 0
DWIDTH 8 0
BBX 8 16 0 -2
BITMAP 
00
00
24
24
00
00
46
46
4A
4A
52
52
62
62
00
00
ENDCHAR
STARTCHAR U+04E6
ENCODING 1254
SWIDTH 500 0
DWIDTH 8 0
BBX 8 16 0 -2
BITMAP 
24
24
00
00
3C
42
42
42
42
42
42
42
42
3C
00
00
ENDCHAR
STARTCHAR U+04E7
ENCODING 1255
SWIDTH 500 0
DWIDTH 8 0
BBX 8 16 0 -2
BITMAP 
00
00
24
24
00
00
3C
42
42
42
42
42
42
3C
00
00
ENDCHAR
STARTCHAR U+04E8
ENCODING 1256
SWIDTH 500 0
DWIDTH 8 0
BBX 8 16 0 -2
BITMAP 
00
00
00
00
3C
42
42
42
7E
42
42
42
42
3C
00
00
ENDCHAR
STARTCHAR U+04E9
ENCODING 1257
SWIDTH 500 0
DWIDTH 8 0
BBX 8 16 0 -2
BITMAP 
00
00
00
00
00
00
3C
42
42
7E
42
42
42
3C
00
00
ENDCHAR
STARTCHAR U+04EA
ENCODING 1258
SWIDTH 500 0
DWIDTH 8 0
BBX 8 16 0 -2
BITMAP 
24
24
00
00
3C
42
42
42
7E
42
42
42
42
3C
00
00
ENDCHAR
STARTCHAR U+04EB
ENCODING 1259
SWIDTH 500 0
DWIDTH 8 0
BBX 8 16 0 -2
BITMAP 
00
00
24
24
00
00
3C
42
42
7E
42
42
42
3C
00
00
ENDCHAR
STARTCHAR U+04EC
ENCODING 1260
SWIDTH 500 0
DWIDTH 8 0
BBX 8 16 0 -2
BITMAP 
00
00
24
00
3C
42
02
02
3E
02
02
02
42
3C
00
00
ENDCHAR
STARTCHAR U+04ED
ENCODING 1261
SWIDTH 500 0
DWIDTH 8 0
BBX 8 16 0 -2
BITMAP 
00
00
00
00
24
00
3C
42
02
1E
02
02
42
3C
00
00
ENDCHAR
STARTCHAR U+04EE
ENCODING 1262
SWIDTH 500 0
DWIDTH 8 0
BBX 8 16 0 -2
BITMAP 
00
3E
00
00
41
41
22
22
14
14
08
08
10
30
00
00
ENDCHAR
STARTCHAR U+04EF
ENCODING 1263
SWIDTH 500 0
DWIDTH 8 0
BBX 8 16 0 -2
BITMAP 
00
00
00
3C
00
00
42
42
24
24
18
18
10
10
20
60
ENDCHAR
STARTCHAR U+04F0
ENCODING 1264
SWIDTH 500 0
DWIDTH 8 0
BBX 8 16 0 -2
BITMAP 
24
24
00
00
41
41
22
22
14
14
08
08
10
30
00
00
ENDCHAR
STARTCHAR U+04F1
ENCODING 1265
SWIDTH 500 0
DWIDTH 8 0
BBX 8 16 0 -2
BITMAP 
00
00
24
24
00
00
42
42
24
24
18
18
10
10
20
60
ENDCHAR
STARTCHAR U+04F2
ENCODING 1266
SWIDTH 500 0
DWIDTH 8 0
BBX 8 16 0 -2
BITMAP 
33
44
00
00
41
41
22
22
14
14
08
08
10
30
00
00
ENDCHAR
STARTCHAR U+04F3
ENCODING 1267
SWIDTH 500 0
DWIDTH 8 0
BBX 8 16 0 -2
BITMAP 
00
00
33
44
00
00
42
42
24
24
18
18
10
10
20
60
ENDCHAR
STARTCHAR U+04F4
ENCODING 1268
SWIDTH 500 0
DWIDTH 8 0
BBX 8 16 0 -2
BITMAP 
24
24
00
00
42
42
42
42
42
46
3A
02
02
02
00
00
ENDCHAR
STARTCHAR U+04F5
ENCODING 1269
SWIDTH 500 0
DWIDTH 8 0
BBX 8 16 0 -2
BITMAP 
00
00
24
24
00
00
42
42
42
42
46
3A
02
02
00
00
ENDCHAR
STARTCHAR U+04F6
ENCODING 1270
SWIDTH 500 0
DWIDTH 8 0
BBX 8 16 0 -2
BITMAP 
00
00
00
00
7E
40
40
40
40
40
40
40
40
60
20
20
ENDCHAR
STARTCHAR U+04F7
ENCODING 1271
SWIDTH 500 0
DWIDTH 8 0
BBX 8 16 0 -2
BITMAP 
00
00
00
00
00
00
7E
40
40
40
40
40
40
60
20
20
ENDCHAR
STARTCHAR U+04F8
ENCODING 1272
SWIDTH 500 0
DWIDTH 8 0
BBX 8 16 0 -2
BITMAP 
24
24
00
00
42
42
42
42
72
4A
4A
4A
4A
72
00
00
ENDCHAR
STARTCHAR U+04F9
ENCODING 1273
SWIDTH 500 0
DWIDTH 8 0
BBX 8 16 0 -2
BITMAP 
00
00
24
24
00
00
42
42
42
72
4A
4A
4A
72
00
00
ENDCHAR
STARTCHAR U+04FA
ENCODING 1274
SWIDTH 500 0
DWIDTH 8 0
BBX 8 16 0 -2
BITMAP 
00
00
00
00
1F
10
10
10
10
7C
10
10
10
18
08
18
ENDCHAR
STARTCHAR U+04FB
ENCODING 1275
SWIDTH 500 0
DWIDTH 8 0
BBX 8 16 0 -2
BITMAP 
00
00
00
00
00
00
1F
10
10
7C
10
10
10
18
08
18
ENDCHAR
STARTCHAR U+04FC
ENCODING 1276
SWIDTH 500 0
DWIDTH 8 0
BBX 8 16 0 -2
BITMAP 
00
00
00
00
42
42
24
24
18
18
24
24
42
42
02
04
ENDCHAR
STARTCHAR U+04FD
ENCODING 1277
SWIDTH 500 0
DWIDTH 8 0
BBX 8 16 0 -2
BITMAP 
00
00
00
00
00
00
42
42
24
18
18
24
42
42
02
04
ENDCHAR
STARTCHAR U+04FE
ENCODING 1278
SWIDTH 500 0
DWIDTH 8 0
BBX 8 16 0 -2
BITMAP 
00
00
00
00
42
42
24
24
18
7E
24
24
42
42
00
00
ENDCHAR
STARTCHAR U+04FF
ENCODING 1279
SWIDTH 500 0
DWIDTH 8 0
BBX 8 16 0 -2
BITMAP 
00
00
00
00
00
00
42
42
24
18
7E
24
42
42
00
00
ENDCHAR
STARTCHAR U+0026
ENCODING 38
SWIDTH 500 0
DWIDTH 8 0
BBX 8 16 0 -2
BITMAP 
00
00
00
00
1C
22
22
14
18
29
45
42
46
39
00
00
ENDCHAR
STARTCHAR U+0028
ENCODING 40
SWIDTH 500 0
DWIDTH 8 0
BBX 8 16 0 -2
BITMAP 
00
00
00
04
08
08
10
10
10
10
10
10
08
08
04
00
ENDCHAR
STARTCHAR U+0029
ENCODING 41
SWIDTH 500 0
DWIDTH 8 0
BBX 8 16 0 -2
BITMAP 
00
00
00
20
10
10
08
08
08
08
08
08
10
10
20
00
ENDCHAR
STARTCHAR U+002A
ENCODING 42
SWIDTH 500 0
DWIDTH 8 0
BBX 8 16 0 -2
BITMAP 
00
00
00
00
00
00
08
49
2A
1C
2A
49
08
00
00
00
ENDCHAR
STARTCHAR U+003B
ENCODING 59
SWIDTH 500 0
DWIDTH 8 0
BBX 8 16 0 -2
BITMAP 
00
00
00
00
00
00
18
18
00
00
00
18
08
08
10
00
ENDCHAR
STARTCHAR U+003E
ENCODING 62
SWIDTH 500 0
DWIDTH 8 0
BBX 8 16 0 -2
BITMAP 
00
00
00
00
00
40
20
10
08
04
08
10
20
40
00
00
ENDCHAR
STARTCHAR U+0040
ENCODING 64
SWIDTH 500 0
DWIDTH 8 0
BBX 8 16 0 -2
BITMAP 
00
00
00
00
1C
22
4A
56
52
52
52
4E
20
1E
00
00
ENDCHAR
STARTCHAR U+005B
ENCODING 91
SWIDTH 500 0
DWIDTH 8 0
BBX 8 16 0 -2
BITMAP 
00
00
00
0E
08
08
08
08
08
08
08
08
08
08
0E
00
ENDCHAR
STARTCHAR U+005C
ENCODING 92
SWIDTH 500 0
DWIDTH 8 0
BBX 8 16 0 -2
BITMAP 
00
00
00
00
40
40
20
10
10
08
08
04
02
02
00
00
ENDCHAR
STARTCHAR U+005D
ENCODING 93
SWIDTH 500 0
DWIDTH 8 0
BBX 8 16 0 -2
BITMAP 
00
00
00
70
10
10
10
10
10
10
10
10
10
10
70
00
ENDCHAR
STARTCHAR U+005E
ENCODING 94
SWIDTH 500 0
DWIDTH 8 0
BBX 8 16 0 -2
BITMAP 
00
00
18
24
42
00
00
00
00
00
00
00
00
00
00
00
ENDCHAR
STARTCHAR U+005F
ENCODING 95
SWIDTH 500 0
DWIDTH 8 0
BBX 8 16 0 -2
BITMAP 
00
00
00
00
00
00
00
00
00
00
00
00
00
00
7F
00
ENDCHAR
STARTCHAR U+0060
ENCODING 96
SWIDTH 500 0
DWIDTH 8 0
BBX 8 16 0 -2
BITMAP 
00
20
10
08
00
00
00
00
00
00
00
00
00
00
00
00
ENDCHAR
STARTCHAR U+007B
ENCODING 123
SWIDTH 500 0
DWIDTH 8 0
BBX 8 16 0 -2
BITMAP 
00
00
00
0C
10
10
08
08
10
20
10
08
08
10
10
0C
ENDCHAR
STARTCHAR U+007C
ENCODING 124
SWIDTH 500 0
DWIDTH 8 0
BBX 8 16 0 -2
BITMAP 
00
00
08
08
08
08
08
08
08
08
08
08
08
08
08
08
ENDCHAR
STARTCHAR U+007D
ENCODING 125
SWIDTH 500 0
DWIDTH 8 0
BBX 8 16 0 -2
BITMAP 
00
00
00
30
08
08
10
10
08
04
08
10
10
08
08
30
ENDCHAR
STARTCHAR U+007E
ENCODING 126
SWIDTH 500 0
DWIDTH 8 0
BBX 8 16 0 -2
BITMAP 
00
00
00
31
49
46
00
00
00
00
00
00
00
00
00
00
ENDCHAR
ENDFONT
